date,ticker,daily_return
2007-01-04,EEM,-0.01380931
2007-01-04,GLD,-0.01011556
2007-01-04,SPY,0.00212247
2007-01-04,TLT,0.00606454
2007-01-05,EEM,-0.02923831
2007-01-05,GLD,-0.02400654
2007-01-05,SPY,-0.00797616
2007-01-05,TLT,-0.00435309
2007-01-08,EEM,0.00725757
2007-01-08,GLD,0.00515209
2007-01-08,SPY,0.004625
2007-01-08,TLT,0.00179322
2007-01-09,EEM,-0.02233604
2007-01-09,GLD,0.00611771
2007-01-09,SPY,-0.00085001
2007-01-09,TLT,0.0
2007-01-10,EEM,-0.00230326
2007-01-10,GLD,-0.00427277
2007-01-10,SPY,0.00333168
2007-01-10,TLT,-0.00447543
2007-01-11,EEM,0.01265
2007-01-11,GLD,0.00066019
2007-01-11,SPY,0.00438046
2007-01-11,TLT,-0.00584501
2007-01-12,EEM,0.02033406
2007-01-12,GLD,0.02539992
2007-01-12,SPY,0.00759695
2007-01-12,TLT,-0.00463531
2007-01-16,EEM,0.00357436
2007-01-16,GLD,-0.00321694
2007-01-16,SPY,-0.00195451
2007-01-16,TLT,0.00215806
2007-01-17,EEM,-0.00418509
2007-01-17,GLD,0.01081165
2007-01-17,SPY,0.00041974
2007-01-17,TLT,-0.00306015
2007-01-18,EEM,-0.01055186
2007-01-18,GLD,-0.00606643
2007-01-18,SPY,-0.00335653
2007-01-18,TLT,0.00306954
2007-01-19,EEM,0.01798472
2007-01-19,GLD,0.01188567
2007-01-19,SPY,0.00196488
2007-01-19,TLT,-0.00272052
2007-01-22,EEM,-0.00115413
2007-01-22,GLD,-0.00444443
2007-01-22,SPY,-0.0030812
2007-01-22,TLT,0.00238738
2007-01-23,EEM,0.0227537
2007-01-23,GLD,0.02407529
2007-01-23,SPY,0.00295016
2007-01-23,TLT,-0.00657674
2007-01-24,EEM,0.00869029
2007-01-24,GLD,0.00155688
2007-01-24,SPY,0.00805281
2007-01-24,TLT,-0.00011424
2007-01-25,EEM,-0.0307574
2007-01-25,GLD,-0.00419717
2007-01-25,SPY,-0.0117401
2007-01-25,TLT,-0.00719037
2007-01-26,EEM,0.00613343
2007-01-26,GLD,0.00171715
2007-01-26,SPY,-0.00091388
2007-01-26,TLT,-0.00080452
2007-01-29,EEM,-0.01325225
2007-01-29,GLD,-0.00623341
2007-01-29,SPY,-0.00056285
2007-01-29,TLT,-0.00218661
2007-01-30,EEM,0.01548936
2007-01-30,GLD,0.00705662
2007-01-30,SPY,0.00520929
2007-01-30,TLT,0.00115305
2007-01-31,EEM,0.00775862
2007-01-31,GLD,0.00949861
2007-01-31,SPY,0.00672333
2007-01-31,TLT,0.00840858
2007-02-01,EEM,0.01224867
2007-02-01,GLD,0.00601572
2007-02-01,SPY,0.00598263
2007-02-01,TLT,-0.00120463
2007-02-02,EEM,-0.00302537
2007-02-02,GLD,-0.01441279
2007-02-02,SPY,0.00138295
2007-02-02,TLT,0.00126316
2007-02-05,EEM,0.00095399
2007-02-05,GLD,0.00046669
2007-02-05,SPY,0.00027618
2007-02-05,TLT,0.00137557
2007-02-06,EEM,0.0098735
2007-02-06,GLD,0.0074639
2007-02-06,SPY,0.00027663
2007-02-06,TLT,0.00549796
2007-02-07,EEM,-0.00385943
2007-02-07,GLD,-0.00246957
2007-02-07,SPY,0.00220828
2007-02-07,TLT,0.00296112
2007-02-08,EEM,-0.00533819
2007-02-08,GLD,0.01377069
2007-02-08,SPY,-0.00130832
2007-02-08,TLT,0.00079512
2007-02-09,EEM,-0.0119444
2007-02-09,GLD,0.0091576
2007-02-09,SPY,-0.00744743
2007-02-09,TLT,-0.00567358
2007-02-12,EEM,-0.00683319
2007-02-12,GLD,-0.00680588
2007-02-12,SPY,-0.00340414
2007-02-12,TLT,-0.00228201
2007-02-13,EEM,0.01587709
2007-02-13,GLD,0.00258867
2007-02-13,SPY,0.00843486
2007-02-13,TLT,-0.00217353
2007-02-14,EEM,0.02153342
2007-02-14,GLD,0.00804992
2007-02-14,SPY,0.00656778
2007-02-14,TLT,0.0095141
2007-02-15,EEM,0.00059474
2007-02-15,GLD,0.0006027
2007-02-15,SPY,0.00130458
2007-02-15,TLT,0.00295268
2007-02-16,EEM,0.00229383
2007-02-16,GLD,-0.00075294
2007-02-16,SPY,-0.00048042
2007-02-16,TLT,0.00350855
2007-02-20,EEM,0.00262733
2007-02-20,GLD,-0.01582283
2007-02-20,SPY,0.00212696
2007-02-20,TLT,0.00225649
2007-02-21,EEM,0.00295859
2007-02-21,GLD,0.03123566
2007-02-21,SPY,-0.00041037
2007-02-21,TLT,-0.0016885
2007-02-22,EEM,-0.00252871
2007-02-22,GLD,-0.00296952
2007-02-22,SPY,-0.00075394
2007-02-22,TLT,-0.00541239
2007-02-23,EEM,-0.00718156
2007-02-23,GLD,0.00848845
2007-02-23,SPY,-0.00390744
2007-02-23,TLT,0.0071424
2007-02-26,EEM,-0.00042571
2007-02-26,GLD,0.0056113
2007-02-26,SPY,-0.00089468
2007-02-26,TLT,0.00664177
2007-02-27,EEM,-0.08131139
2007-02-27,GLD,-0.03950066
2007-02-27,SPY,-0.03905783
2007-02-27,TLT,0.01263551
2007-02-28,EEM,0.02502337
2007-02-28,GLD,0.01635835
2007-02-28,SPY,0.01025124
2007-02-28,TLT,-0.00452714
2007-03-01,EEM,-0.01437647
2007-03-01,GLD,-0.00992785
2007-03-01,SPY,-0.00298059
2007-03-01,TLT,-0.00063489
2007-03-02,EEM,-0.00926483
2007-03-02,GLD,-0.03205713
2007-03-02,SPY,-0.01309467
2007-03-02,TLT,0.00501349
2007-03-02,UUP,-0.00040051
2007-03-05,EEM,-0.02564808
2007-03-05,GLD,-0.01224296
2007-03-05,SPY,-0.00951914
2007-03-05,TLT,0.00166304
2007-03-05,UUP,0.0064103
2007-03-06,EEM,0.04390365
2007-03-06,GLD,0.01938664
2007-03-06,SPY,0.01710943
2007-03-06,TLT,-0.00298845
2007-03-06,UUP,-0.00079606
2007-03-07,EEM,-0.00609947
2007-03-07,GLD,0.00233829
2007-03-07,SPY,-0.00100202
2007-03-07,TLT,0.00388543
2007-03-07,UUP,-0.00398419
2007-03-08,EEM,0.02582912
2007-03-08,GLD,0.00279938
2007-03-08,SPY,0.0084551
2007-03-08,TLT,-0.00088459
2007-03-08,UUP,0.00480001
2007-03-09,EEM,0.00178562
2007-03-09,GLD,-0.00356705
2007-03-09,SPY,0.00028432
2007-03-09,TLT,-0.01051484
2007-03-09,UUP,0.00159239
2007-03-12,EEM,0.00490204
2007-03-12,GLD,0.00186775
2007-03-12,SPY,0.00149181
2007-03-12,TLT,0.00391553
2007-03-12,UUP,-0.00317972
2007-03-13,EEM,-0.02909089
2007-03-13,GLD,-0.01009789
2007-03-13,SPY,-0.01943442
2007-03-13,TLT,0.00601661
2007-03-13,UUP,-0.00239226
2007-03-14,EEM,0.00822144
2007-03-14,GLD,0.00345256
2007-03-14,SPY,0.00744999
2007-03-14,TLT,-0.00454127
2007-03-14,UUP,-0.00239818
2007-03-15,EEM,0.00815433
2007-03-15,GLD,0.0006256
2007-03-15,SPY,0.00136466
2007-03-15,TLT,-0.00011144
2007-03-15,UUP,0.0
2007-03-16,EEM,-0.00853799
2007-03-16,GLD,0.01000318
2007-03-16,SPY,-0.00280032
2007-03-16,TLT,-0.00022274
2007-03-16,UUP,-0.00360578
2007-03-19,EEM,0.02193673
2007-03-19,GLD,0.00185693
2007-03-19,SPY,0.01205523
2007-03-19,TLT,-0.00211392
2007-03-19,UUP,0.00522722
2007-03-20,EEM,0.00656337
2007-03-20,GLD,0.00818657
2007-03-20,SPY,0.00549236
2007-03-20,TLT,0.00055745
2007-03-20,UUP,-0.00600001
2007-03-21,EEM,0.02996152
2007-03-21,GLD,0.00842658
2007-03-21,SPY,0.01645701
2007-03-21,TLT,0.0004462
2007-03-21,UUP,-0.00281684
2007-03-22,EEM,-0.00427822
2007-03-22,GLD,-0.00091154
2007-03-22,SPY,-0.0007678
2007-03-22,TLT,-0.00791047
2007-03-22,UUP,0.0
2007-03-23,EEM,0.00463997
2007-03-23,GLD,-0.00927616
2007-03-23,SPY,0.00146725
2007-03-23,TLT,-0.00280902
2007-03-23,UUP,0.00605328
2007-03-26,EEM,-0.00059853
2007-03-26,GLD,0.01059086
2007-03-26,SPY,-0.00132539
2007-03-26,TLT,0.00123926
2007-03-26,UUP,-0.00320905
2007-03-27,EEM,-0.00445013
2007-03-27,GLD,-0.00212636
2007-03-27,SPY,-0.00237438
2007-03-27,TLT,-0.00168743
2007-03-27,UUP,-0.00040235
2007-03-28,EEM,-0.01788001
2007-03-28,GLD,0.00532734
2007-03-28,SPY,-0.00727969
2007-03-28,TLT,-0.0020283
2007-03-28,UUP,0.0
2007-03-29,EEM,0.01986838
2007-03-29,GLD,-0.00605604
2007-03-29,SPY,0.00105787
2007-03-29,TLT,-0.00135423
2007-03-29,UUP,0.00120764
2007-03-30,EEM,-0.00017173
2007-03-30,GLD,0.00137085
2007-03-30,SPY,0.00021146
2007-03-30,TLT,-0.00192281
2007-03-30,UUP,-0.0032167
2007-04-02,EEM,0.00686705
2007-04-02,GLD,0.00167327
2007-04-02,SPY,0.00112642
2007-04-02,TLT,0.00166051
2007-04-02,UUP,0.00242034
2007-04-03,EEM,0.01636847
2007-04-03,GLD,-0.00030367
2007-04-03,SPY,0.01076255
2007-04-03,TLT,-0.00124834
2007-04-03,UUP,0.00120725
2007-04-04,EEM,0.00629102
2007-04-04,GLD,0.01488676
2007-04-04,SPY,0.0011134
2007-04-04,TLT,0.00102228
2007-04-04,UUP,-0.00120579
2007-04-05,EEM,0.00091654
2007-04-05,GLD,0.00074844
2007-04-05,SPY,0.00271145
2007-04-05,TLT,-0.00374618
2007-04-05,UUP,-0.00321929
2007-04-09,EEM,0.0057464
2007-04-09,GLD,-0.00493571
2007-04-09,SPY,0.00138638
2007-04-09,TLT,-0.00660973
2007-04-09,UUP,0.00645947
2007-04-10,EEM,0.00471952
2007-04-10,GLD,0.00946949
2007-04-10,SPY,0.00117692
2007-04-10,TLT,0.00298282
2007-04-10,UUP,-0.00320905
2007-04-11,EEM,-0.00923006
2007-04-11,GLD,-0.00119121
2007-04-11,SPY,-0.00408003
2007-04-11,TLT,-0.00068602
2007-04-11,UUP,0.0
2007-04-12,EEM,0.01671936
2007-04-12,GLD,-0.00134174
2007-04-12,HYG,0.00067164
2007-04-12,SPY,0.00444421
2007-04-12,TLT,0.00022899
2007-04-12,UUP,-0.00603613
2007-04-13,EEM,0.00490874
2007-04-13,GLD,0.01268844
2007-04-13,HYG,-0.00182024
2007-04-13,SPY,0.00456227
2007-04-13,TLT,-0.00308982
2007-04-13,UUP,-0.00040498
2007-04-16,EEM,0.0118863
2007-04-16,GLD,0.00825479
2007-04-16,HYG,-0.00038345
2007-04-16,SPY,0.00949619
2007-04-16,TLT,0.00550961
2007-04-16,UUP,-0.00405026
2007-04-17,EEM,-0.00539056
2007-04-17,GLD,-0.00584798
2007-04-17,HYG,-0.00047965
2007-04-17,SPY,0.00265847
2007-04-17,TLT,0.00559342
2007-04-17,UUP,-0.00040651
2007-04-18,EEM,-0.00744225
2007-04-18,GLD,0.00558819
2007-04-18,HYG,0.00028811
2007-04-18,SPY,0.0012234
2007-04-18,TLT,0.00499518
2007-04-18,UUP,-0.0012206
2007-04-19,EEM,-0.00806832
2007-04-19,GLD,-0.01243051
2007-04-19,HYG,0.00345615
2007-04-19,SPY,-0.00027175
2007-04-19,TLT,-0.00169512
2007-04-19,UUP,0.0
2007-04-20,EEM,0.01191351
2007-04-20,GLD,0.01732561
2007-04-20,HYG,-0.00057468
2007-04-20,SPY,0.00944144
2007-04-20,TLT,-0.00260247
2007-04-20,UUP,-0.00366599
2007-04-23,EEM,-0.0039786
2007-04-23,GLD,-0.00640458
2007-04-23,HYG,0.00057501
2007-04-23,SPY,-0.00376817
2007-04-23,TLT,0.0036304
2007-04-23,UUP,0.00531475
2007-04-24,EEM,-0.00016312
2007-04-24,GLD,-0.00776441
2007-04-24,HYG,0.006888
2007-04-24,SPY,0.00040552
2007-04-24,TLT,0.00373014
2007-04-24,UUP,-0.00121992
2007-04-25,EEM,0.01239318
2007-04-25,GLD,0.00236226
2007-04-25,HYG,0.00151886
2007-04-25,SPY,0.00918144
2007-04-25,TLT,-0.00349089
2007-04-25,UUP,-0.0016286
2007-04-26,EEM,-0.00265785
2007-04-26,GLD,-0.01502425
2007-04-26,HYG,0.00180272
2007-04-26,SPY,0.00113717
2007-04-26,TLT,-0.00723178
2007-04-26,UUP,0.00407834
2007-04-27,EEM,-0.00500643
2007-04-27,GLD,0.01031845
2007-04-27,HYG,0.0
2007-04-27,SPY,-0.00080177
2007-04-27,TLT,-0.00022726
2007-04-27,UUP,-0.00324955
2007-04-30,EEM,-0.01931523
2007-04-30,GLD,-0.0069568
2007-04-30,HYG,9.416e-05
2007-04-30,SPY,-0.00829201
2007-04-30,TLT,0.01047408
2007-04-30,UUP,-0.00203746
2007-05-01,EEM,0.00397229
2007-05-01,GLD,-0.00596205
2007-05-01,HYG,0.00012423
2007-05-01,SPY,0.00256209
2007-05-01,TLT,0.00072318
2007-05-01,UUP,0.00612487
2007-05-02,EEM,0.01986482
2007-05-02,GLD,-0.00044982
2007-05-02,HYG,-0.00037924
2007-05-02,SPY,0.00585206
2007-05-02,TLT,-0.00056479
2007-05-02,UUP,0.00081175
2007-05-03,EEM,0.00840515
2007-05-03,GLD,0.01245116
2007-05-03,HYG,9.388e-05
2007-05-03,SPY,0.00541658
2007-05-03,TLT,-0.00226114
2007-05-03,UUP,0.00121655
2007-05-04,EEM,-0.00032014
2007-05-04,GLD,0.01037198
2007-05-04,HYG,0.00123512
2007-05-04,SPY,0.00379117
2007-05-04,TLT,0.00407921
2007-05-04,UUP,-0.00364502
2007-05-07,EEM,0.00649405
2007-05-07,GLD,0.00087986
2007-05-07,HYG,-9.417e-05
2007-05-07,SPY,0.00019856
2007-05-07,TLT,0.00270877
2007-05-07,UUP,0.00243884
2007-05-08,EEM,-0.01298403
2007-05-08,GLD,-0.00542129
2007-05-08,HYG,0.00075813
2007-05-08,SPY,-0.00132475
2007-05-08,TLT,-0.00225096
2007-05-08,UUP,0.00283864
2007-05-09,EEM,0.01614069
2007-05-09,GLD,-0.00633471
2007-05-09,HYG,-0.00265397
2007-05-09,SPY,0.00271964
2007-05-09,TLT,-0.00394856
2007-05-09,UUP,0.0012132
2007-05-10,EEM,-0.02446178
2007-05-10,GLD,-0.02149736
2007-05-10,HYG,0.00361157
2007-05-10,SPY,-0.01045244
2007-05-10,TLT,0.00237854
2007-05-10,UUP,0.00121154
2007-05-11,EEM,0.02540105
2007-05-11,GLD,0.00681814
2007-05-11,HYG,0.00056807
2007-05-11,SPY,0.00855708
2007-05-11,TLT,-0.00350266
2007-05-11,UUP,0.00080693
2007-05-14,EEM,-0.00992466
2007-05-14,GLD,-0.00255829
2007-05-14,HYG,-9.427e-05
2007-05-14,SPY,-0.00218731
2007-05-14,TLT,-0.00260759
2007-05-14,UUP,-0.00080628
2007-05-15,EEM,0.00120284
2007-05-15,GLD,0.00392278
2007-05-15,HYG,-0.00075697
2007-05-15,SPY,0.0002655
2007-05-15,TLT,-0.00034149
2007-05-15,UUP,-0.00322708
2007-05-16,EEM,0.01449743
2007-05-16,GLD,-0.01412688
2007-05-16,HYG,0.00265172
2007-05-16,SPY,0.00684139
2007-05-16,TLT,-0.00068249
2007-05-16,UUP,0.00445162
2007-05-17,EEM,-0.00363144
2007-05-17,GLD,-0.00823172
2007-05-17,HYG,-0.00028267
2007-05-17,SPY,-0.00197918
2007-05-17,TLT,-0.00409654
2007-05-17,UUP,0.00241741
2007-05-18,EEM,0.00515034
2007-05-18,GLD,0.00707038
2007-05-18,HYG,0.00028275
2007-05-18,SPY,0.00872453
2007-05-18,TLT,-0.00662859
2007-05-18,UUP,-0.00200962
2007-05-21,EEM,0.00181351
2007-05-21,GLD,0.0022894
2007-05-21,HYG,0.0009444
2007-05-21,SPY,-0.0005248
2007-05-21,TLT,0.002991
2007-05-21,UUP,0.00281911
2007-05-22,EEM,0.00015699
2007-05-22,GLD,-0.00715702
2007-05-22,HYG,9.468e-05
2007-05-22,SPY,-0.00078615
2007-05-22,TLT,-0.00516032
2007-05-22,UUP,0.00040164
2007-05-23,EEM,-0.00157348
2007-05-23,GLD,0.00521479
2007-05-23,HYG,-0.00075529
2007-05-23,SPY,0.00013107
2007-05-23,TLT,-0.00288268
2007-05-23,UUP,-0.00080277
2007-05-24,EEM,-0.02403478
2007-05-24,GLD,-0.01205372
2007-05-24,HYG,0.0002844
2007-05-24,SPY,-0.00905266
2007-05-24,TLT,0.00092578
2007-05-24,UUP,0.00160701
2007-05-25,EEM,0.01534102
2007-05-25,GLD,0.0029344
2007-05-25,HYG,0.00141556
2007-05-25,SPY,0.00417046
2007-05-25,TLT,-0.00231095
2007-05-25,UUP,-0.00080231
2007-05-29,EEM,-0.00341934
2007-05-29,GLD,0.00200181
2007-05-29,HYG,-0.0039605
2007-05-29,SPY,0.00362605
2007-05-29,TLT,-0.00011649
2007-05-29,UUP,0.00040138
2007-05-30,EEM,0.01021349
2007-05-30,GLD,-0.0053788
2007-05-30,HYG,0.00227202
2007-05-30,SPY,0.00814455
2007-05-30,TLT,0.00208478
2007-05-30,UUP,0.00160517
2007-05-31,EEM,0.00284382
2007-05-31,GLD,0.01266996
2007-05-31,HYG,-0.00160556
2007-05-31,SPY,-0.00104195
2007-05-31,TLT,-0.00184905
2007-05-31,UUP,-0.0016026
2007-06-01,EEM,0.02496882
2007-06-01,GLD,0.0137321
2007-06-01,HYG,-0.00013246
2007-06-01,SPY,0.00495657
2007-06-01,TLT,-0.00525331
2007-06-01,UUP,0.00040141
2007-06-04,EEM,-0.00445729
2007-06-04,GLD,0.00150509
2007-06-04,HYG,0.00085619
2007-06-04,SPY,0.00012966
2007-06-04,TLT,0.00455758
2007-06-04,UUP,-0.00401127
2007-06-05,EEM,-0.00347377
2007-06-05,GLD,-0.00255483
2007-06-05,HYG,-0.00142579
2007-06-05,SPY,-0.00395813
2007-06-05,TLT,-0.00628103
2007-06-05,UUP,-0.00281911
2007-06-06,EEM,-0.02517406
2007-06-06,GLD,0.0006027
2007-06-06,HYG,-0.00123803
2007-06-06,SPY,-0.01074995
2007-06-06,TLT,-0.00046821
2007-06-06,UUP,0.00161545
2007-06-07,EEM,-0.01541529
2007-06-07,GLD,-0.01731669
2007-06-07,HYG,-0.00466951
2007-06-07,SPY,-0.0180455
2007-06-07,TLT,-0.01791662
2007-06-07,UUP,0.00645156
2007-06-08,EEM,0.01767425
2007-06-08,GLD,-0.01593627
2007-06-08,HYG,-0.00268204
2007-06-08,SPY,0.01301134
2007-06-08,TLT,-0.00083405
2007-06-08,UUP,0.0032052
2007-06-11,EEM,0.00856469
2007-06-11,GLD,0.00747424
2007-06-11,HYG,-0.00211226
2007-06-11,SPY,0.0017217
2007-06-11,TLT,-0.00286369
2007-06-11,UUP,0.00239626
2007-06-12,EEM,-0.01737708
2007-06-12,GLD,-0.00927355
2007-06-12,HYG,-0.00509951
2007-06-12,SPY,-0.01090599
2007-06-12,TLT,-0.01448082
2007-06-12,UUP,0.001992
2007-06-13,EEM,0.02000485
2007-06-13,GLD,0.00670827
2007-06-13,HYG,0.00174138
2007-06-13,SPY,0.01496886
2007-06-13,TLT,0.0119011
2007-06-13,UUP,0.00198795
2007-06-14,EEM,0.01569004
2007-06-14,GLD,0.00108476
2007-06-14,HYG,0.00077174
2007-06-14,SPY,0.00638613
2007-06-14,TLT,-0.00252028
2007-06-14,UUP,0.00119057
2007-06-15,EEM,0.02278499
2007-06-15,GLD,0.00386997
2007-06-15,HYG,-0.00019289
2007-06-15,SPY,0.00569008
2007-06-15,TLT,0.00685728
2007-06-15,UUP,-0.00554893
2007-06-18,EEM,0.00090654
2007-06-18,GLD,0.001542
2007-06-18,HYG,0.0005794
2007-06-18,SPY,-0.00117673
2007-06-18,TLT,-0.00203177
2007-06-18,UUP,-0.00119597
2007-06-19,EEM,0.00113137
2007-06-19,GLD,0.00816022
2007-06-19,HYG,0.00125439
2007-06-19,SPY,0.00248605
2007-06-19,TLT,0.00934066
2007-06-19,UUP,0.00039917
2007-06-20,EEM,-0.00851566
2007-06-20,GLD,-0.01175938
2007-06-20,HYG,-0.00886188
2007-06-20,SPY,-0.01389695
2007-06-20,TLT,-0.00806769
2007-06-20,UUP,-0.03789375
2007-06-21,EEM,0.01246572
2007-06-21,GLD,-0.00231806
2007-06-21,HYG,0.00184654
2007-06-21,SPY,0.00555705
2007-06-21,TLT,-0.00478339
2007-06-21,UUP,0.04063022
2007-06-22,EEM,-0.01321353
2007-06-22,GLD,0.0034077
2007-06-22,HYG,0.00194014
2007-06-22,SPY,-0.00940877
2007-06-22,TLT,0.0064891
2007-06-22,UUP,-0.0059762
2007-06-25,EEM,-0.00760798
2007-06-25,GLD,-0.00540288
2007-06-25,HYG,-0.00580842
2007-06-25,SPY,-0.00478232
2007-06-25,TLT,0.00549155
2007-06-25,UUP,0.00320639
2007-06-26,EEM,-0.00873954
2007-06-26,GLD,-0.0125718
2007-06-26,HYG,0.00292093
2007-06-26,SPY,-0.01027817
2007-06-26,TLT,0.00023692
2007-06-26,UUP,-0.00159812
2007-06-27,EEM,0.01423025
2007-06-27,GLD,0.0007859
2007-06-27,HYG,-0.00349468
2007-06-27,SPY,0.01422841
2007-06-27,TLT,0.00095117
2007-06-27,UUP,0.00160067
2007-06-28,EEM,0.00022859
2007-06-28,GLD,0.00926659
2007-06-28,HYG,-0.00526134
2007-06-28,SPY,-0.00013291
2007-06-28,TLT,-0.00023697
2007-06-28,UUP,0.0
2007-06-29,EEM,0.00350704
2007-06-29,GLD,0.00015553
2007-06-29,HYG,-0.00284145
2007-06-29,SPY,0.00033206
2007-06-29,TLT,0.01031906
2007-06-29,UUP,-0.00599282
2007-07-02,EEM,0.02028428
2007-07-02,GLD,0.01166952
2007-07-02,HYG,0.00783608
2007-07-02,SPY,0.00904117
2007-07-02,TLT,0.0052568
2007-07-02,UUP,-0.00522512
2007-07-03,EEM,0.00796728
2007-07-03,GLD,-0.00430635
2007-07-03,HYG,-0.00186269
2007-07-03,SPY,0.00362355
2007-07-03,TLT,-0.00609807
2007-07-03,UUP,-0.0016161
2007-07-05,EEM,0.00443264
2007-07-05,GLD,-0.00494284
2007-07-05,HYG,-0.00363431
2007-07-05,SPY,-0.00105037
2007-07-05,TLT,-0.01120529
2007-07-05,UUP,0.00485634
2007-07-06,EEM,0.01713557
2007-07-06,GLD,0.0083825
2007-07-06,HYG,0.00108508
2007-07-06,SPY,0.00525722
2007-07-06,TLT,-0.00405603
2007-07-06,UUP,-0.00201367
2007-07-09,EEM,0.00968928
2007-07-09,GLD,0.00646549
2007-07-09,HYG,0.0030525
2007-07-09,SPY,0.00078457
2007-07-09,TLT,0.00359376
2007-07-09,UUP,0.00040349
2007-07-10,EEM,-0.01969343
2007-07-10,GLD,0.00351795
2007-07-10,HYG,-0.00265113
2007-07-10,SPY,-0.01423925
2007-07-10,TLT,0.01694875
2007-07-10,UUP,-0.00685749
2007-07-11,EEM,0.00825476
2007-07-11,GLD,-0.00259104
2007-07-11,HYG,-0.00748064
2007-07-11,SPY,0.00708944
2007-07-11,TLT,-0.01032782
2007-07-11,UUP,-0.00121871
2007-07-12,EEM,0.02195331
2007-07-12,GLD,0.00886299
2007-07-12,HYG,0.00297495
2007-07-12,SPY,0.01579102
2007-07-12,TLT,-0.00344046
2007-07-12,UUP,-0.00162662
2007-07-13,EEM,0.01240706
2007-07-13,GLD,0.0001515
2007-07-13,HYG,0.00415364
2007-07-13,SPY,0.00297923
2007-07-13,TLT,0.00273775
2007-07-13,UUP,0.00081463
2007-07-16,EEM,-0.00980402
2007-07-16,GLD,-0.00318036
2007-07-16,HYG,0.00039327
2007-07-16,SPY,-0.00012916
2007-07-16,TLT,0.0096124
2007-07-16,UUP,-0.00040694
2007-07-17,EEM,-0.00077763
2007-07-17,GLD,-0.0010635
2007-07-17,HYG,0.00118134
2007-07-17,SPY,-0.00051642
2007-07-17,TLT,-0.0021157
2007-07-17,UUP,0.0
2007-07-18,EEM,-0.01224454
2007-07-18,GLD,0.01323198
2007-07-18,HYG,-0.00747219
2007-07-18,SPY,-0.00180925
2007-07-18,TLT,0.00376986
2007-07-18,UUP,-0.0008144
2007-07-19,EEM,0.00995967
2007-07-19,GLD,0.00585409
2007-07-19,HYG,0.00108972
2007-07-19,SPY,0.00388402
2007-07-19,TLT,-0.00023449
2007-07-19,UUP,-0.00040744
2007-07-20,EEM,-0.00688186
2007-07-20,GLD,0.00850619
2007-07-20,HYG,-0.00257306
2007-07-20,SPY,-0.01012481
2007-07-20,TLT,0.0090391
2007-07-20,UUP,-0.00163069
2007-07-23,EEM,0.02893318
2007-07-23,GLD,-0.00162771
2007-07-23,HYG,-0.00218212
2007-07-23,SPY,0.00306243
2007-07-23,TLT,-0.00162987
2007-07-23,UUP,0.00204162
2007-07-24,EEM,-0.03422943
2007-07-24,GLD,0.0
2007-07-24,HYG,-0.00576706
2007-07-24,SPY,-0.01734114
2007-07-24,TLT,0.00372949
2007-07-24,UUP,-0.00774241
2007-07-25,EEM,0.00575152
2007-07-25,GLD,-0.00844819
2007-07-25,HYG,-0.00949985
2007-07-25,SPY,0.00204872
2007-07-25,TLT,0.00197343
2007-07-25,UUP,0.00862425
2007-07-26,EEM,-0.0509652
2007-07-26,GLD,-0.0186846
2007-07-26,HYG,-0.01413383
2007-07-26,SPY,-0.02367908
2007-07-26,TLT,0.00834281
2007-07-26,UUP,-0.0044788
2007-07-27,EEM,-0.01295465
2007-07-27,GLD,-0.00365572
2007-07-27,HYG,-0.01669265
2007-07-27,SPY,-0.01965956
2007-07-27,TLT,0.002872
2007-07-27,UUP,0.00818004
2007-07-30,EEM,0.03273566
2007-07-30,GLD,0.00550364
2007-07-30,HYG,0.00968562
2007-07-30,SPY,0.01564322
2007-07-30,TLT,-0.00286378
2007-07-30,UUP,0.00162256
2007-07-31,EEM,-0.02046685
2007-07-31,GLD,0.00030415
2007-07-31,HYG,0.003403
2007-07-31,SPY,-0.01126363
2007-07-31,TLT,0.00723744
2007-07-31,UUP,-0.00161994
2007-08-01,EEM,-0.00392237
2007-08-01,GLD,0.00212797
2007-08-01,HYG,-0.00206895
2007-08-01,SPY,0.00487235
2007-08-01,TLT,-0.00216478
2007-08-01,UUP,0.00040552
2007-08-02,EEM,0.01105598
2007-08-02,GLD,-0.00060672
2007-08-02,HYG,0.00570275
2007-08-02,SPY,0.0079902
2007-08-02,TLT,0.00252561
2007-08-02,UUP,0.00162219
2007-08-03,EEM,-0.0431428
2007-08-03,GLD,0.01214149
2007-08-03,HYG,0.0
2007-08-03,SPY,-0.02574503
2007-08-03,TLT,0.00664086
2007-08-03,UUP,-0.00931191
2007-08-06,EEM,0.01784734
2007-08-06,GLD,-0.00254919
2007-08-06,HYG,-0.00216474
2007-08-06,SPY,0.01675932
2007-08-06,TLT,-0.00727964
2007-08-06,UUP,0.00204348
2007-08-07,EEM,0.00746027
2007-08-07,GLD,-0.00060122
2007-08-07,HYG,0.0071283
2007-08-07,SPY,0.01066951
2007-08-07,TLT,-0.00080161
2007-08-07,UUP,0.00285466
2007-08-08,EEM,0.03358732
2007-08-08,GLD,0.00436211
2007-08-08,HYG,0.01179793
2007-08-08,SPY,0.01394078
2007-08-08,TLT,-0.01215371
2007-08-08,UUP,-0.00284653
2007-08-09,EEM,-0.041359
2007-08-09,GLD,-0.01961955
2007-08-09,HYG,-0.0010139
2007-08-09,SPY,-0.02963378
2007-08-09,TLT,0.00139317
2007-08-09,UUP,0.00774873
2007-08-10,EEM,-0.01733426
2007-08-10,GLD,0.01695693
2007-08-10,HYG,-0.00202986
2007-08-10,SPY,-0.00467699
2007-08-10,TLT,-0.0023174
2007-08-10,UUP,0.00080936
2007-08-13,EEM,0.00987911
2007-08-13,GLD,-0.00465672
2007-08-13,HYG,0.00732208
2007-08-13,SPY,0.00359344
2007-08-13,TLT,0.00290389
2007-08-13,UUP,0.00283061
2007-08-14,EEM,-0.0258525
2007-08-14,GLD,0.00045274
2007-08-14,HYG,-0.00777398
2007-08-14,SPY,-0.01528586
2007-08-14,TLT,0.00266429
2007-08-14,UUP,0.00645156
2007-08-15,EEM,-0.03928918
2007-08-15,GLD,-0.00241369
2007-08-15,HYG,0.00559631
2007-08-15,SPY,-0.01377606
2007-08-15,TLT,-0.00358222
2007-08-15,UUP,0.00440703
2007-08-16,EEM,-0.01700544
2007-08-16,GLD,-0.02192646
2007-08-16,HYG,-0.00131542
2007-08-16,SPY,0.00751601
2007-08-16,TLT,0.01031978
2007-08-16,UUP,-0.00279213
2007-08-17,EEM,0.03164572
2007-08-17,GLD,0.00510207
2007-08-17,HYG,0.01013238
2007-08-17,SPY,0.01836745
2007-08-17,TLT,-0.0040171
2007-08-17,UUP,-0.00279994
2007-08-20,EEM,0.00204494
2007-08-20,GLD,0.00169206
2007-08-20,HYG,-0.00952937
2007-08-20,SPY,-0.00048381
2007-08-20,TLT,0.00057658
2007-08-20,UUP,0.00240665
2007-08-21,EEM,-0.00367327
2007-08-21,GLD,-0.00076786
2007-08-21,HYG,-0.00516394
2007-08-21,SPY,0.00200471
2007-08-21,TLT,0.00483666
2007-08-21,UUP,0.00040019
2007-08-22,EEM,0.0430147
2007-08-22,GLD,0.00507149
2007-08-22,HYG,0.0077353
2007-08-22,SPY,0.01186849
2007-08-22,TLT,-0.00160441
2007-08-22,UUP,-0.00279994
2007-08-23,EEM,0.00510678
2007-08-23,GLD,-0.00137621
2007-08-23,HYG,0.00606067
2007-08-23,SPY,-0.00088699
2007-08-23,TLT,0.00344267
2007-08-23,UUP,-0.00160443
2007-08-24,EEM,0.0238372
2007-08-24,GLD,0.01224932
2007-08-24,HYG,0.0025107
2007-08-24,SPY,0.01235351
2007-08-24,TLT,0.00491928
2007-08-24,UUP,-0.00441951
2007-08-27,EEM,0.00457966
2007-08-27,GLD,-0.00196638
2007-08-27,HYG,0.00650995
2007-08-27,SPY,-0.00930371
2007-08-27,TLT,0.0052363
2007-08-27,UUP,-0.00080707
2007-08-28,EEM,-0.04065315
2007-08-28,GLD,-0.00591099
2007-08-28,HYG,-0.00348312
2007-08-28,SPY,-0.02198035
2007-08-28,TLT,0.00169818
2007-08-28,UUP,0.0
2007-08-29,EEM,0.03960391
2007-08-29,GLD,0.00731824
2007-08-29,HYG,0.00399405
2007-08-29,SPY,0.01962139
2007-08-29,TLT,-0.00271279
2007-08-29,UUP,-0.00080782
2007-08-30,EEM,-0.00510503
2007-08-30,GLD,-0.00408652
2007-08-30,HYG,0.00208806
2007-08-30,SPY,-0.00266135
2007-08-30,TLT,0.00668747
2007-08-30,UUP,0.00444622
2007-08-31,EEM,0.02580804
2007-08-31,GLD,0.01094215
2007-08-31,HYG,0.00903185
2007-08-31,SPY,0.0098531
2007-08-31,TLT,0.00078844
2007-08-31,UUP,-0.00241449
2007-09-04,EEM,0.01687181
2007-09-04,GLD,0.01383051
2007-09-04,HYG,0.00695713
2007-09-04,SPY,0.01009494
2007-09-04,TLT,0.00047501
2007-09-04,UUP,0.00161359
2007-09-05,EEM,-0.01512331
2007-09-05,GLD,0.00177929
2007-09-05,HYG,0.00039265
2007-09-05,SPY,-0.00865262
2007-09-05,TLT,0.0080168
2007-09-05,UUP,-0.00362465
2007-09-06,EEM,0.00782677
2007-09-06,GLD,0.0192422
2007-09-06,HYG,-0.00058868
2007-09-06,SPY,0.00230037
2007-09-06,TLT,-0.00257669
2007-09-06,UUP,-0.00282937
2007-09-07,EEM,-0.02255909
2007-09-07,GLD,0.00769676
2007-09-07,HYG,-0.01140302
2007-09-07,SPY,-0.01390646
2007-09-07,TLT,0.0141512
2007-09-07,UUP,-0.00567498
2007-09-10,EEM,0.00075658
2007-09-10,GLD,0.00331465
2007-09-10,HYG,0.0042757
2007-09-10,SPY,-0.00191706
2007-09-10,TLT,0.00775203
2007-09-10,UUP,-0.00122299
2007-09-11,EEM,0.02018925
2007-09-11,GLD,0.01292723
2007-09-11,HYG,0.00821798
2007-09-11,SPY,0.01166055
2007-09-11,TLT,-0.00076966
2007-09-11,UUP,0.00122449
2007-09-12,EEM,0.00355743
2007-09-12,GLD,-0.00085079
2007-09-12,HYG,0.00451769
2007-09-12,SPY,0.00257685
2007-09-12,TLT,-0.00373884
2007-09-12,UUP,-0.00489188
2007-09-13,EEM,0.01107877
2007-09-13,GLD,-0.00539309
2007-09-13,HYG,-0.00351953
2007-09-13,SPY,0.00703286
2007-09-13,TLT,-0.00894132
2007-09-13,UUP,0.00286762
2007-09-14,EEM,0.00197233
2007-09-14,GLD,-0.0012843
2007-09-14,HYG,0.00941731
2007-09-14,SPY,-6.73e-05
2007-09-14,TLT,0.00144769
2007-09-14,UUP,0.00245089
2007-09-17,EEM,-0.00634286
2007-09-17,GLD,0.01400205
2007-09-17,HYG,0.00456862
2007-09-17,SPY,-0.00537237
2007-09-17,TLT,0.00478224
2007-09-17,UUP,-0.00081487
2007-09-18,EEM,0.0484224
2007-09-18,GLD,0.01028598
2007-09-18,HYG,0.00715861
2007-09-18,SPY,0.02943969
2007-09-18,TLT,-0.00752667
2007-09-18,UUP,-0.00326262
2007-09-19,EEM,0.00454887
2007-09-19,GLD,-0.00376564
2007-09-19,HYG,0.01911674
2007-09-19,SPY,0.00590263
2007-09-19,TLT,-0.00925692
2007-09-19,UUP,-0.0004092
2007-09-20,EEM,-0.0031348
2007-09-20,GLD,0.01805965
2007-09-20,HYG,-0.02450708
2007-09-20,SPY,-0.00704214
2007-09-20,TLT,-0.01891245
2007-09-20,UUP,-0.00736819
2007-09-21,EEM,0.01327726
2007-09-21,GLD,-0.00522559
2007-09-21,HYG,0.00251203
2007-09-21,SPY,0.00269864
2007-09-21,TLT,0.00849052
2007-09-21,UUP,0.0004124
2007-09-24,EEM,0.01241393
2007-09-24,GLD,-0.00082938
2007-09-24,HYG,0.00674698
2007-09-24,SPY,-0.00184225
2007-09-24,TLT,0.00284495
2007-09-24,UUP,-0.00041223
2007-09-25,EEM,-0.00374712
2007-09-25,GLD,0.0006918
2007-09-25,HYG,0.00239323
2007-09-25,SPY,-0.00197801
2007-09-25,TLT,-0.0035175
2007-09-25,UUP,-0.00247414
2007-09-26,EEM,0.01333367
2007-09-26,GLD,-0.00456245
2007-09-26,HYG,-0.00362884
2007-09-26,SPY,0.00528466
2007-09-26,TLT,0.00091036
2007-09-26,UUP,0.00330732
2007-09-27,EEM,0.0148448
2007-09-27,GLD,0.00972218
2007-09-27,HYG,-0.00306764
2007-09-27,SPY,0.0059132
2007-09-27,TLT,0.0069395
2007-09-27,UUP,-0.00164816
2007-09-28,EEM,-0.00631653
2007-09-28,GLD,0.01114175
2007-09-28,HYG,0.0
2007-09-28,SPY,-0.00333078
2007-09-28,TLT,0.00225959
2007-09-28,UUP,-0.00742892
2007-10-01,EEM,0.03144857
2007-10-01,GLD,0.00530539
2007-10-01,HYG,0.00382178
2007-10-01,SPY,0.01127227
2007-10-01,TLT,0.00571371
2007-10-01,UUP,0.0012474
2007-10-02,EEM,0.00681174
2007-10-02,GLD,-0.02097433
2007-10-02,HYG,0.00192744
2007-10-02,SPY,-0.00136081
2007-10-02,TLT,0.00315029
2007-10-02,UUP,0.00622934
2007-10-03,EEM,-0.03028321
2007-10-03,GLD,-0.00621972
2007-10-03,HYG,-0.00529062
2007-10-03,SPY,-0.00201215
2007-10-03,TLT,-0.00291594
2007-10-03,UUP,0.00288883
2007-10-04,EEM,0.00996653
2007-10-04,GLD,0.01349098
2007-10-04,HYG,0.00425497
2007-10-04,SPY,0.00156112
2007-10-04,TLT,0.00382469
2007-10-04,UUP,-0.00123438
2007-10-05,EEM,0.03335515
2007-10-05,GLD,0.00727321
2007-10-05,HYG,0.000577
2007-10-05,SPY,0.01188136
2007-10-05,TLT,-0.01075759
2007-10-05,UUP,-0.00164816
2007-10-08,EEM,-0.01063227
2007-10-08,GLD,-0.0118529
2007-10-08,HYG,0.00336958
2007-10-08,SPY,-0.00532508
2007-10-08,TLT,-0.00079293
2007-10-08,UUP,0.00619059
2007-10-09,EEM,0.01557283
2007-10-09,GLD,0.00772091
2007-10-09,HYG,0.00076754
2007-10-09,SPY,0.00941767
2007-10-09,TLT,-0.00124637
2007-10-09,UUP,-0.00369146
2007-10-10,EEM,0.00133062
2007-10-10,GLD,0.00369413
2007-10-10,HYG,-0.00086266
2007-10-10,SPY,-0.00166167
2007-10-10,TLT,0.00056715
2007-10-10,UUP,-0.00288207
2007-10-11,EEM,-0.00879594
2007-10-11,GLD,0.00749732
2007-10-11,HYG,0.00143932
2007-10-11,SPY,-0.00480078
2007-10-11,TLT,-0.00102058
2007-10-11,UUP,0.00082592
2007-10-12,EEM,0.01825887
2007-10-12,GLD,0.00920028
2007-10-12,HYG,0.00105275
2007-10-12,SPY,0.00553175
2007-10-12,TLT,-0.00488412
2007-10-12,UUP,-0.0016502
2007-10-15,EEM,-0.0122259
2007-10-15,GLD,0.00737368
2007-10-15,HYG,0.00478508
2007-10-15,SPY,-0.0084437
2007-10-15,TLT,0.00022916
2007-10-15,UUP,-0.00123958
2007-10-16,EEM,-0.01853383
2007-10-16,GLD,-0.00026613
2007-10-16,HYG,-0.00380969
2007-10-16,SPY,-0.00793543
2007-10-16,TLT,0.00034151
2007-10-16,UUP,0.00124111
2007-10-17,EEM,0.02308695
2007-10-17,GLD,-0.0082535
2007-10-17,HYG,-0.01233191
2007-10-17,SPY,0.00305674
2007-10-17,TLT,0.01095009
2007-10-17,UUP,-0.00041326
2007-10-18,EEM,0.00505728
2007-10-18,GLD,0.02013423
2007-10-18,HYG,-0.00048433
2007-10-18,SPY,-0.00363032
2007-10-18,TLT,0.00552646
2007-10-18,UUP,-0.00620082
2007-10-19,EEM,-0.04276739
2007-10-19,GLD,-0.00394741
2007-10-19,HYG,-0.00445449
2007-10-19,SPY,-0.02615668
2007-10-19,TLT,0.01492246
2007-10-19,UUP,-0.00207984
2007-10-22,EEM,0.00722733
2007-10-22,GLD,-0.01453102
2007-10-22,HYG,-0.00924168
2007-10-22,SPY,0.00581298
2007-10-22,TLT,0.00011171
2007-10-22,UUP,0.00833669
2007-10-23,EEM,0.02772357
2007-10-23,GLD,0.00844511
2007-10-23,HYG,0.00834528
2007-10-23,SPY,0.00810444
2007-10-23,TLT,-0.00132724
2007-10-23,UUP,-0.00620082
2007-10-24,EEM,-0.00653746
2007-10-24,GLD,0.00385476
2007-10-24,HYG,0.0
2007-10-24,SPY,-0.00184544
2007-10-24,TLT,0.00741522
2007-10-24,UUP,-0.00166383
2007-10-25,EEM,0.01271392
2007-10-25,GLD,0.00675321
2007-10-25,HYG,0.00146084
2007-10-25,SPY,0.00237662
2007-10-25,TLT,-0.00340531
2007-10-25,UUP,-0.00208321
2007-10-26,EEM,0.02832644
2007-10-26,GLD,0.02183354
2007-10-26,HYG,0.00233251
2007-10-26,SPY,0.01172235
2007-10-26,TLT,-0.00231505
2007-10-26,UUP,-0.0041756
2007-10-29,EEM,0.02300571
2007-10-29,GLD,0.00553482
2007-10-29,HYG,0.00300833
2007-10-29,SPY,0.00332042
2007-10-29,TLT,0.00386677
2007-10-29,UUP,-0.00167718
2007-10-30,EEM,-0.01889038
2007-10-30,GLD,-0.00985669
2007-10-30,HYG,-0.00193522
2007-10-30,SPY,-0.00694243
2007-10-30,TLT,-0.00055029
2007-10-30,UUP,0.00210003
2007-10-31,EEM,0.02194369
2007-10-31,GLD,0.01641893
2007-10-31,HYG,0.00629918
2007-10-31,SPY,0.01038841
2007-10-31,TLT,-0.00903063
2007-10-31,UUP,-0.0046102
2007-11-01,EEM,-0.04037309
2007-11-01,GLD,-0.00877642
2007-11-01,HYG,-0.0064944
2007-11-01,SPY,-0.02340778
2007-11-01,TLT,0.01299381
2007-11-01,UUP,0.00336839
2007-11-02,EEM,0.00567202
2007-11-02,GLD,0.02438087
2007-11-02,HYG,-0.00243892
2007-11-02,SPY,0.00112531
2007-11-02,TLT,0.00319477
2007-11-02,UUP,-0.00965178
2007-11-05,EEM,-0.03476929
2007-11-05,GLD,-0.00100215
2007-11-05,HYG,-0.00048898
2007-11-05,SPY,-0.00760536
2007-11-05,TLT,-0.00043839
2007-11-05,UUP,0.00508475
2007-11-06,EEM,0.03794806
2007-11-06,GLD,0.02106583
2007-11-06,HYG,0.00518714
2007-11-06,SPY,0.01346189
2007-11-06,TLT,-0.00483569
2007-11-06,UUP,-0.00337256
2007-11-07,EEM,-0.03185888
2007-11-07,GLD,0.00994716
2007-11-07,HYG,-0.00126648
2007-11-07,SPY,-0.02735553
2007-11-07,TLT,0.00176656
2007-11-07,UUP,-0.00507615
2007-11-08,EEM,0.00511178
2007-11-08,GLD,-0.00012153
2007-11-08,HYG,-0.01267045
2007-11-08,SPY,-0.00507057
2007-11-08,TLT,-0.00176345
2007-11-08,UUP,-0.00085041
2007-11-09,EEM,-0.02352201
2007-11-09,GLD,-0.00060809
2007-11-09,HYG,0.00444267
2007-11-09,SPY,-0.013727
2007-11-09,TLT,0.00850191
2007-11-09,UUP,0.0
2007-11-12,EEM,-0.05533827
2007-11-12,GLD,-0.0472134
2007-11-12,HYG,0.00393103
2007-11-12,SPY,-0.00992153
2007-11-12,TLT,0.0036141
2007-11-12,UUP,0.00936165
2007-11-13,EEM,0.0706405
2007-11-13,GLD,0.01047254
2007-11-13,HYG,-0.00391564
2007-11-13,SPY,0.03048024
2007-11-13,TLT,-0.00370951
2007-11-13,UUP,-0.00379427
2007-11-14,EEM,0.00096564
2007-11-14,GLD,0.01466122
2007-11-14,HYG,0.00245702
2007-11-14,SPY,-0.0027685
2007-11-14,TLT,0.0010949
2007-11-14,UUP,0.00042332
2007-11-15,EEM,-0.02302253
2007-11-15,GLD,-0.02902344
2007-11-15,HYG,-0.00029471
2007-11-15,SPY,-0.01442421
2007-11-15,TLT,0.00940775
2007-11-15,UUP,0.00253798
2007-11-16,EEM,0.01237499
2007-11-16,GLD,-0.00256571
2007-11-16,HYG,0.0002948
2007-11-16,SPY,0.00171781
2007-11-16,TLT,0.00140794
2007-11-16,UUP,-0.00126592
2007-11-19,EEM,-0.04609873
2007-11-19,GLD,-0.00655951
2007-11-19,HYG,0.0
2007-11-19,SPY,-0.01392441
2007-11-19,TLT,0.00649274
2007-11-19,UUP,-0.00295727
2007-11-20,EEM,0.02746872
2007-11-20,GLD,0.0288711
2007-11-20,HYG,-0.00980458
2007-11-20,SPY,0.00612141
2007-11-20,TLT,-0.00107501
2007-11-20,UUP,-0.00932208
2007-11-21,EEM,-0.05035132
2007-11-21,GLD,-0.00138418
2007-11-21,HYG,-0.01881236
2007-11-21,SPY,-0.02046439
2007-11-21,TLT,0.00581275
2007-11-21,UUP,-0.0051325
2007-11-23,EEM,0.02954944
2007-11-23,GLD,0.02381552
2007-11-23,HYG,-0.00191693
2007-11-23,SPY,0.01729291
2007-11-23,TLT,0.00299538
2007-11-23,UUP,0.00730856
2007-11-26,EEM,-0.03969331
2007-11-26,GLD,0.00061542
2007-11-26,HYG,0.01102059
2007-11-26,SPY,-0.02206342
2007-11-26,TLT,0.01973831
2007-11-26,UUP,-0.00512155
2007-11-27,EEM,0.0382959
2007-11-27,GLD,-0.0147602
2007-11-27,HYG,0.00149969
2007-11-27,SPY,0.01149278
2007-11-27,TLT,-0.00952083
2007-11-27,UUP,0.00557705
2007-11-28,EEM,0.05478035
2007-11-28,GLD,-0.00661671
2007-11-28,HYG,0.00948525
2007-11-28,SPY,0.03198455
2007-11-28,TLT,-0.00676062
2007-11-28,UUP,0.00298658
2007-11-29,EEM,-0.01225802
2007-11-29,GLD,-0.01621215
2007-11-29,HYG,0.00494655
2007-11-29,SPY,0.0003397
2007-11-29,TLT,0.00861421
2007-11-29,UUP,0.00552941
2007-11-30,EEM,0.00849106
2007-11-30,GLD,-0.01226366
2007-11-30,HYG,0.0040355
2007-11-30,SPY,0.01005561
2007-11-30,TLT,-0.00485057
2007-11-30,UUP,0.00761413
2007-12-03,EEM,-0.00867854
2007-12-03,GLD,0.01241592
2007-12-03,HYG,0.01008129
2007-12-03,SPY,-0.00659227
2007-12-03,TLT,0.0079362
2007-12-03,UUP,-0.00209914
2007-12-04,EEM,-0.00261367
2007-12-04,GLD,0.01430765
2007-12-04,HYG,-0.00380836
2007-12-04,SPY,-0.00893835
2007-12-04,TLT,-0.00010519
2007-12-04,UUP,-0.00715185
2007-12-05,EEM,0.04441251
2007-12-05,GLD,-0.00969779
2007-12-05,HYG,-0.01176492
2007-12-05,SPY,0.01674004
2007-12-05,TLT,-0.01192746
2007-12-05,UUP,0.01228822
2007-12-06,EEM,0.01574264
2007-12-06,GLD,0.00941124
2007-12-06,HYG,0.00892721
2007-12-06,SPY,0.01431327
2007-12-06,TLT,-0.00876045
2007-12-06,UUP,-0.00041852
2007-12-07,EEM,-0.01185548
2007-12-07,GLD,-0.00970145
2007-12-07,HYG,-0.00049051
2007-12-07,SPY,-0.00019846
2007-12-07,TLT,-0.01120714
2007-12-07,UUP,0.00167498
2007-12-10,EEM,0.00031236
2007-12-10,GLD,0.01781172
2007-12-10,HYG,-0.00147575
2007-12-10,SPY,0.00775273
2007-12-10,TLT,-0.00599476
2007-12-10,UUP,-0.007107
2007-12-11,EEM,-0.04235391
2007-12-11,GLD,-0.01450005
2007-12-11,HYG,-0.00098476
2007-12-11,SPY,-0.02741953
2007-12-11,TLT,0.01962708
2007-12-11,UUP,-0.00210533
2007-12-12,EEM,0.03000629
2007-12-12,GLD,0.02092848
2007-12-12,HYG,0.00542419
2007-12-12,SPY,0.00987081
2007-12-12,TLT,-0.01032374
2007-12-12,UUP,0.00379767
2007-12-13,EEM,-0.02748573
2007-12-13,GLD,-0.02472354
2007-12-13,HYG,-0.00049087
2007-12-13,SPY,-0.00207537
2007-12-13,TLT,-0.01086641
2007-12-13,UUP,0.00336263
2007-12-14,EEM,-0.02383407
2007-12-14,GLD,0.00025473
2007-12-14,HYG,0.00147195
2007-12-14,SPY,-0.01268009
2007-12-14,TLT,-0.00461371
2007-12-14,UUP,0.0125681
2007-12-17,EEM,-0.04262819
2007-12-17,GLD,-0.00496688
2007-12-17,HYG,-0.00538958
2007-12-17,SPY,-0.01426872
2007-12-17,TLT,0.00893998
2007-12-17,UUP,0.00834365
2007-12-18,EEM,0.0274544
2007-12-18,GLD,0.01433512
2007-12-18,HYG,0.00098519
2007-12-18,SPY,0.00558357
2007-12-18,TLT,0.00645309
2007-12-18,UUP,-0.00951591
2007-12-19,EEM,0.00651072
2007-12-19,GLD,-0.00012621
2007-12-19,HYG,0.00492162
2007-12-19,SPY,0.0
2007-12-19,TLT,0.01326012
2007-12-19,UUP,0.00292401
2007-12-20,EEM,0.00545782
2007-12-20,GLD,-0.00719333
2007-12-20,HYG,-0.00215433
2007-12-20,SPY,0.00630654
2007-12-20,TLT,-0.00214537
2007-12-20,UUP,0.00166601
2007-12-21,EEM,0.03015663
2007-12-21,GLD,0.0181772
2007-12-21,HYG,0.00314068
2007-12-21,SPY,0.01441564
2007-12-21,TLT,-0.0146194
2007-12-21,UUP,0.00249471
2007-12-24,EEM,0.01691363
2007-12-24,GLD,0.00049939
2007-12-24,HYG,-0.00352256
2007-12-24,SPY,0.00742565
2007-12-24,TLT,-0.00469067
2007-12-24,UUP,-0.0066361
2007-12-26,EEM,0.00518339
2007-12-26,GLD,0.01721983
2007-12-26,HYG,-0.0044188
2007-12-26,SPY,0.00214406
2007-12-26,TLT,-0.00876819
2007-12-26,UUP,-0.00375793
2007-12-27,EEM,-0.02307613
2007-12-27,GLD,0.00049069
2007-12-27,HYG,0.00659541
2007-12-27,SPY,-0.01257097
2007-12-27,TLT,0.01090177
2007-12-27,UUP,-0.00628678
2007-12-28,EEM,0.00376087
2007-12-28,GLD,0.01765574
2007-12-28,HYG,-0.0097543
2007-12-28,SPY,-0.00250499
2007-12-28,TLT,0.01559433
2007-12-28,UUP,-0.00674796
2007-12-31,EEM,-0.01202897
2007-12-31,GLD,-0.00650604
2007-12-31,HYG,0.0021892
2007-12-31,SPY,-0.00740064
2007-12-31,TLT,0.00605573
2007-12-31,UUP,0.00636944
2008-01-02,EEM,-0.0165007
2008-01-02,GLD,0.02910504
2008-01-02,HYG,-0.01211326
2008-01-02,SPY,-0.00875442
2008-01-02,TLT,0.0144016
2008-01-02,UUP,-0.00886097
2008-01-03,EEM,0.00899777
2008-01-03,GLD,0.00836671
2008-01-03,HYG,-0.00190979
2008-01-03,SPY,-0.00048314
2008-01-03,TLT,-0.00137712
2008-01-03,UUP,0.00212873
2008-01-04,EEM,-0.03003693
2008-01-04,GLD,-0.00514202
2008-01-04,HYG,-0.00110717
2008-01-04,SPY,-0.02450624
2008-01-04,TLT,0.0002118
2008-01-04,UUP,-0.01062027
2008-01-07,EEM,0.00732695
2008-01-07,GLD,-0.00422883
2008-01-07,HYG,-0.00594807
2008-01-07,SPY,-0.00084955
2008-01-07,TLT,0.00434975
2008-01-07,UUP,0.00987547
2008-01-08,EEM,-0.00775397
2008-01-08,GLD,0.02371124
2008-01-08,HYG,-0.00577943
2008-01-08,SPY,-0.01614798
2008-01-08,TLT,-0.00116285
2008-01-08,UUP,-0.00127561
2008-01-09,EEM,0.03277969
2008-01-09,GLD,-0.00265033
2008-01-09,HYG,-0.01091464
2008-01-09,SPY,0.01051044
2008-01-09,TLT,0.00190408
2008-01-09,UUP,0.00766285
2008-01-10,EEM,0.01178522
2008-01-10,GLD,0.01964179
2008-01-10,HYG,0.00742555
2008-01-10,SPY,0.00655368
2008-01-10,TLT,-0.01350893
2008-01-10,UUP,-0.00971692
2008-01-11,EEM,-0.02812664
2008-01-11,GLD,0.0037394
2008-01-11,HYG,0.00214872
2008-01-11,SPY,-0.00806809
2008-01-11,TLT,0.00780991
2008-01-11,UUP,0.004693
2008-01-14,EEM,0.01470853
2008-01-14,GLD,0.01083765
2008-01-14,HYG,-0.00347257
2008-01-14,SPY,0.00806269
2008-01-14,TLT,0.00371529
2008-01-14,UUP,-0.00509565
2008-01-15,EEM,-0.04523197
2008-01-15,GLD,-0.01731073
2008-01-15,HYG,0.0025627
2008-01-15,SPY,-0.02201285
2008-01-15,TLT,0.0112104
2008-01-15,UUP,-0.00085367
2008-01-16,EEM,-0.0416108
2008-01-16,GLD,-0.01466077
2008-01-16,HYG,-0.00112446
2008-01-16,SPY,-0.00861258
2008-01-16,TLT,-0.00721647
2008-01-16,UUP,0.01238805
2008-01-17,EEM,-0.02911605
2008-01-17,GLD,-0.00230677
2008-01-17,HYG,-0.00706261
2008-01-17,SPY,-0.02591631
2008-01-17,TLT,0.01295811
2008-01-17,UUP,-0.0016879
2008-01-18,EEM,0.02281292
2008-01-18,GLD,0.01063582
2008-01-18,HYG,0.00783456
2008-01-18,SPY,-0.01026731
2008-01-18,TLT,-0.00686345
2008-01-18,UUP,0.00295852
2008-01-22,EEM,-0.02511098
2008-01-22,GLD,0.00857927
2008-01-22,HYG,-0.00695561
2008-01-22,SPY,-0.01014705
2008-01-22,TLT,0.01068157
2008-01-22,UUP,0.00168567
2008-01-23,EEM,0.00636427
2008-01-23,GLD,-0.00317567
2008-01-23,HYG,0.00195776
2008-01-23,SPY,0.0240208
2008-01-23,TLT,-0.00227977
2008-01-23,UUP,-0.00294473
2008-01-24,EEM,0.01942143
2008-01-24,GLD,0.02491754
2008-01-24,HYG,0.01254117
2008-01-24,SPY,0.00844155
2008-01-24,TLT,-0.02004353
2008-01-24,UUP,-0.00843899
2008-01-25,EEM,-0.01521181
2008-01-25,GLD,0.00244229
2008-01-25,HYG,0.00152198
2008-01-25,SPY,-0.01444559
2008-01-25,TLT,0.01685035
2008-01-25,UUP,0.0025532
2008-01-28,EEM,0.02474494
2008-01-28,GLD,0.01605755
2008-01-28,HYG,-0.0045613
2008-01-28,SPY,0.01653662
2008-01-28,TLT,-0.00375177
2008-01-28,UUP,-0.00636673
2008-01-29,EEM,-0.00490265
2008-01-29,GLD,-0.00653949
2008-01-29,HYG,0.0010185
2008-01-29,SPY,0.00495419
2008-01-29,TLT,-0.00680023
2008-01-29,UUP,-0.0004271
2008-01-30,EEM,-0.0131626
2008-01-30,GLD,0.0099835
2008-01-30,HYG,0.00386529
2008-01-30,SPY,-0.00735783
2008-01-30,TLT,-0.00653047
2008-01-30,UUP,-0.00598298
2008-01-31,EEM,0.02004454
2008-01-31,GLD,-0.00716919
2008-01-31,HYG,0.00202728
2008-01-31,SPY,0.0182342
2008-01-31,TLT,0.00710344
2008-01-31,UUP,0.00773862
2008-02-01,EEM,0.01994312
2008-02-01,GLD,-0.02242892
2008-02-01,HYG,0.00054941
2008-02-01,SPY,0.01608776
2008-02-01,TLT,0.00601141
2008-02-01,UUP,0.00383969
2008-02-04,EEM,0.00307982
2008-02-04,GLD,-0.00279799
2008-02-04,HYG,0.00020307
2008-02-04,SPY,-0.01260904
2008-02-04,TLT,-0.01029142
2008-02-04,UUP,-0.00170009
2008-02-05,EEM,-0.05383842
2008-02-05,GLD,-0.01593713
2008-02-05,HYG,-0.00803684
2008-02-05,SPY,-0.02677418
2008-02-05,TLT,0.00763884
2008-02-05,UUP,0.01064288
2008-02-06,EEM,-0.01637594
2008-02-06,GLD,0.01448445
2008-02-06,HYG,-0.0020511
2008-02-06,SPY,-0.00805157
2008-02-06,TLT,-0.00305338
2008-02-06,UUP,0.0
2008-02-07,EEM,0.01695594
2008-02-07,GLD,0.01011806
2008-02-07,HYG,-0.0042148
2008-02-07,SPY,0.00661386
2008-02-07,TLT,-0.02154579
2008-02-07,UUP,0.00968837
2008-02-08,EEM,-0.00188615
2008-02-08,GLD,0.01279913
2008-02-08,HYG,-0.00753364
2008-02-08,SPY,-0.0064212
2008-02-08,TLT,0.01144174
2008-02-08,UUP,-0.00292035
2008-02-11,EEM,0.01239623
2008-02-11,GLD,0.00362639
2008-02-11,HYG,-0.00790388
2008-02-11,SPY,0.00511018
2008-02-11,TLT,0.00416236
2008-02-11,UUP,-0.00209212
2008-02-12,EEM,0.01612649
2008-02-12,GLD,-0.02189861
2008-02-12,HYG,0.0037737
2008-02-12,SPY,0.00927083
2008-02-12,TLT,-0.00595157
2008-02-12,UUP,-0.00335427
2008-02-13,EEM,0.02248349
2008-02-13,GLD,0.0012314
2008-02-13,HYG,-0.00261082
2008-02-13,SPY,0.01022304
2008-02-13,TLT,-0.01058483
2008-02-13,UUP,0.00168273
2008-02-14,EEM,-0.01286282
2008-02-14,GLD,0.00301875
2008-02-14,HYG,0.0049217
2008-02-14,SPY,-0.00879957
2008-02-14,TLT,-0.01469682
2008-02-14,UUP,-0.00335991
2008-02-15,EEM,0.00713384
2008-02-15,GLD,-0.00624231
2008-02-15,HYG,-0.00250087
2008-02-15,SPY,-0.00022211
2008-02-15,TLT,0.00767808
2008-02-15,UUP,0.0
2008-02-19,EEM,0.01308276
2008-02-19,GLD,0.02725743
2008-02-19,HYG,-0.00511812
2008-02-19,SPY,0.00281201
2008-02-19,TLT,-0.01012272
2008-02-19,UUP,-0.00168557
2008-02-20,EEM,0.00834777
2008-02-20,GLD,0.01812618
2008-02-20,HYG,0.00262543
2008-02-20,SPY,0.00295143
2008-02-20,TLT,0.0069269
2008-02-20,UUP,0.00042225
2008-02-21,EEM,-0.01400997
2008-02-21,GLD,0.00010727
2008-02-21,HYG,0.00345504
2008-02-21,SPY,-0.008314
2008-02-21,TLT,0.01059254
2008-02-21,UUP,-0.00717307
2008-02-22,EEM,0.01341966
2008-02-22,GLD,0.00150133
2008-02-22,HYG,0.00177316
2008-02-22,SPY,0.00615821
2008-02-22,TLT,-0.00572745
2008-02-22,UUP,-0.01147483
2008-02-25,EEM,0.01862335
2008-02-25,GLD,-0.00696008
2008-02-25,HYG,0.00302186
2008-02-25,SPY,0.01260857
2008-02-25,TLT,-0.01021468
2008-02-25,UUP,0.00515918
2008-02-26,EEM,0.01320784
2008-02-26,GLD,0.01045936
2008-02-26,HYG,0.00643876
2008-02-26,SPY,0.00750037
2008-02-26,TLT,0.00032814
2008-02-26,UUP,-0.0068437
2008-02-27,EEM,0.00843941
2008-02-27,GLD,0.0114182
2008-02-27,HYG,-0.00020736
2008-02-27,SPY,-0.00101186
2008-02-27,TLT,0.0008793
2008-02-27,UUP,-0.00645976
2008-02-28,EEM,-0.01074971
2008-02-28,GLD,0.0127664
2008-02-28,HYG,-0.00144394
2008-02-28,SPY,-0.00976654
2008-02-28,TLT,0.01776496
2008-02-28,UUP,-0.00563497
2008-02-29,EEM,-0.03975234
2008-02-29,GLD,0.0019794
2008-02-29,HYG,-0.00382461
2008-02-29,SPY,-0.02228464
2008-02-29,TLT,0.01529986
2008-02-29,UUP,0.00043585
2008-03-03,EEM,0.00544324
2008-03-03,GLD,0.01102098
2008-03-03,HYG,0.0002716
2008-03-03,SPY,-0.00239104
2008-03-03,TLT,-0.00257714
2008-03-03,UUP,-0.00217862
2008-03-04,EEM,-0.02322304
2008-03-04,GLD,-0.02118467
2008-03-04,HYG,-0.00114808
2008-03-04,SPY,-0.00382029
2008-03-04,TLT,-0.00971844
2008-03-04,UUP,0.00261999
2008-03-05,EEM,0.02100368
2008-03-05,GLD,0.02668629
2008-03-05,HYG,0.00282122
2008-03-05,SPY,0.00631632
2008-03-05,TLT,-0.01196975
2008-03-05,UUP,-0.00479082
2008-03-06,EEM,-0.03428535
2008-03-06,GLD,-0.01248466
2008-03-06,HYG,-0.00260494
2008-03-06,SPY,-0.02069759
2008-03-06,TLT,0.00534735
2008-03-06,UUP,-0.00525155
2008-03-07,EEM,-0.01383133
2008-03-07,GLD,-0.00424874
2008-03-07,HYG,-0.00208987
2008-03-07,SPY,-0.01030091
2008-03-07,TLT,0.00130325
2008-03-07,UUP,0.00307947
2008-03-10,EEM,-0.01755008
2008-03-10,GLD,-0.00228945
2008-03-10,HYG,-0.0023037
2008-03-10,SPY,-0.01318314
2008-03-10,TLT,0.01474534
2008-03-10,UUP,-0.00307001
2008-03-11,EEM,0.06725623
2008-03-11,GLD,0.00125164
2008-03-11,HYG,0.00251895
2008-03-11,SPY,0.03593736
2008-03-11,TLT,-0.00854767
2008-03-11,UUP,0.00659902
2008-03-12,EEM,-0.01852589
2008-03-12,GLD,0.01062615
2008-03-12,HYG,-0.00020941
2008-03-12,SPY,-0.0093514
2008-03-12,TLT,0.01929113
2008-03-12,UUP,-0.01748248
2008-03-13,EEM,-0.00911033
2008-03-13,GLD,0.01370987
2008-03-13,HYG,-0.00701566
2008-03-13,SPY,0.00220775
2008-03-13,TLT,-0.00782448
2008-03-13,UUP,-0.00266894
2008-03-14,EEM,-0.03545165
2008-03-14,GLD,0.00376248
2008-03-14,HYG,-0.00600995
2008-03-14,SPY,-0.01549558
2008-03-14,TLT,0.01236221
2008-03-14,UUP,0.00178385
2008-03-17,EEM,-0.02470679
2008-03-17,GLD,0.00466011
2008-03-17,HYG,-0.00466915
2008-03-17,SPY,-0.01010721
2008-03-17,TLT,0.00768422
2008-03-17,UUP,-0.00845923
2008-03-18,EEM,0.05199403
2008-03-18,GLD,-0.02692345
2008-03-18,HYG,0.01470944
2008-03-18,SPY,0.04154309
2008-03-18,TLT,-0.00386598
2008-03-18,UUP,0.01167478
2008-03-19,EEM,-0.06005208
2008-03-19,GLD,-0.03585491
2008-03-19,HYG,0.0010503
2008-03-19,SPY,-0.02476974
2008-03-19,TLT,0.01656956
2008-03-19,UUP,0.00088777
2008-03-20,EEM,0.01684218
2008-03-20,GLD,-0.03364141
2008-03-20,HYG,0.00472179
2008-03-20,SPY,0.01852269
2008-03-20,TLT,0.0024758
2008-03-20,UUP,0.01064313
2008-03-24,EEM,0.03833545
2008-03-24,GLD,0.00211317
2008-03-24,HYG,0.00762393
2008-03-24,SPY,0.01998785
2008-03-24,TLT,-0.01934553
2008-03-24,UUP,0.01491878
2008-03-25,EEM,0.01535274
2008-03-25,GLD,0.02918984
2008-03-25,HYG,0.00259125
2008-03-25,SPY,0.00096452
2008-03-25,TLT,0.00419665
2008-03-25,UUP,-0.02204942
2008-03-26,EEM,-0.00811348
2008-03-26,GLD,0.01153887
2008-03-26,HYG,-0.00237758
2008-03-26,SPY,-0.01223554
2008-03-26,TLT,-0.00417911
2008-03-26,UUP,-0.01414686
2008-03-27,EEM,-0.00483327
2008-03-27,GLD,-0.00362478
2008-03-27,HYG,-0.00321193
2008-03-27,SPY,-0.00315305
2008-03-27,TLT,-0.00703139
2008-03-27,UUP,0.00179386
2008-03-28,EEM,-0.00179382
2008-03-28,GLD,-0.01690565
2008-03-28,HYG,0.00051978
2008-03-28,SPY,-0.00956511
2008-03-28,TLT,0.00972306
2008-03-28,UUP,0.00089512
2008-03-31,EEM,0.00591403
2008-03-31,GLD,-0.01599906
2008-03-31,HYG,0.00446777
2008-03-31,SPY,0.00349825
2008-03-31,TLT,0.0035579
2008-03-31,UUP,0.00178895
2008-04-01,EEM,0.03839881
2008-04-01,GLD,-0.0392656
2008-04-01,HYG,0.00439389
2008-04-01,SPY,0.03515959
2008-04-01,TLT,-0.01627562
2008-04-01,UUP,0.01562499
2008-04-02,EEM,0.00071639
2008-04-02,GLD,0.02774575
2008-04-02,HYG,0.00051815
2008-04-02,SPY,0.00065865
2008-04-02,TLT,0.00212972
2008-04-02,UUP,-0.00967028
2008-04-03,EEM,0.01217399
2008-04-03,GLD,0.00168031
2008-04-03,HYG,-0.00176108
2008-04-03,SPY,0.00248718
2008-04-03,TLT,0.00223159
2008-04-03,UUP,0.00355089
2008-04-04,EEM,-0.00403239
2008-04-04,GLD,0.00928206
2008-04-04,HYG,0.0038409
2008-04-04,SPY,-0.00109455
2008-04-04,TLT,0.00911534
2008-04-04,UUP,-0.00973036
2008-04-07,EEM,0.01328381
2008-04-07,GLD,0.01019389
2008-04-07,HYG,0.00796361
2008-04-07,SPY,0.00051126
2008-04-07,TLT,-0.00525133
2008-04-07,UUP,0.0071462
2008-04-08,EEM,-0.00546834
2008-04-08,GLD,-0.00899418
2008-04-08,HYG,0.00338496
2008-04-08,SPY,-0.00102216
2008-04-08,TLT,-0.00348513
2008-04-08,UUP,0.0
2008-04-09,EEM,-0.01557846
2008-04-09,GLD,0.02147208
2008-04-09,HYG,-0.0086914
2008-04-09,SPY,-0.00723556
2008-04-09,TLT,0.01038491
2008-04-09,UUP,-0.006652
2008-04-10,EEM,0.01432143
2008-04-10,GLD,-0.00563446
2008-04-10,HYG,0.00361071
2008-04-10,SPY,0.00139858
2008-04-10,TLT,-0.00335599
2008-04-10,UUP,0.00446443
2008-04-11,EEM,-0.01630816
2008-04-11,GLD,-0.00512143
2008-04-11,HYG,-0.00801694
2008-04-11,SPY,-0.0194088
2008-04-11,TLT,0.00673478
2008-04-11,UUP,-0.00355553
2008-04-14,EEM,-0.00236793
2008-04-14,GLD,-0.00208108
2008-04-14,HYG,0.0035226
2008-04-14,SPY,-0.0033735
2008-04-14,TLT,-0.00585393
2008-04-14,UUP,0.0
2008-04-15,EEM,0.01172544
2008-04-15,GLD,0.00603669
2008-04-15,HYG,-0.00010371
2008-04-15,SPY,0.00233161
2008-04-15,TLT,-0.01240741
2008-04-15,UUP,0.0013382
2008-04-16,EEM,0.02957934
2008-04-16,GLD,0.01756484
2008-04-16,HYG,0.00433708
2008-04-16,SPY,0.02709457
2008-04-16,TLT,-0.00979403
2008-04-16,UUP,-0.0097997
2008-04-17,EEM,-0.00725125
2008-04-17,GLD,-0.0076123
2008-04-17,HYG,0.00102817
2008-04-17,SPY,0.001461
2008-04-17,TLT,-0.00171963
2008-04-17,UUP,0.00539812
2008-04-18,EEM,0.01509559
2008-04-18,GLD,-0.02095932
2008-04-18,HYG,0.0067786
2008-04-18,SPY,0.01043415
2008-04-18,TLT,-0.00086227
2008-04-18,UUP,0.00671142
2008-04-21,EEM,0.00507151
2008-04-21,GLD,-0.00408301
2008-04-21,HYG,-0.0016321
2008-04-21,SPY,0.00050547
2008-04-21,TLT,0.00398882
2008-04-21,UUP,-0.00755553
2008-04-22,EEM,-0.00927368
2008-04-22,GLD,0.00022157
2008-04-22,HYG,0.00132801
2008-04-22,SPY,-0.00440281
2008-04-22,TLT,0.0034349
2008-04-22,UUP,-0.0035828
2008-04-23,EEM,0.01438429
2008-04-23,GLD,-0.01163172
2008-04-23,HYG,0.00408179
2008-04-23,SPY,-0.00159509
2008-04-23,TLT,-0.0033172
2008-04-23,UUP,0.00674158
2008-04-24,EEM,-0.01282339
2008-04-24,GLD,-0.0224165
2008-04-24,HYG,0.00030431
2008-04-24,SPY,0.00435742
2008-04-24,TLT,-0.00847982
2008-04-24,UUP,0.01116097
2008-04-25,EEM,0.00735406
2008-04-25,GLD,0.00057321
2008-04-25,HYG,0.00477495
2008-04-25,SPY,0.00925362
2008-04-25,TLT,-0.00584656
2008-04-25,UUP,0.00264881
2008-04-28,EEM,-0.00191025
2008-04-28,GLD,0.00481272
2008-04-28,HYG,0.00586517
2008-04-28,SPY,0.000215
2008-04-28,TLT,0.00304944
2008-04-28,UUP,-0.00132101
2008-04-29,EEM,-0.01770447
2008-04-29,GLD,-0.02143922
2008-04-29,HYG,-0.00291578
2008-04-29,SPY,-0.00393922
2008-04-29,TLT,0.00379977
2008-04-29,UUP,0.00396816
2008-04-30,EEM,0.02059873
2008-04-30,GLD,0.00978912
2008-04-30,HYG,0.00100797
2008-04-30,SPY,-0.00589621
2008-04-30,TLT,0.00713846
2008-04-30,UUP,-0.00702663
2008-05-01,EEM,0.01063632
2008-05-01,GLD,-0.03069825
2008-05-01,HYG,0.02125146
2008-05-01,SPY,0.02068598
2008-05-01,TLT,6.572e-05
2008-05-01,UUP,0.00840331
2008-05-02,EEM,0.00958046
2008-05-02,GLD,0.00702469
2008-05-02,HYG,-0.01011677
2008-05-02,SPY,0.00276333
2008-05-02,TLT,-0.01261069
2008-05-02,UUP,0.00526327
2008-05-05,EEM,-0.00073521
2008-05-05,GLD,0.01998102
2008-05-05,HYG,-0.00160253
2008-05-05,SPY,-0.00480498
2008-05-05,TLT,0.0
2008-05-05,UUP,-0.00479948
2008-05-06,EEM,0.01116849
2008-05-06,GLD,0.00417295
2008-05-06,HYG,-0.00712607
2008-05-06,SPY,0.00866222
2008-05-06,TLT,-0.00720442
2008-05-06,UUP,-0.003507
2008-05-07,EEM,-0.02976198
2008-05-07,GLD,-0.00935008
2008-05-07,HYG,0.00070807
2008-05-07,SPY,-0.01780999
2008-05-07,TLT,0.00428756
2008-05-07,UUP,0.00659902
2008-05-08,EEM,0.01029309
2008-05-08,GLD,0.01654624
2008-05-08,HYG,-0.00212206
2008-05-08,SPY,-0.0025802
2008-05-08,TLT,0.00897785
2008-05-08,UUP,0.0
2008-05-09,EEM,-0.00816404
2008-05-09,GLD,0.00206328
2008-05-09,HYG,0.00212658
2008-05-09,SPY,-0.0018685
2008-05-09,TLT,0.00368943
2008-05-09,UUP,-0.00655575
2008-05-12,EEM,0.01285718
2008-05-12,GLD,-0.00491879
2008-05-12,HYG,-0.00131372
2008-05-12,SPY,0.01123145
2008-05-12,TLT,-0.00151396
2008-05-12,UUP,-0.00131994
2008-05-13,EEM,0.00476867
2008-05-13,GLD,-0.0183929
2008-05-13,HYG,-0.00030335
2008-05-13,SPY,0.0001421
2008-05-13,TLT,-0.01093569
2008-05-13,UUP,0.00440523
2008-05-14,EEM,0.00240647
2008-05-14,GLD,-0.00222511
2008-05-14,HYG,-0.00141624
2008-05-14,SPY,0.00206452
2008-05-14,TLT,0.0004385
2008-05-14,UUP,0.00131579
2008-05-15,EEM,0.02127242
2008-05-15,GLD,0.0211268
2008-05-15,HYG,0.00263387
2008-05-15,SPY,0.01250264
2008-05-15,TLT,0.00908227
2008-05-15,UUP,-0.00087611
2008-05-16,EEM,0.01273235
2008-05-16,GLD,0.02413791
2008-05-16,HYG,0.00141524
2008-05-16,SPY,0.0009119
2008-05-16,TLT,-0.00412095
2008-05-16,UUP,-0.00964464
2008-05-19,EEM,0.00019327
2008-05-19,GLD,0.00325478
2008-05-19,HYG,0.00393468
2008-05-19,SPY,0.00273395
2008-05-19,TLT,0.00130687
2008-05-19,UUP,0.00531189
2008-05-20,EEM,-0.01733993
2008-05-20,GLD,0.01689229
2008-05-20,HYG,-0.00190887
2008-05-20,SPY,-0.0081092
2008-05-20,TLT,0.00521928
2008-05-20,UUP,-0.01012768
2008-05-21,EEM,-0.01016792
2008-05-21,GLD,0.01166114
2008-05-21,HYG,-0.00181319
2008-05-21,SPY,-0.01691443
2008-05-21,TLT,0.00021655
2008-05-21,UUP,-0.00711738
2008-05-22,EEM,0.00291579
2008-05-22,GLD,-0.01065676
2008-05-22,HYG,-0.00151336
2008-05-22,SPY,0.00014286
2008-05-22,TLT,-0.01178866
2008-05-22,UUP,0.00627217
2008-05-23,EEM,-0.01744509
2008-05-23,GLD,0.00274786
2008-05-23,HYG,-0.00596242
2008-05-23,SPY,-0.01340375
2008-05-23,TLT,0.00437772
2008-05-23,UUP,-0.00578781
2008-05-27,EEM,-0.00161455
2008-05-27,GLD,-0.02049767
2008-05-27,HYG,-0.00558939
2008-05-27,SPY,0.00741075
2008-05-27,TLT,-0.00675631
2008-05-27,UUP,0.0058215
2008-05-28,EEM,0.01347293
2008-05-28,GLD,-0.00246197
2008-05-28,HYG,0.00490713
2008-05-28,SPY,0.0046157
2008-05-28,TLT,-0.00888657
2008-05-28,UUP,0.00445261
2008-05-29,EEM,0.00219318
2008-05-29,GLD,-0.02950412
2008-05-29,HYG,-0.00101828
2008-05-29,SPY,0.00502481
2008-05-29,TLT,-0.00719457
2008-05-29,UUP,0.00797863
2008-05-30,EEM,0.00344886
2008-05-30,GLD,0.01086574
2008-05-30,HYG,0.00010224
2008-05-30,SPY,0.00249992
2008-05-30,TLT,0.00657795
2008-05-30,UUP,-0.00131926
2008-06-02,EEM,-0.01189717
2008-06-02,GLD,0.00583193
2008-06-02,HYG,-0.00825929
2008-06-02,SPY,-0.01033103
2008-06-02,TLT,0.00385773
2008-06-02,UUP,-0.00132101
2008-06-03,EEM,-0.01805966
2008-06-03,GLD,-0.01227833
2008-06-03,HYG,0.0007226
2008-06-03,SPY,-0.00583154
2008-06-03,TLT,0.00719789
2008-06-03,UUP,0.00529101
2008-06-04,EEM,-0.00871938
2008-06-04,GLD,-0.00264728
2008-06-04,HYG,-0.00103165
2008-06-04,SPY,-0.0005069
2008-06-04,TLT,-0.00890623
2008-06-04,UUP,0.00263178
2008-06-05,EEM,0.03181689
2008-06-05,GLD,-0.00230819
2008-06-05,HYG,0.00434036
2008-06-05,SPY,0.01999741
2008-06-05,TLT,-0.00599052
2008-06-05,UUP,-0.00481217
2008-06-06,EEM,-0.03623072
2008-06-06,GLD,0.03019087
2008-06-06,HYG,-0.00277838
2008-06-06,SPY,-0.03189421
2008-06-06,TLT,0.01294606
2008-06-06,UUP,-0.01142846
2008-06-09,EEM,-0.00255649
2008-06-09,GLD,-0.01201437
2008-06-09,HYG,0.00319939
2008-06-09,SPY,0.00242128
2008-06-09,TLT,0.0
2008-06-09,UUP,0.00844814
2008-06-10,EEM,-0.02307108
2008-06-10,GLD,-0.02773037
2008-06-10,HYG,0.00041123
2008-06-10,SPY,-0.0049772
2008-06-10,TLT,-0.00650044
2008-06-10,UUP,0.01058213
2008-06-11,EEM,-0.01496273
2008-06-11,GLD,0.01718286
2008-06-11,HYG,-0.0002062
2008-06-11,SPY,-0.01471233
2008-06-11,TLT,-0.00232892
2008-06-11,UUP,-0.00654471
2008-06-12,EEM,0.00583097
2008-06-12,GLD,-0.01631807
2008-06-12,HYG,-0.00164463
2008-06-12,SPY,0.00380765
2008-06-12,TLT,-0.01000452
2008-06-12,UUP,0.00834436
2008-06-13,EEM,0.01080838
2008-06-13,GLD,0.00268696
2008-06-13,HYG,0.00442961
2008-06-13,SPY,0.01264403
2008-06-13,TLT,-0.00213287
2008-06-13,UUP,0.00130662
2008-06-16,EEM,0.00339883
2008-06-16,GLD,0.01374811
2008-06-16,HYG,-0.01384572
2008-06-16,SPY,0.00058766
2008-06-16,TLT,0.00022474
2008-06-16,UUP,-0.00434976
2008-06-17,EEM,0.00423424
2008-06-17,GLD,0.00275828
2008-06-17,HYG,0.00176815
2008-06-17,SPY,-0.00484423
2008-06-17,TLT,0.00202539
2008-06-17,UUP,-0.00218443
2008-06-18,EEM,-0.00484895
2008-06-18,GLD,0.01180514
2008-06-18,HYG,0.00217883
2008-06-18,SPY,-0.00973704
2008-06-18,TLT,0.00841994
2008-06-18,UUP,-0.00087542
2008-06-19,EEM,0.00155379
2008-06-19,GLD,0.00158586
2008-06-19,HYG,-0.00631857
2008-06-19,SPY,0.00126637
2008-06-19,TLT,-0.00590087
2008-06-19,UUP,0.00087619
2008-06-20,EEM,-0.03264485
2008-06-20,GLD,0.00599411
2008-06-20,HYG,-0.00396196
2008-06-20,SPY,-0.01623169
2008-06-20,TLT,0.00582379
2008-06-20,UUP,-0.00656724
2008-06-23,EEM,0.00291559
2008-06-23,GLD,-0.02091063
2008-06-23,HYG,-0.00366298
2008-06-23,SPY,-0.0009882
2008-06-23,TLT,0.00211617
2008-06-23,UUP,0.00572944
2008-06-24,EEM,-0.00443326
2008-06-24,GLD,0.00436336
2008-06-24,HYG,-0.0042022
2008-06-24,SPY,-0.00197763
2008-06-24,TLT,0.00666654
2008-06-24,UUP,-0.00262938
2008-06-25,EEM,0.02002405
2008-06-25,GLD,-0.00057166
2008-06-25,HYG,0.00337523
2008-06-25,SPY,0.00472595
2008-06-25,TLT,0.0004414
2008-06-25,UUP,-0.00483281
2008-06-26,EEM,-0.03431072
2008-06-26,GLD,0.03649053
2008-06-26,HYG,-0.0078846
2008-06-26,SPY,-0.02716057
2008-06-26,TLT,0.00673019
2008-06-26,UUP,-0.00618109
2008-06-27,EEM,0.00966957
2008-06-27,GLD,0.00949123
2008-06-27,HYG,-0.00275583
2008-06-27,SPY,-0.00545854
2008-06-27,TLT,0.01172545
2008-06-27,UUP,-0.00310987
2008-06-30,EEM,0.0075721
2008-06-30,GLD,-0.00076527
2008-06-30,HYG,-0.00106186
2008-06-30,SPY,0.00352828
2008-06-30,TLT,0.00021612
2008-06-30,UUP,0.00222824
2008-07-01,EEM,-0.01783023
2008-07-01,GLD,0.01378558
2008-07-01,HYG,-0.00106198
2008-07-01,SPY,0.00312551
2008-07-01,TLT,-0.00236827
2008-07-01,UUP,-0.00088935
2008-07-02,EEM,-0.02850723
2008-07-02,GLD,0.00550393
2008-07-02,HYG,-0.00075028
2008-07-02,SPY,-0.01713669
2008-07-02,TLT,0.00522851
2008-07-02,UUP,-0.00489549
2008-07-03,EEM,-0.00285738
2008-07-03,GLD,-0.01191371
2008-07-03,HYG,-0.00042849
2008-07-03,SPY,0.00103024
2008-07-03,TLT,-0.00216733
2008-07-03,UUP,0.00983915
2008-07-07,EEM,-0.00356193
2008-07-07,GLD,-0.0090158
2008-07-07,HYG,0.00085892
2008-07-07,SPY,-0.01021268
2008-07-07,TLT,0.00456165
2008-07-07,UUP,-0.00088571
2008-07-08,EEM,0.01227893
2008-07-08,GLD,-0.00405571
2008-07-08,HYG,-0.00268257
2008-07-08,SPY,0.01775704
2008-07-08,TLT,0.0064868
2008-07-08,UUP,0.00443266
2008-07-09,EEM,-0.02019167
2008-07-09,GLD,0.0070438
2008-07-09,HYG,-0.00344151
2008-07-09,SPY,-0.01925516
2008-07-09,TLT,0.00440482
2008-07-09,UUP,-0.00706094
2008-07-10,EEM,0.01810039
2008-07-10,GLD,0.02218578
2008-07-10,HYG,0.0012949
2008-07-10,SPY,0.00408686
2008-07-10,TLT,-0.00010716
2008-07-10,UUP,-0.00088896
2008-07-11,EEM,-0.00669572
2008-07-11,GLD,0.01742762
2008-07-11,HYG,-0.00129323
2008-07-11,SPY,-0.0116522
2008-07-11,TLT,-0.01422585
2008-07-11,UUP,-0.00667251
2008-07-14,EEM,-0.00123974
2008-07-14,GLD,0.00788146
2008-07-14,HYG,-0.00237405
2008-07-14,SPY,-0.00904378
2008-07-14,TLT,0.00878909
2008-07-14,UUP,-0.00179135
2008-07-15,EEM,-0.01667937
2008-07-15,GLD,0.00271082
2008-07-15,HYG,-0.01547218
2008-07-15,SPY,-0.01409709
2008-07-15,TLT,-0.00032261
2008-07-15,UUP,-0.00089723
2008-07-16,EEM,0.02887558
2008-07-16,GLD,-0.01798893
2008-07-16,HYG,0.00329667
2008-07-16,SPY,0.02454775
2008-07-16,TLT,-0.01807595
2008-07-16,UUP,0.00493935
2008-07-17,EEM,0.00467722
2008-07-17,GLD,-0.00232953
2008-07-17,HYG,0.0029578
2008-07-17,SPY,0.01000326
2008-07-17,TLT,-0.00514966
2008-07-17,UUP,0.00178735
2008-07-18,EEM,-0.00862477
2008-07-18,GLD,-0.00053071
2008-07-18,HYG,0.01605326
2008-07-18,SPY,0.00622991
2008-07-18,TLT,-0.00374562
2008-07-18,UUP,0.0
2008-07-21,EEM,0.01239519
2008-07-21,GLD,0.01008819
2008-07-21,HYG,0.00494456
2008-07-21,SPY,0.0005559
2008-07-21,TLT,0.0038693
2008-07-21,UUP,-0.00356832
2008-07-22,EEM,0.00060837
2008-07-22,GLD,-0.02165691
2008-07-22,HYG,0.00342125
2008-07-22,SPY,0.01134433
2008-07-22,TLT,-0.00495644
2008-07-22,UUP,0.00716209
2008-07-23,EEM,0.00144422
2008-07-23,GLD,-0.02675691
2008-07-23,HYG,-0.00266373
2008-07-23,SPY,0.00541309
2008-07-23,TLT,-0.00199129
2008-07-23,UUP,0.00400011
2008-07-24,EEM,-0.03695832
2008-07-24,GLD,0.00839132
2008-07-24,HYG,0.00235065
2008-07-24,SPY,-0.02075414
2008-07-24,TLT,0.00975952
2008-07-24,UUP,-0.00088562
2008-07-25,EEM,0.00685579
2008-07-25,GLD,0.00394176
2008-07-25,HYG,0.002133
2008-07-25,SPY,-0.00023913
2008-07-25,TLT,-0.00999511
2008-07-25,UUP,0.0013293
2008-07-28,EEM,-0.01690564
2008-07-28,GLD,0.00043626
2008-07-28,HYG,-0.00340521
2008-07-28,SPY,-0.01466346
2008-07-28,TLT,0.01009602
2008-07-28,UUP,-0.00221236
2008-07-29,EEM,0.05541003
2008-07-29,GLD,-0.01242785
2008-07-29,HYG,0.00021372
2008-07-29,SPY,0.02135221
2008-07-29,TLT,-0.00406441
2008-07-29,UUP,0.00842567
2008-07-30,EEM,-0.01040982
2008-07-30,GLD,-0.01181146
2008-07-30,HYG,0.00021398
2008-07-30,SPY,0.01781721
2008-07-30,TLT,0.00099257
2008-07-30,UUP,-0.00087948
2008-07-31,EEM,-0.02240995
2008-07-31,GLD,0.00625564
2008-07-31,HYG,0.00202692
2008-07-31,SPY,-0.01322626
2008-07-31,TLT,0.00991564
2008-07-31,UUP,0.0
2008-08-01,EEM,-0.00678388
2008-08-01,GLD,-0.00566166
2008-08-01,HYG,-0.00447264
2008-08-01,SPY,-0.00528248
2008-08-01,TLT,0.00221113
2008-08-01,UUP,0.00308113
2008-08-04,EEM,-0.03061684
2008-08-04,GLD,-0.01596517
2008-08-04,HYG,-0.00689526
2008-08-04,SPY,-0.00927431
2008-08-04,TLT,-0.00229376
2008-08-04,UUP,0.00043862
2008-08-05,EEM,0.01287639
2008-08-05,GLD,-0.02337188
2008-08-05,HYG,0.00705155
2008-08-05,SPY,0.02696235
2008-08-05,TLT,-0.00744511
2008-08-05,UUP,0.00745622
2008-08-06,EEM,0.01990896
2008-08-06,GLD,0.00650555
2008-08-06,HYG,-0.0066777
2008-08-06,SPY,0.00444077
2008-08-06,TLT,-0.00408262
2008-08-06,UUP,0.00304729
2008-08-07,EEM,-0.03433691
2008-08-07,GLD,-0.00634814
2008-08-07,HYG,-0.00119346
2008-08-07,SPY,-0.01489195
2008-08-07,TLT,0.01628291
2008-08-07,UUP,0.00520834
2008-08-08,EEM,0.00243567
2008-08-08,GLD,-0.0192821
2008-08-08,HYG,0.00173738
2008-08-08,SPY,0.01858128
2008-08-08,TLT,0.00272462
2008-08-08,UUP,0.01597598
2008-08-11,EEM,-0.01044711
2008-08-11,GLD,-0.03908567
2008-08-11,HYG,-0.00281912
2008-08-11,SPY,0.01035779
2008-08-11,TLT,-0.00956453
2008-08-11,UUP,0.00552481
2008-08-12,EEM,-0.00834769
2008-08-12,GLD,-0.0075188
2008-08-12,HYG,0.00391357
2008-08-12,SPY,-0.01040452
2008-08-12,TLT,0.00932791
2008-08-12,UUP,-0.00211324
2008-08-13,EEM,-0.00024769
2008-08-13,GLD,0.01291606
2008-08-13,HYG,0.0015157
2008-08-13,SPY,-0.00603012
2008-08-13,TLT,-0.00347962
2008-08-13,UUP,0.0
2008-08-14,EEM,0.01312567
2008-08-14,GLD,-0.02709661
2008-08-14,HYG,0.0
2008-08-14,SPY,0.00754435
2008-08-14,TLT,0.00643745
2008-08-14,UUP,0.00592986
2008-08-15,EEM,-0.01564436
2008-08-15,GLD,-0.02167613
2008-08-15,HYG,0.00227008
2008-08-15,SPY,0.00486379
2008-08-15,TLT,0.00867313
2008-08-15,UUP,0.00757876
2008-08-18,EEM,-0.01688629
2008-08-18,GLD,0.01507157
2008-08-18,HYG,-0.00226494
2008-08-18,SPY,-0.01367448
2008-08-18,TLT,0.00397804
2008-08-18,UUP,-0.00292524
2008-08-19,EEM,-0.00833544
2008-08-19,GLD,0.02068524
2008-08-19,HYG,0.00194615
2008-08-19,SPY,-0.0109043
2008-08-19,TLT,-0.00385427
2008-08-19,UUP,-0.00461001
2008-08-20,EEM,0.02547125
2008-08-20,GLD,-0.00460031
2008-08-20,HYG,-0.00021567
2008-08-20,SPY,0.00464565
2008-08-20,TLT,0.00279364
2008-08-20,UUP,0.00294721
2008-08-21,EEM,-0.00149011
2008-08-21,GLD,0.02797909
2008-08-21,HYG,-0.00140288
2008-08-21,SPY,0.00172445
2008-08-21,TLT,-0.00182214
2008-08-21,UUP,-0.01133493
2008-08-22,EEM,-0.00074651
2008-08-22,GLD,-0.01482383
2008-08-22,HYG,-0.00572872
2008-08-22,SPY,0.01447572
2008-08-22,TLT,-0.00064441
2008-08-22,UUP,0.010191
2008-08-25,EEM,-0.02066196
2008-08-25,GLD,-0.00185004
2008-08-25,HYG,0.00543521
2008-08-25,SPY,-0.02028533
2008-08-25,TLT,0.00999239
2008-08-25,UUP,-0.00042038
2008-08-26,EEM,0.00177947
2008-08-26,GLD,0.00370694
2008-08-26,HYG,-0.00540583
2008-08-26,SPY,0.00291301
2008-08-26,TLT,0.00084992
2008-08-26,UUP,0.00588728
2008-08-27,EEM,0.02131419
2008-08-27,GLD,0.00160036
2008-08-27,HYG,0.00108781
2008-08-27,SPY,0.00973384
2008-08-27,TLT,0.00170058
2008-08-27,UUP,-0.00292646
2008-08-28,EEM,0.00695676
2008-08-28,GLD,0.01007866
2008-08-28,HYG,0.00141059
2008-08-28,SPY,0.01212816
2008-08-28,TLT,0.00010635
2008-08-28,UUP,0.00335437
2008-08-29,EEM,-0.01184347
2008-08-29,GLD,-0.00571917
2008-08-29,HYG,0.00184342
2008-08-29,SPY,-0.0107537
2008-08-29,TLT,-0.00445577
2008-08-29,UUP,0.00041782
2008-09-02,EEM,-0.03021177
2008-09-02,GLD,-0.03071842
2008-09-02,HYG,0.0002189
2008-09-02,SPY,-0.00621162
2008-09-02,TLT,0.00930449
2008-09-02,UUP,0.00960734
2008-09-03,EEM,-0.01647799
2008-09-03,GLD,-0.00391411
2008-09-03,HYG,0.00326801
2008-09-03,SPY,-0.00085967
2008-09-03,TLT,0.0042398
2008-09-03,UUP,-0.00082744
2008-09-04,EEM,-0.0460734
2008-09-04,GLD,-0.00633794
2008-09-04,HYG,0.00434341
2008-09-04,SPY,-0.03010651
2008-09-04,TLT,0.00801799
2008-09-04,UUP,0.00786754
2008-09-05,EEM,0.01426994
2008-09-05,GLD,0.00752652
2008-09-05,HYG,-0.00086534
2008-09-05,SPY,0.00314447
2008-09-05,TLT,-0.00052291
2008-09-05,UUP,0.00369772
2008-09-08,EEM,0.01244594
2008-09-08,GLD,-0.00151941
2008-09-08,HYG,-0.00119069
2008-09-08,SPY,0.02065625
2008-09-08,TLT,0.00419017
2008-09-08,UUP,0.00532108
2008-09-09,EEM,-0.05611972
2008-09-09,GLD,-0.03005329
2008-09-09,HYG,0.00216676
2008-09-09,SPY,-0.02968741
2008-09-09,TLT,0.00990742
2008-09-09,UUP,0.00040739
2008-09-10,EEM,0.01613819
2008-09-10,GLD,-0.02967704
2008-09-10,HYG,-0.00551307
2008-09-10,SPY,0.00405748
2008-09-10,TLT,-0.00619593
2008-09-10,UUP,0.00651205
2008-09-11,EEM,-0.01476721
2008-09-11,GLD,-0.01535973
2008-09-11,HYG,0.0
2008-09-11,SPY,0.01446825
2008-09-11,TLT,-0.00051911
2008-09-11,UUP,0.00283061
2008-09-12,EEM,0.03337077
2008-09-12,GLD,0.03379859
2008-09-12,HYG,0.0
2008-09-12,SPY,0.0046214
2008-09-12,TLT,-0.01289366
2008-09-12,UUP,-0.0189517
2008-09-15,EEM,-0.07854411
2008-09-15,GLD,0.02660482
2008-09-15,HYG,-0.03673879
2008-09-15,SPY,-0.04758552
2008-09-15,TLT,0.03244169
2008-09-15,UUP,-0.00904247
2008-09-16,EEM,0.00861342
2008-09-16,GLD,-0.00992775
2008-09-16,HYG,-0.02301979
2008-09-16,SPY,0.01673777
2008-09-16,TLT,-0.00020377
2008-09-16,UUP,0.01451679
2008-09-17,EEM,-0.07096623
2008-09-17,GLD,0.1129053
2008-09-17,HYG,-0.06006005
2008-09-17,SPY,-0.04496337
2008-09-17,TLT,0.00499998
2008-09-17,UUP,-0.02166794
2008-09-18,EEM,0.0843107
2008-09-18,GLD,-0.03112563
2008-09-18,HYG,0.07888924
2008-09-18,SPY,0.02967184
2008-09-18,TLT,-0.01462071
2008-09-18,UUP,0.0041788
2008-09-19,EEM,0.12452492
2008-09-19,GLD,0.0384058
2008-09-19,HYG,0.0127558
2008-09-19,SPY,0.03971368
2008-09-19,TLT,-0.03173601
2008-09-19,UUP,-0.00790673
2008-09-22,EEM,-0.06524566
2008-09-22,GLD,0.03721792
2008-09-22,HYG,-0.00089959
2008-09-22,SPY,-0.02263932
2008-09-22,TLT,-0.00010719
2008-09-22,UUP,-0.02265114
2008-09-23,EEM,-0.03114546
2008-09-23,GLD,-0.00964342
2008-09-23,HYG,-0.00979295
2008-09-23,SPY,-0.02275183
2008-09-23,TLT,-0.00383133
2008-09-23,UUP,0.00643788
2008-09-24,EEM,0.01148094
2008-09-24,GLD,-0.01822917
2008-09-24,HYG,0.00897997
2008-09-24,SPY,0.00320571
2008-09-24,TLT,0.00438103
2008-09-24,UUP,0.00980828
2008-09-25,EEM,0.05136201
2008-09-25,GLD,-0.00299853
2008-09-25,HYG,-0.02546139
2008-09-25,SPY,0.01563967
2008-09-25,TLT,-0.00202119
2008-09-25,UUP,-0.00168942
2008-09-26,EEM,-0.03400816
2008-09-26,GLD,0.00219783
2008-09-26,HYG,-0.00346805
2008-09-26,SPY,0.00049611
2008-09-26,TLT,0.00724761
2008-09-26,UUP,0.0
2008-09-29,EEM,-0.11679218
2008-09-29,GLD,0.0338181
2008-09-29,HYG,-0.08097448
2008-09-29,SPY,-0.07836113
2008-09-29,TLT,0.02910111
2008-09-29,UUP,0.00761432
2008-09-30,EEM,0.08098699
2008-09-30,GLD,-0.05024004
2008-09-30,HYG,0.03509238
2008-09-30,SPY,0.04138962
2008-09-30,TLT,-0.0243704
2008-09-30,UUP,0.02602856
2008-10-01,EEM,0.01199875
2008-10-01,GLD,0.01057954
2008-10-01,HYG,0.04353641
2008-10-01,SPY,0.00060349
2008-10-01,TLT,0.01258112
2008-10-01,UUP,0.0040916
2008-10-02,EEM,-0.08762305
2008-10-02,GLD,-0.04234034
2008-10-02,HYG,-0.026045
2008-10-02,SPY,-0.03627447
2008-10-02,TLT,0.00803867
2008-10-02,UUP,0.01385508
2008-10-03,EEM,-0.02630734
2008-10-03,GLD,0.00315796
2008-10-03,HYG,-0.00363091
2008-10-03,SPY,-0.01349985
2008-10-03,TLT,0.0088038
2008-10-03,UUP,-0.00401942
2008-10-06,EEM,-0.0751952
2008-10-06,GLD,0.02046256
2008-10-06,HYG,-0.03631321
2008-10-06,SPY,-0.05093313
2008-10-06,TLT,0.0181715
2008-10-06,UUP,0.01210665
2008-10-07,EEM,-0.07778957
2008-10-07,GLD,0.03547696
2008-10-07,HYG,-0.01688697
2008-10-07,SPY,-0.04478695
2008-10-07,TLT,-0.00302411
2008-10-07,UUP,-0.00717723
2008-10-08,EEM,0.0
2008-10-08,GLD,0.0246362
2008-10-08,HYG,-0.04178949
2008-10-08,SPY,-0.0251922
2008-10-08,TLT,-0.01436301
2008-10-08,UUP,-0.00321292
2008-10-09,EEM,-0.07366393
2008-10-09,GLD,0.00536796
2008-10-09,HYG,-0.02327767
2008-10-09,SPY,-0.06983898
2008-10-09,TLT,-0.00841425
2008-10-09,UUP,0.00523803
2008-10-10,EEM,0.01153646
2008-10-10,GLD,-0.07430479
2008-10-10,HYG,-0.06670302
2008-10-10,SPY,-0.02425609
2008-10-10,TLT,-0.00703671
2008-10-10,UUP,0.00160287
2008-10-13,EEM,0.22769889
2008-10-13,GLD,-0.01478014
2008-10-13,HYG,0.12268827
2008-10-13,SPY,0.14519807
2008-10-13,TLT,-0.01281949
2008-10-13,UUP,-0.0008002
2008-10-14,EEM,-0.04976785
2008-10-14,GLD,0.00256128
2008-10-14,HYG,0.00653561
2008-10-14,SPY,-0.01480009
2008-10-14,TLT,-0.00643956
2008-10-14,UUP,-0.00040051
2008-10-15,EEM,-0.16166173
2008-10-15,GLD,0.01350366
2008-10-15,HYG,-0.04363592
2008-10-15,SPY,-0.09844765
2008-10-15,TLT,0.00956214
2008-10-15,UUP,0.01161867
2008-10-16,EEM,0.04914591
2008-10-16,GLD,-0.04825347
2008-10-16,HYG,-0.03788655
2008-10-16,SPY,0.04165693
2008-10-16,TLT,-0.00515675
2008-10-16,UUP,0.00514846
2008-10-17,EEM,-0.03136183
2008-10-17,GLD,-0.02623284
2008-10-17,HYG,-0.01199764
2008-10-17,SPY,-0.00597186
2008-10-17,TLT,-0.00687626
2008-10-17,UUP,0.00157617
2008-10-20,EEM,0.07008197
2008-10-20,GLD,0.01670769
2008-10-20,HYG,0.02000043
2008-10-20,SPY,0.06007991
2008-10-20,TLT,0.00798933
2008-10-20,UUP,0.00786789
2008-10-21,EEM,-0.07966276
2008-10-21,GLD,-0.03146498
2008-10-21,HYG,-0.00574269
2008-10-21,SPY,-0.0298557
2008-10-21,TLT,0.00528405
2008-10-21,UUP,0.01639338
2008-10-22,EEM,-0.10528524
2008-10-22,GLD,-0.05681967
2008-10-22,HYG,-0.00831054
2008-10-22,SPY,-0.05445409
2008-10-22,TLT,0.02029049
2008-10-22,UUP,0.01190472
2008-10-23,EEM,0.02790716
2008-10-23,GLD,-0.01478173
2008-10-23,HYG,0.0169032
2008-10-23,SPY,0.01158412
2008-10-23,TLT,0.00741918
2008-10-23,UUP,-0.00569261
2008-10-24,EEM,-0.10316751
2008-10-24,GLD,0.02208064
2008-10-24,HYG,-0.02500413
2008-10-24,SPY,-0.05071428
2008-10-24,TLT,-0.01063756
2008-10-24,UUP,0.02595412
2008-10-27,EEM,-0.02623567
2008-10-27,GLD,-0.00041544
2008-10-27,HYG,-0.05085907
2008-10-27,SPY,-0.03550138
2008-10-27,TLT,0.00072375
2008-10-27,UUP,0.0
2008-10-28,EEM,0.20932594
2008-10-28,GLD,0.02230536
2008-10-28,HYG,0.01132116
2008-10-28,SPY,0.11685561
2008-10-28,TLT,-0.01456663
2008-10-28,UUP,-0.01153279
2008-10-29,EEM,-0.03170499
2008-10-29,GLD,0.0028459
2008-10-29,HYG,0.04552175
2008-10-29,SPY,-0.00725223
2008-10-29,TLT,-0.00503162
2008-10-29,UUP,-0.01618372
2008-10-30,EEM,0.1349552
2008-10-30,GLD,-0.01743244
2008-10-30,HYG,0.02740916
2008-10-30,SPY,0.03459351
2008-10-30,TLT,-0.00906117
2008-10-30,UUP,-0.00114749
2008-10-31,EEM,-0.00857671
2008-10-31,GLD,-0.01884201
2008-10-31,HYG,0.00041675
2008-10-31,SPY,0.00550356
2008-10-31,TLT,-0.01297212
2008-10-31,UUP,0.01493665
2008-11-03,EEM,-0.00904431
2008-11-03,GLD,-0.00336414
2008-11-03,HYG,0.00813383
2008-11-03,SPY,0.00289119
2008-11-03,TLT,0.00270406
2008-11-03,UUP,0.00490578
2008-11-04,EEM,0.09126996
2008-11-04,GLD,0.06160345
2008-11-04,HYG,0.01126721
2008-11-04,SPY,0.03398249
2008-11-04,TLT,0.01876828
2008-11-04,UUP,-0.02102892
2008-11-05,EEM,-0.12727309
2008-11-05,GLD,-0.0355061
2008-11-05,HYG,-0.00825344
2008-11-05,SPY,-0.04202721
2008-11-05,TLT,0.01185772
2008-11-05,UUP,0.00345225
2008-11-06,EEM,-0.05041612
2008-11-06,GLD,-0.00796706
2008-11-06,HYG,0.0
2008-11-06,SPY,-0.0554118
2008-11-06,TLT,-0.00721926
2008-11-06,UUP,0.01414378
2008-11-07,EEM,0.08117508
2008-11-07,GLD,0.00387703
2008-11-07,HYG,0.0104019
2008-11-07,SPY,0.03301819
2008-11-07,TLT,-0.00653498
2008-11-07,UUP,-0.00226168
2008-11-10,EEM,0.00933496
2008-11-10,GLD,0.01489658
2008-11-10,HYG,0.0001374
2008-11-10,SPY,-0.01310466
2008-11-10,TLT,0.0048798
2008-11-10,UUP,0.00075554
2008-11-11,EEM,-0.06232454
2008-11-11,GLD,-0.02079368
2008-11-11,HYG,-0.00178347
2008-11-11,SPY,-0.03087555
2008-11-11,TLT,0.00295624
2008-11-11,UUP,0.01547762
2008-11-12,EEM,-0.07418515
2008-11-12,GLD,-0.0284525
2008-11-12,HYG,-0.01416315
2008-11-12,SPY,-0.04400137
2008-11-12,TLT,0.00642186
2008-11-12,UUP,0.00223049
2008-11-13,EEM,0.13849035
2008-11-13,GLD,0.03071431
2008-11-13,HYG,-0.0052991
2008-11-13,SPY,0.06233996
2008-11-13,TLT,-0.02395238
2008-11-13,UUP,-0.01594952
2008-11-14,EEM,-0.09601305
2008-11-14,GLD,0.01593904
2008-11-14,HYG,-0.01219855
2008-11-14,SPY,-0.04990693
2008-11-14,TLT,0.01982459
2008-11-14,UUP,0.00829263
2008-11-17,EEM,-0.01665179
2008-11-17,GLD,-0.00886769
2008-11-17,HYG,-0.01547119
2008-11-17,SPY,-0.01327644
2008-11-17,TLT,0.00441284
2008-11-17,UUP,-0.00074789
2008-11-18,EEM,-0.01464511
2008-11-18,GLD,-0.00192704
2008-11-18,HYG,-0.02105031
2008-11-18,SPY,0.01883713
2008-11-18,TLT,0.01286758
2008-11-18,UUP,0.00299287
2008-11-19,EEM,-0.08639115
2008-11-19,GLD,-0.0034478
2008-11-19,HYG,-0.03416851
2008-11-19,SPY,-0.06407914
2008-11-19,TLT,0.02561434
2008-11-19,UUP,0.00335705
2008-11-20,EEM,-0.07168304
2008-11-20,GLD,0.01646824
2008-11-20,HYG,-0.03324072
2008-11-20,SPY,-0.07423301
2008-11-20,TLT,0.051663
2008-11-20,UUP,0.00669137
2008-11-21,EEM,0.14403081
2008-11-21,GLD,0.07351942
2008-11-21,HYG,0.0099366
2008-11-21,SPY,0.0539426
2008-11-21,TLT,-0.01446093
2008-11-21,UUP,-0.00480046
2008-11-24,EEM,0.06079469
2008-11-24,GLD,0.02612562
2008-11-24,HYG,0.00452887
2008-11-24,SPY,0.06929146
2008-11-24,TLT,-0.01564248
2008-11-24,UUP,-0.02448992
2008-11-25,EEM,-0.01895302
2008-11-25,GLD,-0.00049439
2008-11-25,HYG,0.01041696
2008-11-25,SPY,0.00740911
2008-11-25,TLT,0.02941545
2008-11-25,UUP,-0.0117916
2008-11-26,EEM,0.07635738
2008-11-26,GLD,-0.00605917
2008-11-26,HYG,0.02323376
2008-11-26,SPY,0.03864176
2008-11-26,TLT,0.00134242
2008-11-26,UUP,0.01116251
2008-11-28,EEM,-0.01923084
2008-11-28,GLD,-0.00087086
2008-11-28,HYG,-0.00375968
2008-11-28,SPY,0.01258821
2008-11-28,TLT,0.01235226
2008-11-28,UUP,0.01065859
2008-12-01,EEM,-0.09629622
2008-12-01,GLD,-0.0580251
2008-12-01,HYG,-0.02062434
2008-12-01,SPY,-0.08857827
2008-12-01,TLT,0.03829614
2008-12-01,UUP,0.00564964
2008-12-02,EEM,0.06316259
2008-12-02,GLD,0.01718434
2008-12-02,HYG,0.01074781
2008-12-02,SPY,0.03848454
2008-12-02,TLT,0.00383845
2008-12-02,UUP,-0.0056179
2008-12-03,EEM,0.00816361
2008-12-03,GLD,-0.01000645
2008-12-03,HYG,0.00015393
2008-12-03,SPY,0.02404144
2008-12-03,TLT,0.00282156
2008-12-03,UUP,0.00150662
2008-12-04,EEM,-0.04273507
2008-12-04,GLD,-0.00892623
2008-12-04,HYG,-0.00585525
2008-12-04,SPY,-0.02313316
2008-12-04,TLT,0.01970536
2008-12-04,UUP,-0.00263252
2008-12-05,EEM,0.05921002
2008-12-05,GLD,-0.01298018
2008-12-05,HYG,0.00046547
2008-12-05,SPY,0.03083204
2008-12-05,TLT,-0.01620645
2008-12-05,UUP,0.0041477
2008-12-08,EEM,0.06388644
2008-12-08,GLD,0.02254429
2008-12-08,HYG,0.01161916
2008-12-08,SPY,0.03491437
2008-12-08,TLT,-0.00217314
2008-12-08,UUP,-0.01689826
2008-12-09,EEM,-0.013761
2008-12-09,GLD,0.0017061
2008-12-09,HYG,-0.00750432
2008-12-09,SPY,-0.01648375
2008-12-09,TLT,0.01977469
2008-12-09,UUP,0.00267383
2008-12-10,EEM,0.05961913
2008-12-10,GLD,0.04480542
2008-12-10,HYG,-0.0007717
2008-12-10,SPY,0.00681602
2008-12-10,TLT,-0.00240106
2008-12-10,UUP,-0.00571429
2008-12-11,EEM,-0.02553847
2008-12-11,GLD,0.01128529
2008-12-11,HYG,-0.00772079
2008-12-11,SPY,-0.02408169
2008-12-11,TLT,0.00196186
2008-12-11,UUP,-0.02222229
2008-12-12,EEM,0.01392238
2008-12-12,GLD,0.00198383
2008-12-12,HYG,0.01384986
2008-12-12,SPY,0.01193931
2008-12-12,TLT,0.0
2008-12-12,UUP,-0.0023511
2008-12-15,EEM,-0.01332784
2008-12-15,GLD,0.02215074
2008-12-15,HYG,-0.00521842
2008-12-15,SPY,-0.0139339
2008-12-15,TLT,0.01139026
2008-12-15,UUP,-0.01739802
2008-12-16,EEM,0.07981983
2008-12-16,GLD,0.02251817
2008-12-16,HYG,0.0185156
2008-12-16,SPY,0.0470659
2008-12-16,TLT,0.02472533
2008-12-16,UUP,-0.02414484
2008-12-17,EEM,-0.01743689
2008-12-17,GLD,0.01148474
2008-12-17,HYG,0.0256016
2008-12-17,SPY,-0.00968687
2008-12-17,TLT,0.02713458
2008-12-17,UUP,-0.01195893
2008-12-18,EEM,-0.02199098
2008-12-18,GLD,-0.01826054
2008-12-18,HYG,0.05805112
2008-12-18,SPY,-0.01868323
2008-12-18,TLT,0.02098229
2008-12-18,UUP,0.01711194
2008-12-19,EEM,0.00355058
2008-12-19,GLD,-0.01478485
2008-12-19,HYG,-0.00670149
2008-12-19,SPY,-0.00430167
2008-12-19,TLT,0.00106432
2008-12-19,UUP,0.01518265
2008-12-22,EEM,-0.03734296
2008-12-22,GLD,0.0100448
2008-12-22,HYG,0.04005637
2008-12-22,SPY,-0.01281297
2008-12-22,TLT,-0.00768854
2008-12-22,UUP,-0.0004043
2008-12-23,EEM,-0.00828156
2008-12-23,GLD,-0.00994491
2008-12-23,HYG,0.01459494
2008-12-23,SPY,-0.01033807
2008-12-23,TLT,-0.00131835
2008-12-23,UUP,-0.00080866
2008-12-24,EEM,0.00709849
2008-12-24,GLD,0.0100448
2008-12-24,HYG,-0.01571698
2008-12-24,SPY,0.00580314
2008-12-24,TLT,-0.00214655
2008-12-24,UUP,-0.0004047
2008-12-26,EEM,-0.00331722
2008-12-26,GLD,0.02564102
2008-12-26,HYG,0.01907969
2008-12-26,SPY,0.00576966
2008-12-26,TLT,0.0033093
2008-12-26,UUP,-0.00526327
2008-12-29,EEM,-0.00166396
2008-12-29,GLD,0.00876168
2008-12-29,HYG,0.00673961
2008-12-29,SPY,-0.00286765
2008-12-29,TLT,-0.0011997
2008-12-29,UUP,0.00488411
2008-12-30,EEM,0.02666658
2008-12-30,GLD,-0.00521131
2008-12-30,HYG,0.00305427
2008-12-30,SPY,0.02370288
2008-12-30,TLT,0.00952393
2008-12-30,UUP,-0.00445525
2008-12-31,EEM,0.01339292
2008-12-31,GLD,0.00721764
2008-12-31,HYG,0.00648837
2008-12-31,SPY,0.01427352
2008-12-31,TLT,-0.02091891
2008-12-31,UUP,0.00447519
2009-01-02,EEM,0.04765735
2009-01-02,GLD,-0.00335175
2009-01-02,HYG,-0.003157
2009-01-02,SPY,0.03014215
2009-01-02,TLT,-0.02513608
2009-01-02,UUP,0.00931544
2009-01-05,EEM,0.01299677
2009-01-05,GLD,-0.02029456
2009-01-05,HYG,0.04830379
2009-01-05,SPY,-0.00118335
2009-01-05,TLT,-0.02578475
2009-01-05,UUP,0.01083472
2009-01-06,EEM,0.02264168
2009-01-06,GLD,0.00769406
2009-01-06,HYG,0.00843534
2009-01-06,SPY,0.00667733
2009-01-06,TLT,-0.01005737
2009-01-06,UUP,-0.00158797
2009-01-07,EEM,-0.05756442
2009-01-07,GLD,-0.02795721
2009-01-07,HYG,-0.01810279
2009-01-07,SPY,-0.02995636
2009-01-07,TLT,0.00392181
2009-01-07,UUP,-0.00636179
2009-01-08,EEM,-0.00430717
2009-01-08,GLD,0.02066464
2009-01-08,HYG,-0.01449424
2009-01-08,SPY,0.00408112
2009-01-08,TLT,-0.00079901
2009-01-08,UUP,-0.01000394
2009-01-09,EEM,-0.02162813
2009-01-09,GLD,-0.00639357
2009-01-09,HYG,0.01470741
2009-01-09,SPY,-0.02141926
2009-01-09,TLT,0.00151011
2009-01-09,UUP,0.0153597
2009-01-12,EEM,-0.04220268
2009-01-12,GLD,-0.03765486
2009-01-12,HYG,-0.02174108
2009-01-12,SPY,-0.02402127
2009-01-12,TLT,0.0103789
2009-01-12,UUP,0.0047769
2009-01-13,EEM,0.00293762
2009-01-13,GLD,0.00148582
2009-01-13,HYG,-0.00364028
2009-01-13,SPY,0.00184049
2009-01-13,TLT,0.00105395
2009-01-13,UUP,0.01148986
2009-01-14,EEM,-0.04853577
2009-01-14,GLD,-0.01347671
2009-01-14,HYG,-0.01278326
2009-01-14,SPY,-0.03145385
2009-01-14,TLT,0.01648777
2009-01-14,UUP,0.00391696
2009-01-15,EEM,0.01143393
2009-01-15,GLD,0.00751972
2009-01-15,HYG,-0.00396375
2009-01-15,SPY,0.00035519
2009-01-15,TLT,0.0016397
2009-01-15,UUP,-0.00039027
2009-01-16,EEM,0.01086967
2009-01-16,GLD,0.02885931
2009-01-16,HYG,0.00809137
2009-01-16,SPY,0.00781969
2009-01-16,TLT,-0.01541822
2009-01-16,UUP,-0.00858705
2009-01-20,EEM,-0.07440862
2009-01-20,GLD,0.02188366
2009-01-20,HYG,-0.01710703
2009-01-20,SPY,-0.05278584
2009-01-20,TLT,-0.00017588
2009-01-20,UUP,0.02874015
2009-01-21,EEM,0.05436798
2009-01-21,GLD,-0.0043776
2009-01-21,HYG,0.00013421
2009-01-21,SPY,0.04319191
2009-01-21,TLT,-0.03158916
2009-01-21,UUP,-0.00880207
2009-01-22,EEM,-0.03305422
2009-01-22,GLD,0.00510993
2009-01-22,HYG,-0.00267781
2009-01-22,SPY,-0.01546654
2009-01-22,TLT,-0.01924658
2009-01-22,UUP,-0.00077213
2009-01-23,EEM,0.01276202
2009-01-23,GLD,0.04670131
2009-01-23,HYG,-0.0159733
2009-01-23,SPY,0.00435014
2009-01-23,TLT,-0.00783132
2009-01-23,UUP,-0.00038641
2009-01-26,EEM,0.01170108
2009-01-26,GLD,0.00474413
2009-01-26,HYG,0.00259101
2009-01-26,SPY,0.0068587
2009-01-26,TLT,-0.00872852
2009-01-26,UUP,-0.01314266
2009-01-27,EEM,0.01779369
2009-01-27,GLD,-0.00640809
2009-01-27,HYG,0.00925313
2009-01-27,SPY,0.01015782
2009-01-27,TLT,0.02351244
2009-01-27,UUP,-0.00117511
2009-01-28,EEM,0.05069927
2009-01-28,GLD,-0.01086218
2009-01-28,HYG,0.03545374
2009-01-28,SPY,0.03383411
2009-01-28,TLT,-0.02498586
2009-01-28,UUP,0.0035294
2009-01-29,EEM,-0.05074854
2009-01-29,GLD,0.0237932
2009-01-29,HYG,-0.02486607
2009-01-29,SPY,-0.03249855
2009-01-29,TLT,-0.02299878
2009-01-29,UUP,0.00781554
2009-01-30,EEM,-0.00744987
2009-01-30,GLD,0.02022344
2009-01-30,HYG,0.00453949
2009-01-30,SPY,-0.02034242
2009-01-30,TLT,-0.00317003
2009-01-30,UUP,0.00620391
2009-02-02,EEM,-0.01015429
2009-02-02,GLD,-0.02705072
2009-02-02,HYG,-0.02130589
2009-02-02,SPY,-0.00301844
2009-02-02,TLT,0.01860558
2009-02-02,UUP,-0.00077082
2009-02-03,EEM,0.02988396
2009-02-03,GLD,-0.00416474
2009-02-03,HYG,0.00178243
2009-02-03,SPY,0.014047
2009-02-03,TLT,-0.02381713
2009-02-03,UUP,-0.01234066
2009-02-04,EEM,0.00736228
2009-02-04,GLD,0.00802531
2009-02-04,HYG,-0.00082093
2009-02-04,SPY,-0.00489599
2009-02-04,TLT,-0.00349885
2009-02-04,UUP,0.00937127
2009-02-05,EEM,0.02106607
2009-02-05,GLD,0.01054051
2009-02-05,HYG,-0.00822248
2009-02-05,SPY,0.01488048
2009-02-05,TLT,0.00087693
2009-02-05,UUP,0.00309458
2009-02-06,EEM,0.05010532
2009-02-06,GLD,-0.00588112
2009-02-06,HYG,0.02017379
2009-02-06,SPY,0.02849723
2009-02-06,TLT,-0.00311693
2009-02-06,UUP,-0.00848421
2009-02-09,EEM,-0.00521225
2009-02-09,GLD,-0.01417565
2009-02-09,HYG,0.0077209
2009-02-09,SPY,0.00137935
2009-02-09,TLT,0.00322524
2009-02-09,UUP,-0.00661218
2009-02-10,EEM,-0.06045972
2009-02-10,GLD,0.02139945
2009-02-10,HYG,-0.00658627
2009-02-10,SPY,-0.04580942
2009-02-10,TLT,0.02173072
2009-02-10,UUP,0.01174627
2009-02-11,EEM,0.03003022
2009-02-11,GLD,0.02305733
2009-02-11,HYG,-0.00229994
2009-02-11,SPY,0.00589518
2009-02-11,TLT,0.01297152
2009-02-11,UUP,0.00154802
2009-02-12,EEM,-0.00624733
2009-02-12,GLD,0.00953513
2009-02-12,HYG,-0.00311887
2009-02-12,SPY,0.00071856
2009-02-12,TLT,-0.00941578
2009-02-12,UUP,0.00386398
2009-02-13,EEM,0.00502931
2009-02-13,GLD,-0.00665445
2009-02-13,HYG,0.00394487
2009-02-13,SPY,-0.01075778
2009-02-13,TLT,-0.02661295
2009-02-13,UUP,-0.00307936
2009-02-17,EEM,-0.06380337
2009-02-17,GLD,0.03133435
2009-02-17,HYG,-0.02547452
2009-02-17,SPY,-0.04277456
2009-02-17,TLT,0.03114916
2009-02-17,UUP,0.01969111
2009-02-18,EEM,-0.00712674
2009-02-18,GLD,0.01529604
2009-02-18,HYG,-0.00597848
2009-02-18,SPY,-0.0023983
2009-02-18,TLT,-0.0085231
2009-02-18,UUP,0.00454375
2009-02-19,EEM,-0.00942099
2009-02-19,GLD,-0.01176356
2009-02-19,HYG,0.00503608
2009-02-19,SPY,-0.01075562
2009-02-19,TLT,-0.01700076
2009-02-19,UUP,-0.00565401
2009-02-20,EEM,-0.02536251
2009-02-20,GLD,0.02119668
2009-02-20,HYG,-0.01461395
2009-02-20,SPY,-0.00972127
2009-02-20,TLT,0.00971551
2009-02-20,UUP,-0.01402574
2009-02-23,EEM,-0.02462824
2009-02-23,GLD,-0.00071574
2009-02-23,HYG,-0.02514133
2009-02-23,SPY,-0.03577842
2009-02-23,TLT,0.0092387
2009-02-23,UUP,0.00922724
2009-02-24,EEM,0.0547877
2009-02-24,GLD,-0.03069682
2009-02-24,HYG,0.01419852
2009-02-24,SPY,0.03790974
2009-02-24,TLT,-0.0010489
2009-02-24,UUP,-0.00533336
2009-02-25,EEM,-0.01716326
2009-02-25,GLD,-0.016679
2009-02-25,HYG,-0.00485729
2009-02-25,SPY,-0.00787276
2009-02-25,TLT,-0.01154946
2009-02-25,UUP,0.01225576
2009-02-26,EEM,-0.00873162
2009-02-26,GLD,-0.00096623
2009-02-26,HYG,-0.01981059
2009-02-26,SPY,-0.01626121
2009-02-26,TLT,-0.01052485
2009-02-26,UUP,-0.00075665
2009-02-27,EEM,-0.01576275
2009-02-27,GLD,-0.00462068
2009-02-27,HYG,-0.01508477
2009-02-27,SPY,-0.02234837
2009-02-27,TLT,-0.00575819
2009-02-27,UUP,0.00265048
2009-03-02,EEM,-0.06076292
2009-03-02,GLD,-0.01835255
2009-03-02,HYG,-0.02075634
2009-03-02,SPY,-0.04504292
2009-03-02,TLT,0.01655507
2009-03-02,UUP,0.01019642
2009-03-03,EEM,0.0140422
2009-03-03,GLD,-0.00978774
2009-03-03,HYG,0.00398962
2009-03-03,SPY,-0.00750668
2009-03-03,TLT,-0.00668018
2009-03-03,UUP,-0.00037384
2009-03-04,EEM,0.07022748
2009-03-04,GLD,-0.01166152
2009-03-04,HYG,-0.00015318
2009-03-04,SPY,0.02369036
2009-03-04,TLT,-0.00458126
2009-03-04,UUP,-0.00560961
2009-03-05,EEM,-0.04112805
2009-03-05,GLD,0.03371165
2009-03-05,HYG,-0.04739989
2009-03-05,SPY,-0.04084733
2009-03-05,TLT,0.02780945
2009-03-05,UUP,0.00526517
2009-03-06,EEM,0.01686778
2009-03-06,GLD,0.00326126
2009-03-06,HYG,-0.00481563
2009-03-06,SPY,0.00174376
2009-03-06,TLT,-0.00666819
2009-03-06,UUP,-0.0048633
2009-03-09,EEM,-0.01943143
2009-03-09,GLD,-0.01863692
2009-03-09,HYG,-0.00580604
2009-03-09,SPY,-0.01175266
2009-03-09,TLT,-0.00585081
2009-03-09,UUP,0.00563896
2009-03-10,EEM,0.08119863
2009-03-10,GLD,-0.02683008
2009-03-10,HYG,0.04948039
2009-03-10,SPY,0.05960995
2009-03-10,TLT,-0.01919971
2009-03-10,UUP,-0.00560734
2009-03-11,EEM,0.0
2009-03-11,GLD,0.01225325
2009-03-11,HYG,0.01592216
2009-03-11,SPY,0.00651224
2009-03-11,TLT,0.01082104
2009-03-11,UUP,-0.0109024
2009-03-12,EEM,0.03844459
2009-03-12,GLD,0.02107148
2009-03-12,HYG,0.01658581
2009-03-12,SPY,0.03937228
2009-03-12,TLT,0.00476804
2009-03-12,UUP,-0.00494102
2009-03-13,EEM,0.00559617
2009-03-13,GLD,0.00219544
2009-03-13,HYG,0.00224528
2009-03-13,SPY,0.00781417
2009-03-13,TLT,-0.0050361
2009-03-13,UUP,0.00114576
2009-03-16,EEM,0.00085626
2009-03-16,GLD,-0.00547645
2009-03-16,HYG,0.00567401
2009-03-16,SPY,-0.00302247
2009-03-16,TLT,-0.01576986
2009-03-16,UUP,-0.00305225
2009-03-17,EEM,0.02181347
2009-03-17,GLD,-0.00837007
2009-03-17,HYG,-0.005642
2009-03-17,SPY,0.03058227
2009-03-17,TLT,-0.00543915
2009-03-17,UUP,-0.00153067
2009-03-18,EEM,0.02092934
2009-03-18,GLD,0.03387378
2009-03-18,HYG,0.02299834
2009-03-18,SPY,0.02238475
2009-03-18,TLT,0.0378875
2009-03-18,UUP,-0.03219633
2009-03-19,EEM,-0.00655999
2009-03-19,GLD,0.01353531
2009-03-19,HYG,-0.00875906
2009-03-19,SPY,-0.01238635
2009-03-19,TLT,0.00124581
2009-03-19,UUP,-0.01188099
2009-03-20,EEM,-0.01361976
2009-03-20,GLD,-0.00805514
2009-03-20,HYG,-0.00191491
2009-03-20,SPY,-0.02129383
2009-03-20,TLT,-0.00555078
2009-03-20,UUP,0.00841665
2009-03-23,EEM,0.0924687
2009-03-23,GLD,-0.01613414
2009-03-23,HYG,0.02065874
2009-03-23,SPY,0.07182918
2009-03-23,TLT,-0.00866013
2009-03-23,UUP,-0.00516686
2009-03-24,EEM,-0.03102233
2009-03-24,GLD,-0.01227199
2009-03-24,HYG,0.00187912
2009-03-24,SPY,-0.0197031
2009-03-24,TLT,0.00951302
2009-03-24,UUP,0.01118654
2009-03-25,EEM,0.01501943
2009-03-25,GLD,0.01132497
2009-03-25,HYG,0.00533871
2009-03-25,SPY,0.0105455
2009-03-25,TLT,-0.01346225
2009-03-25,UUP,-0.00790201
2009-03-26,EEM,0.02725842
2009-03-26,GLD,-0.00054363
2009-03-26,HYG,0.01550196
2009-03-26,SPY,0.02038071
2009-03-26,TLT,0.01159937
2009-03-26,UUP,0.00637192
2009-03-27,EEM,-0.02956742
2009-03-27,GLD,-0.0134885
2009-03-27,HYG,-0.01017634
2009-03-27,SPY,-0.01804858
2009-03-27,TLT,0.00741863
2009-03-27,UUP,0.01187186
2009-03-30,EEM,-0.0515626
2009-03-30,GLD,-0.00782886
2009-03-30,HYG,-0.04683707
2009-03-30,SPY,-0.03455449
2009-03-30,TLT,0.00382438
2009-03-30,UUP,0.00625711
2009-03-31,EEM,0.02182859
2009-03-31,GLD,0.00333402
2009-03-31,HYG,0.01573058
2009-03-31,SPY,0.00926476
2009-03-31,TLT,0.00714615
2009-03-31,UUP,-0.00349767
2009-04-01,EEM,0.033051
2009-04-01,GLD,0.00830749
2009-04-01,HYG,0.00158284
2009-04-01,SPY,0.01936654
2009-04-01,TLT,0.00912715
2009-04-01,UUP,0.00077996
2009-04-02,EEM,0.05423357
2009-04-02,GLD,-0.02449737
2009-04-02,HYG,0.03636313
2009-04-02,SPY,0.02923786
2009-04-02,TLT,-0.01222144
2009-04-02,UUP,-0.01325022
2009-04-03,EEM,0.01221292
2009-04-03,GLD,-0.0136262
2009-04-03,HYG,0.01409213
2009-04-03,SPY,0.00994795
2009-04-03,TLT,-0.02046325
2009-04-03,UUP,-0.00315963
2009-04-06,EEM,-0.01243129
2009-04-06,GLD,-0.02648704
2009-04-06,HYG,-0.00326192
2009-04-06,SPY,-0.00783312
2009-04-06,TLT,-0.00427554
2009-04-06,UUP,0.00475455
2009-04-07,EEM,-0.02295451
2009-04-07,GLD,0.01723937
2009-04-07,HYG,-0.0115232
2009-04-07,SPY,-0.02332479
2009-04-07,TLT,0.00253754
2009-04-07,UUP,0.00749201
2009-04-08,EEM,0.01477852
2009-04-08,GLD,-0.0014987
2009-04-08,HYG,0.01180173
2009-04-08,SPY,0.01077743
2009-04-08,TLT,0.00885762
2009-04-08,UUP,0.00039149
2009-04-09,EEM,0.04368917
2009-04-09,GLD,-0.00346384
2009-04-09,HYG,0.02844997
2009-04-09,SPY,0.03974342
2009-04-09,TLT,-0.01254247
2009-04-09,UUP,0.00391227
2009-04-13,EEM,0.00608211
2009-04-13,GLD,0.01819024
2009-04-13,HYG,-0.00069221
2009-04-13,SPY,0.00023295
2009-04-13,TLT,0.00918371
2009-04-13,UUP,-0.01325022
2009-04-14,EEM,-0.01600277
2009-04-14,GLD,-0.00580331
2009-04-14,HYG,-0.00512128
2009-04-14,SPY,-0.01724341
2009-04-14,TLT,0.0052289
2009-04-14,UUP,0.00236963
2009-04-15,EEM,0.01445607
2009-04-15,GLD,0.00148789
2009-04-15,HYG,0.00848694
2009-04-15,SPY,0.01066956
2009-04-15,TLT,-0.00173378
2009-04-15,UUP,0.00157608
2009-04-16,EEM,0.00855029
2009-04-16,GLD,-0.01931431
2009-04-16,HYG,0.01586405
2009-04-16,SPY,0.01466296
2009-04-16,TLT,-0.00791115
2009-04-16,UUP,0.00354051
2009-04-17,EEM,-0.00706453
2009-04-17,GLD,-0.00687561
2009-04-17,HYG,0.02186258
2009-04-17,SPY,0.00670537
2009-04-17,TLT,-0.0109891
2009-04-17,UUP,0.01019212
2009-04-20,EEM,-0.04873734
2009-04-20,GLD,0.02030035
2009-04-20,HYG,-0.03654439
2009-04-20,SPY,-0.04191531
2009-04-20,TLT,0.01514192
2009-04-20,UUP,0.00776087
2009-04-21,EEM,0.02131627
2009-04-21,GLD,-0.00069002
2009-04-21,HYG,0.01131147
2009-04-21,SPY,0.01953689
2009-04-21,TLT,-0.00987966
2009-04-21,UUP,-0.00231032
2009-04-22,EEM,-0.00842178
2009-04-22,GLD,0.00563929
2009-04-22,HYG,0.00477185
2009-04-22,SPY,-0.00611309
2009-04-22,TLT,-0.00606509
2009-04-22,UUP,-0.00270154
2009-04-23,EEM,0.01550976
2009-04-23,GLD,0.01625093
2009-04-23,HYG,-0.00108559
2009-04-23,SPY,0.00981795
2009-04-23,TLT,-9.905e-05
2009-04-23,UUP,-0.01122298
2009-04-24,EEM,0.01890884
2009-04-24,GLD,0.01036034
2009-04-24,HYG,0.01549137
2009-04-24,SPY,0.01511052
2009-04-24,TLT,-0.01004006
2009-04-24,UUP,-0.00782769
2009-04-27,EEM,-0.03354738
2009-04-27,GLD,-0.0079135
2009-04-27,HYG,-0.00789512
2009-04-27,SPY,-0.0094622
2009-04-27,TLT,0.0042764
2009-04-27,UUP,0.01183422
2009-04-28,EEM,-0.00332339
2009-04-28,GLD,-0.01415574
2009-04-28,HYG,0.00215901
2009-04-28,SPY,-0.00314551
2009-04-28,TLT,-0.01633643
2009-04-28,UUP,-0.00623777
2009-04-29,EEM,0.05261187
2009-04-29,GLD,0.00660971
2009-04-29,HYG,0.01857261
2009-04-29,SPY,0.02126945
2009-04-29,TLT,-0.0088579
2009-04-29,UUP,-0.00706157
2009-04-30,EEM,0.00915202
2009-04-30,GLD,-0.01200051
2009-04-30,HYG,0.00779602
2009-04-30,SPY,0.00034334
2009-04-30,TLT,-0.00396101
2009-04-30,UUP,0.00118533
2009-05-01,EEM,0.01464932
2009-05-01,GLD,-0.00366678
2009-05-01,HYG,-0.00157234
2009-05-01,SPY,0.00537582
2009-05-01,TLT,-0.00688227
2009-05-01,UUP,-0.00236785
2009-05-04,EEM,0.06909588
2009-05-04,GLD,0.01943649
2009-05-04,HYG,-0.00238207
2009-05-04,SPY,0.03402003
2009-05-04,TLT,0.00329528
2009-05-04,UUP,-0.00909812
2009-05-05,EEM,-0.00900331
2009-05-05,GLD,-0.00439981
2009-05-05,HYG,0.00862251
2009-05-05,SPY,-0.00341062
2009-05-05,TLT,-0.00123162
2009-05-05,UUP,0.0031935
2009-05-06,EEM,0.01719657
2009-05-06,GLD,0.01461757
2009-05-06,HYG,0.00828637
2009-05-06,SPY,0.01733414
2009-05-06,TLT,-0.00236344
2009-05-06,UUP,-0.00198952
2009-05-07,EEM,-0.02488019
2009-05-07,GLD,-0.0011168
2009-05-07,HYG,-0.01643577
2009-05-07,SPY,-0.01389175
2009-05-07,TLT,-0.02441296
2009-05-07,UUP,0.0
2009-05-08,EEM,0.03336606
2009-05-08,GLD,0.00603758
2009-05-08,HYG,0.01790394
2009-05-08,SPY,0.02333271
2009-05-08,TLT,0.00242832
2009-05-08,UUP,-0.01794261
2009-05-11,EEM,-0.02342523
2009-05-11,GLD,-0.00322295
2009-05-11,HYG,-0.0052116
2009-05-11,SPY,-0.01871411
2009-05-11,TLT,0.01421898
2009-05-11,UUP,0.00527805
2009-05-12,EEM,0.00713107
2009-05-12,GLD,0.01126095
2009-05-12,HYG,0.00392973
2009-05-12,SPY,-0.00295923
2009-05-12,TLT,0.00363521
2009-05-12,UUP,-0.00525033
2009-05-13,EEM,-0.03669108
2009-05-13,GLD,0.00429988
2009-05-13,HYG,-0.0130464
2009-05-13,SPY,-0.0251727
2009-05-13,TLT,0.0108654
2009-05-13,UUP,0.00365407
2009-05-14,EEM,0.01436662
2009-05-14,GLD,-0.00065866
2009-05-14,HYG,-0.01057538
2009-05-14,SPY,0.00856962
2009-05-14,TLT,0.003889
2009-05-14,UUP,-0.00323622
2009-05-15,EEM,-0.00922249
2009-05-15,GLD,0.00571245
2009-05-15,HYG,-0.01402802
2009-05-15,SPY,-0.00816145
2009-05-15,TLT,-0.00030562
2009-05-15,UUP,0.00689941
2009-05-18,EEM,0.05551874
2009-05-18,GLD,-0.01299839
2009-05-18,HYG,0.02127373
2009-05-18,SPY,0.02840719
2009-05-18,TLT,-0.01550426
2009-05-18,UUP,-0.00523994
2009-05-19,EEM,0.01133851
2009-05-19,GLD,0.00664009
2009-05-19,HYG,0.00663413
2009-05-19,SPY,-0.00120543
2009-05-19,TLT,-0.0052834
2009-05-19,UUP,-0.00526754
2009-05-20,EEM,0.00311412
2009-05-20,GLD,0.01418207
2009-05-20,HYG,0.01476258
2009-05-20,SPY,-0.00669462
2009-05-20,TLT,0.01051948
2009-05-20,UUP,-0.01221967
2009-05-21,EEM,-0.01862781
2009-05-21,GLD,0.01734416
2009-05-21,HYG,-0.01285944
2009-05-21,SPY,-0.0143638
2009-05-21,TLT,-0.02514888
2009-05-21,UUP,-0.00659808
2009-05-22,EEM,0.00442928
2009-05-22,GLD,0.00319662
2009-05-22,HYG,0.01381562
2009-05-22,SPY,-0.00212971
2009-05-22,TLT,-0.01110178
2009-05-22,UUP,-0.00705693
2009-05-26,EEM,0.0119685
2009-05-26,GLD,-0.00414232
2009-05-26,HYG,-0.002596
2009-05-26,SPY,0.02561243
2009-05-26,TLT,-0.01507651
2009-05-26,UUP,0.00209044
2009-05-27,EEM,-0.01151572
2009-05-27,GLD,-0.00330637
2009-05-27,HYG,0.00182283
2009-05-27,SPY,-0.01785294
2009-05-27,TLT,-0.01769399
2009-05-27,UUP,0.00333748
2009-05-28,EEM,0.03085639
2009-05-28,GLD,0.00845373
2009-05-28,HYG,0.00350621
2009-05-28,SPY,0.01394013
2009-05-28,TLT,0.01447749
2009-05-28,UUP,0.00083152
2009-05-29,EEM,0.01527198
2009-05-29,GLD,0.02079795
2009-05-29,HYG,0.00750754
2009-05-29,SPY,0.01770781
2009-05-29,TLT,0.0258176
2009-05-29,UUP,-0.01412549
2009-06-01,EEM,0.04211769
2009-06-01,GLD,-0.00488559
2009-06-01,HYG,0.02366347
2009-06-01,SPY,0.02420867
2009-06-01,TLT,-0.02956383
2009-06-01,UUP,-0.00252831
2009-06-02,EEM,-0.01443432
2009-06-02,GLD,0.00658098
2009-06-02,HYG,-0.00291379
2009-06-02,SPY,0.00084391
2009-06-02,TLT,0.00537922
2009-06-02,UUP,-0.00929447
2009-06-03,EEM,-0.03544232
2009-06-03,GLD,-0.02023658
2009-06-03,HYG,-0.00571733
2009-06-03,SPY,-0.01265163
2009-06-03,TLT,0.0093898
2009-06-03,UUP,0.0149254
2009-06-04,EEM,0.01852419
2009-06-04,GLD,0.01927761
2009-06-04,HYG,0.00306597
2009-06-04,SPY,0.00939673
2009-06-04,TLT,-0.0206613
2009-06-04,UUP,-0.00210098
2009-06-05,EEM,0.00208716
2009-06-05,GLD,-0.0261873
2009-06-05,HYG,0.00318523
2009-06-05,SPY,0.00021124
2009-06-05,TLT,-0.00762247
2009-06-05,UUP,0.01726315
2009-06-08,EEM,-0.01547187
2009-06-08,GLD,-0.0016007
2009-06-08,HYG,0.00177741
2009-06-08,SPY,-0.00412467
2009-06-08,TLT,-0.00256005
2009-06-08,UUP,0.00041401
2009-06-09,EEM,0.00181335
2009-06-09,GLD,0.00288589
2009-06-09,HYG,0.00190152
2009-06-09,SPY,0.00509761
2009-06-09,TLT,-0.00011132
2009-06-09,UUP,-0.01282581
2009-06-10,EEM,0.01266948
2009-06-10,GLD,0.00031971
2009-06-10,HYG,0.00126489
2009-06-10,SPY,-0.00253555
2009-06-10,TLT,-0.0157371
2009-06-10,UUP,0.0058675
2009-06-11,EEM,0.02144833
2009-06-11,GLD,-0.00170471
2009-06-11,HYG,0.00227401
2009-06-11,SPY,0.00444906
2009-06-11,TLT,0.01111251
2009-06-11,UUP,-0.00999993
2009-06-12,EEM,-0.01603983
2009-06-12,GLD,-0.0163287
2009-06-12,HYG,0.00516849
2009-06-12,SPY,0.00274176
2009-06-12,TLT,0.00897165
2009-06-12,UUP,0.00967996
2009-06-15,EEM,-0.03586225
2009-06-15,GLD,-0.01160898
2009-06-15,HYG,-0.01479812
2009-06-15,SPY,-0.02292805
2009-06-15,TLT,0.00900325
2009-06-15,UUP,0.01834109
2009-06-16,EEM,-0.01506334
2009-06-16,GLD,0.00911089
2009-06-16,HYG,-0.00954685
2009-06-16,SPY,-0.0135627
2009-06-16,TLT,0.01740509
2009-06-16,UUP,-0.01309856
2009-06-17,EEM,-0.01123606
2009-06-17,GLD,0.00456867
2009-06-17,HYG,-0.00578412
2009-06-17,SPY,-0.00098191
2009-06-17,TLT,-0.00563017
2009-06-17,UUP,-0.00580675
2009-06-18,EEM,-0.00284065
2009-06-18,GLD,-0.00801297
2009-06-18,HYG,0.00956618
2009-06-18,SPY,0.00731809
2009-06-18,TLT,-0.0151352
2009-06-18,UUP,0.00458898
2009-06-19,EEM,0.00506492
2009-06-19,GLD,0.0031656
2009-06-19,HYG,0.00102464
2009-06-19,SPY,0.00368552
2009-06-19,TLT,0.01370891
2009-06-19,UUP,-0.00456802
2009-06-22,EEM,-0.03622071
2009-06-22,GLD,-0.0147987
2009-06-22,HYG,-0.01355872
2009-06-22,SPY,-0.02998655
2009-06-22,TLT,0.00970659
2009-06-22,UUP,0.00667477
2009-06-23,EEM,0.00649041
2009-06-23,GLD,0.00419701
2009-06-23,HYG,0.00168542
2009-06-23,SPY,0.00078386
2009-06-23,TLT,0.01177377
2009-06-23,UUP,-0.01160369
2009-06-24,EEM,0.02193144
2009-06-24,GLD,0.00582929
2009-06-24,HYG,0.005049
2009-06-24,SPY,0.00861771
2009-06-24,TLT,-0.01003443
2009-06-24,UUP,0.00586996
2009-06-25,EEM,0.02978849
2009-06-25,GLD,0.00940405
2009-06-25,HYG,0.00953147
2009-06-25,SPY,0.02174922
2009-06-25,TLT,0.01833147
2009-06-25,UUP,-0.00083351
2009-06-26,EEM,0.00528761
2009-06-26,GLD,-0.00021662
2009-06-26,HYG,-0.00025513
2009-06-26,SPY,-0.00260647
2009-06-26,TLT,0.00169487
2009-06-26,UUP,-0.00584076
2009-06-29,EEM,0.00742561
2009-06-29,GLD,-0.00270885
2009-06-29,HYG,0.01250545
2009-06-29,SPY,0.00936352
2009-06-29,TLT,0.00148
2009-06-29,UUP,-0.0008392
2009-06-30,EEM,-0.01013509
2009-06-30,GLD,-0.00934377
2009-06-30,HYG,0.00466389
2009-06-30,SPY,-0.00809019
2009-06-30,TLT,-0.00168869
2009-06-30,UUP,0.00378001
2009-07-01,EEM,0.01830611
2009-07-01,GLD,0.01327044
2009-07-01,HYG,0.00246838
2009-07-01,SPY,0.00413258
2009-07-01,TLT,-0.0019838
2009-07-01,UUP,-0.00502103
2009-07-02,EEM,-0.02742231
2009-07-02,GLD,-0.01233899
2009-07-02,HYG,-0.01742844
2009-07-02,SPY,-0.02729329
2009-07-02,TLT,0.00233772
2009-07-02,UUP,0.0054668
2009-07-06,EEM,-0.00219303
2009-07-06,GLD,-0.00536984
2009-07-06,HYG,-0.01491006
2009-07-06,SPY,-0.00011101
2009-07-06,TLT,-0.0019086
2009-07-06,UUP,0.00167288
2009-07-07,EEM,-0.02354786
2009-07-07,GLD,-0.00055094
2009-07-07,HYG,-0.01396057
2009-07-07,SPY,-0.01937669
2009-07-07,TLT,0.00669359
2009-07-07,UUP,0.00417546
2009-07-08,EEM,-0.01157592
2009-07-08,GLD,-0.01587479
2009-07-08,HYG,0.00608667
2009-07-08,SPY,-0.00068139
2009-07-08,TLT,0.0184703
2009-07-08,UUP,-0.00124743
2009-07-09,EEM,0.01789256
2009-07-09,GLD,0.00268853
2009-07-09,HYG,0.01433609
2009-07-09,SPY,0.00193169
2009-07-09,TLT,-0.01191741
2009-07-09,UUP,-0.00832639
2009-07-10,EEM,-0.01182506
2009-07-10,GLD,0.00078203
2009-07-10,HYG,-0.00765036
2009-07-10,SPY,-0.00238143
2009-07-10,TLT,0.00922901
2009-07-10,UUP,0.00251885
2009-07-13,EEM,0.00711522
2009-07-13,GLD,0.00680956
2009-07-13,HYG,0.00222179
2009-07-13,SPY,0.02432874
2009-07-13,TLT,-0.0056109
2009-07-13,UUP,-0.00167489
2009-07-14,EEM,0.0109184
2009-07-14,GLD,0.00687432
2009-07-14,HYG,0.00391136
2009-07-14,SPY,0.00566082
2009-07-14,TLT,-0.01661626
2009-07-14,UUP,0.00083885
2009-07-15,EEM,0.0536846
2009-07-15,GLD,0.01574717
2009-07-15,HYG,0.02207763
2009-07-15,SPY,0.02924583
2009-07-15,TLT,-0.02571792
2009-07-15,UUP,-0.00963958
2009-07-16,EEM,0.00180906
2009-07-16,GLD,-0.00281867
2009-07-16,HYG,0.00304922
2009-07-16,SPY,-0.00160805
2009-07-16,TLT,0.01079857
2009-07-16,UUP,-0.0008464
2009-07-17,EEM,0.01023128
2009-07-17,GLD,-0.00054363
2009-07-17,HYG,0.00088672
2009-07-17,SPY,0.01095441
2009-07-17,TLT,-0.01543048
2009-07-17,UUP,0.0021177
2009-07-20,EEM,0.03574677
2009-07-20,GLD,0.01468507
2009-07-20,HYG,0.01392317
2009-07-20,SPY,0.01062411
2009-07-20,TLT,0.00525983
2009-07-20,UUP,-0.00676252
2009-07-21,EEM,-0.00287614
2009-07-21,GLD,-0.00160808
2009-07-21,HYG,0.00486756
2009-07-21,SPY,0.00462464
2009-07-21,TLT,0.01995269
2009-07-21,UUP,0.00042564
2009-07-22,EEM,-0.00230761
2009-07-22,GLD,0.00332874
2009-07-22,HYG,0.00124287
2009-07-22,SPY,-0.00020917
2009-07-22,TLT,-0.00897966
2009-07-22,UUP,-0.00170144
2009-07-23,EEM,0.02833212
2009-07-23,GLD,-0.00192637
2009-07-23,HYG,0.01017322
2009-07-23,SPY,0.02208297
2009-07-23,TLT,-0.01833545
2009-07-23,UUP,0.0
2009-07-24,EEM,-0.00477945
2009-07-24,GLD,0.00160842
2009-07-24,HYG,0.0058951
2009-07-24,SPY,0.00409586
2009-07-24,TLT,0.00483336
2009-07-24,UUP,-0.00127826
2009-07-27,EEM,0.0087569
2009-07-27,GLD,0.0032116
2009-07-27,HYG,0.00183173
2009-07-27,SPY,0.00295723
2009-07-27,TLT,-0.01148125
2009-07-27,UUP,-0.00085326
2009-07-28,EEM,-0.00448028
2009-07-28,GLD,-0.01707394
2009-07-28,HYG,0.001098
2009-07-28,SPY,-0.00467723
2009-07-28,TLT,0.00884962
2009-07-28,UUP,0.00298916
2009-07-29,EEM,-0.02250351
2009-07-29,GLD,-0.00987953
2009-07-29,HYG,0.00340769
2009-07-29,SPY,-0.00245134
2009-07-29,TLT,0.00548229
2009-07-29,UUP,0.00723689
2009-07-30,EEM,0.02474806
2009-07-30,GLD,0.00460533
2009-07-30,HYG,0.00825033
2009-07-30,SPY,0.01044532
2009-07-30,TLT,0.0141767
2009-07-30,UUP,-0.00126789
2009-07-31,EEM,0.00477393
2009-07-31,GLD,0.01888229
2009-07-31,HYG,0.01624597
2009-07-31,SPY,0.00141874
2009-07-31,TLT,0.01946197
2009-07-31,UUP,-0.01311891
2009-08-03,EEM,0.03745102
2009-08-03,GLD,0.00557048
2009-08-03,HYG,0.00189865
2009-08-03,SPY,0.01649599
2009-08-03,TLT,-0.01515408
2009-08-03,UUP,-0.00814759
2009-08-04,EEM,-0.00915916
2009-08-04,GLD,0.00862893
2009-08-04,HYG,-0.00214549
2009-08-04,SPY,0.00258866
2009-08-04,TLT,-0.0079529
2009-08-04,UUP,0.0
2009-08-05,EEM,-0.00842878
2009-08-05,GLD,0.00105617
2009-08-05,HYG,-0.00322519
2009-08-05,SPY,-0.0028797
2009-08-05,TLT,-0.01494687
2009-08-05,UUP,-0.00129705
2009-08-06,EEM,-0.00822584
2009-08-06,GLD,-0.00189914
2009-08-06,HYG,-0.0079093
2009-08-06,SPY,-0.00517886
2009-08-06,TLT,0.00340861
2009-08-06,UUP,0.00476191
2009-08-07,EEM,0.009953
2009-08-07,GLD,-0.00898518
2009-08-07,HYG,0.00700587
2009-08-07,SPY,0.01311456
2009-08-07,TLT,-0.00832918
2009-08-07,UUP,0.01163287
2009-08-10,EEM,-0.01122359
2009-08-10,GLD,-0.00874666
2009-08-10,HYG,0.00455813
2009-08-10,SPY,-0.00207522
2009-08-10,TLT,0.01248712
2009-08-10,UUP,0.00340723
2009-08-11,EEM,-0.01882623
2009-08-11,GLD,-0.0015065
2009-08-11,HYG,-0.00238867
2009-08-11,SPY,-0.01247648
2009-08-11,TLT,0.01157042
2009-08-11,UUP,0.00084891
2009-08-12,EEM,0.0090292
2009-08-12,GLD,0.00172428
2009-08-12,HYG,-0.00251285
2009-08-12,SPY,0.01072948
2009-08-12,TLT,-0.0106826
2009-08-12,UUP,-0.00466497
2009-08-13,EEM,0.01733788
2009-08-13,GLD,0.00828407
2009-08-13,HYG,-0.01271846
2009-08-13,SPY,0.0076385
2009-08-13,TLT,0.01417882
2009-08-13,UUP,-0.00468674
2009-08-14,EEM,-0.0181416
2009-08-14,GLD,-0.00768247
2009-08-14,HYG,-0.0049831
2009-08-14,SPY,-0.00767926
2009-08-14,TLT,0.00387137
2009-08-14,UUP,0.00385273
2009-08-17,EEM,-0.0391939
2009-08-17,GLD,-0.01494623
2009-08-17,HYG,-0.0244293
2009-08-17,SPY,-0.02460569
2009-08-17,TLT,0.01478296
2009-08-17,UUP,0.00597008
2009-08-18,EEM,0.02185305
2009-08-18,GLD,0.00491209
2009-08-18,HYG,0.01727835
2009-08-18,SPY,0.00793359
2009-08-18,TLT,-0.00580621
2009-08-18,UUP,-0.00254331
2009-08-19,EEM,0.00256638
2009-08-19,GLD,0.00510538
2009-08-19,HYG,0.00406089
2009-08-19,SPY,0.00878019
2009-08-19,TLT,0.00828145
2009-08-19,UUP,-0.00637507
2009-08-20,EEM,0.01734931
2009-08-20,GLD,-0.00280992
2009-08-20,HYG,-0.00306448
2009-08-20,SPY,0.01030409
2009-08-20,TLT,0.00821437
2009-08-20,UUP,-0.00299388
2009-08-21,EEM,0.01509608
2009-08-21,GLD,0.01495616
2009-08-21,HYG,0.01364803
2009-08-21,SPY,0.0196061
2009-08-21,TLT,-0.02057579
2009-08-21,UUP,-0.00343208
2009-08-24,EEM,0.00440677
2009-08-24,GLD,-0.01398831
2009-08-24,HYG,-0.00521588
2009-08-24,SPY,-9.722e-05
2009-08-24,TLT,0.01812924
2009-08-24,UUP,0.00215253
2009-08-25,EEM,-0.00219357
2009-08-25,GLD,0.00454847
2009-08-25,HYG,-0.00012176
2009-08-25,SPY,0.00194261
2009-08-25,TLT,0.00565621
2009-08-25,UUP,0.0
2009-08-26,EEM,-0.00302292
2009-08-26,GLD,0.0003234
2009-08-26,HYG,0.00390261
2009-08-26,SPY,9.684e-05
2009-08-26,TLT,0.00458216
2009-08-26,UUP,0.00386587
2009-08-27,EEM,-0.00192918
2009-08-27,GLD,0.00431083
2009-08-27,HYG,-0.00510186
2009-08-27,SPY,0.00222966
2009-08-27,TLT,-0.00393983
2009-08-27,UUP,-0.00556271
2009-08-28,EEM,-0.00524719
2009-08-28,GLD,0.00729692
2009-08-28,HYG,0.00500616
2009-08-28,SPY,-0.00019384
2009-08-28,TLT,0.00458069
2009-08-28,UUP,0.00172131
2009-08-31,EEM,-0.01971126
2009-08-31,GLD,-0.00500694
2009-08-31,HYG,0.00012125
2009-08-31,SPY,-0.00889912
2009-08-31,TLT,0.00093284
2009-08-31,UUP,-0.00085932
2009-09-01,EEM,-0.01897487
2009-09-01,GLD,0.00535332
2009-09-01,HYG,-0.00939803
2009-09-01,SPY,-0.02205744
2009-09-01,TLT,-0.00242052
2009-09-01,UUP,0.00644898
2009-09-02,EEM,0.01068132
2009-09-02,GLD,0.02438766
2009-09-02,HYG,-0.00531777
2009-09-02,SPY,-0.00379201
2009-09-02,TLT,0.01457442
2009-09-02,UUP,-0.0038445
2009-09-03,EEM,0.01999411
2009-09-03,GLD,0.013203
2009-09-03,HYG,0.00646578
2009-09-03,SPY,0.0083144
2009-09-03,TLT,-0.00615607
2009-09-03,UUP,0.00085765
2009-09-04,EEM,0.01932236
2009-09-04,GLD,0.00071824
2009-09-04,HYG,0.0076601
2009-09-04,SPY,0.01400903
2009-09-04,TLT,-0.01703444
2009-09-04,UUP,-0.00385603
2009-09-08,EEM,0.02060483
2009-09-08,GLD,-0.00102531
2009-09-08,HYG,0.01422239
2009-09-08,SPY,0.00862237
2009-09-08,TLT,-0.0070382
2009-09-08,UUP,-0.01118294
2009-09-09,EEM,0.00538354
2009-09-09,GLD,-0.00359231
2009-09-09,HYG,-0.00942888
2009-09-09,SPY,0.00767431
2009-09-09,TLT,-0.00116332
2009-09-09,UUP,-0.00347955
2009-09-10,EEM,0.01311899
2009-09-10,GLD,0.00638643
2009-09-10,HYG,0.0154991
2009-09-10,SPY,0.01021883
2009-09-10,TLT,0.01842657
2009-09-10,UUP,-0.0021827
2009-09-11,EEM,0.00052857
2009-09-11,GLD,0.01105427
2009-09-11,HYG,0.00949438
2009-09-11,SPY,-0.00019087
2009-09-11,TLT,0.00551145
2009-09-11,UUP,-0.00218727
2009-09-14,EEM,-0.00369784
2009-09-14,GLD,-0.00830127
2009-09-14,HYG,0.00118992
2009-09-14,SPY,0.00486799
2009-09-14,TLT,-0.00992822
2009-09-14,UUP,-0.00087653
2009-09-15,EEM,0.01192987
2009-09-15,GLD,0.00959578
2009-09-15,HYG,0.00713389
2009-09-15,SPY,0.00417967
2009-09-15,TLT,-0.0051172
2009-09-15,UUP,-0.00351049
2009-09-16,EEM,0.02515075
2009-09-16,GLD,0.01021236
2009-09-16,HYG,0.01286938
2009-09-16,SPY,0.015134
2009-09-16,TLT,0.00178429
2009-09-16,UUP,-0.00308241
2009-09-17,EEM,-0.00536698
2009-09-17,GLD,-0.00570521
2009-09-17,HYG,0.00174829
2009-09-17,SPY,-0.00149076
2009-09-17,TLT,0.01257603
2009-09-17,UUP,0.00176692
2009-09-18,EEM,0.00282634
2009-09-18,GLD,-0.0067445
2009-09-18,HYG,-0.00279214
2009-09-18,SPY,0.00063762
2009-09-18,TLT,-0.00890094
2009-09-18,UUP,0.00352731
2009-09-21,EEM,-0.00871115
2009-09-21,GLD,-0.00314176
2009-09-21,HYG,0.00058322
2009-09-21,SPY,-0.00252982
2009-09-21,TLT,0.00229726
2009-09-21,UUP,0.00351491
2009-09-22,EEM,0.01524929
2009-09-22,GLD,0.0133184
2009-09-22,HYG,-0.00116599
2009-09-22,SPY,0.00582406
2009-09-22,TLT,0.00208404
2009-09-22,UUP,-0.01050771
2009-09-23,EEM,-0.01502025
2009-09-23,GLD,-0.00842778
2009-09-23,HYG,0.00303476
2009-09-23,SPY,-0.00831246
2009-09-23,TLT,0.00301527
2009-09-23,UUP,0.00442467
2009-09-24,EEM,-0.01964318
2009-09-24,GLD,-0.01295152
2009-09-24,HYG,0.00186284
2009-09-24,SPY,-0.01101875
2009-09-24,TLT,0.00290217
2009-09-24,UUP,0.00748915
2009-09-25,EEM,0.00421805
2009-09-25,GLD,-0.00563817
2009-09-25,HYG,-0.00325306
2009-09-25,SPY,-0.00533326
2009-09-25,TLT,0.01271371
2009-09-25,UUP,-0.00262388
2009-09-28,EEM,0.01286448
2009-09-28,GLD,0.0005155
2009-09-28,HYG,0.00792662
2009-09-28,SPY,0.0179035
2009-09-28,TLT,0.00877738
2009-09-28,UUP,0.0030689
2009-09-29,EEM,0.00233267
2009-09-29,GLD,0.00391548
2009-09-29,HYG,-0.00115581
2009-09-29,SPY,-0.00300945
2009-09-29,TLT,-0.00091083
2009-09-29,UUP,0.00174839
2009-09-30,EEM,0.00620632
2009-09-30,GLD,0.01457455
2009-09-30,HYG,-0.0002326
2009-09-30,SPY,-0.00386828
2009-09-30,TLT,-0.00091192
2009-09-30,UUP,-0.00567183
2009-10-01,EEM,-0.02724234
2009-10-01,GLD,-0.00971168
2009-10-01,HYG,-0.0263293
2009-10-01,SPY,-0.02481306
2009-10-01,TLT,0.01369599
2009-10-01,UUP,0.00702037
2009-10-02,EEM,0.00026443
2009-10-02,GLD,0.0049035
2009-10-02,HYG,0.00035958
2009-10-02,SPY,-0.00466143
2009-10-02,TLT,-0.00692122
2009-10-02,UUP,-0.0021786
2009-10-05,EEM,0.02324329
2009-10-05,GLD,0.01474023
2009-10-05,HYG,0.01342561
2009-10-05,SPY,0.01492804
2009-10-05,TLT,0.0001015
2009-10-05,UUP,-0.00567678
2009-10-06,EEM,0.01652028
2009-10-06,GLD,0.02464435
2009-10-06,HYG,-0.00343028
2009-10-06,SPY,0.01432464
2009-10-06,TLT,-0.00989716
2009-10-06,UUP,-0.00439184
2009-10-07,EEM,-0.0010156
2009-10-07,GLD,0.00078218
2009-10-07,HYG,0.0073595
2009-10-07,SPY,0.00274857
2009-10-07,TLT,0.01172942
2009-10-07,UUP,0.00088234
2009-10-08,EEM,0.01220124
2009-10-08,GLD,0.01250487
2009-10-08,HYG,0.00636301
2009-10-08,SPY,0.00765584
2009-10-08,TLT,-0.01048435
2009-10-08,UUP,-0.00661088
2009-10-09,EEM,0.00075357
2009-10-09,GLD,-0.00771906
2009-10-09,HYG,0.00386361
2009-10-09,SPY,0.00609743
2009-10-09,TLT,-0.02292446
2009-10-09,UUP,0.00798577
2009-10-12,EEM,0.00828122
2009-10-12,GLD,0.00700118
2009-10-12,HYG,-0.00023335
2009-10-12,SPY,0.00391544
2009-10-12,TLT,0.0015644
2009-10-12,UUP,-0.0044014
2009-10-13,EEM,0.00174179
2009-10-13,GLD,0.00675941
2009-10-13,HYG,-0.00023323
2009-10-13,SPY,-0.00204338
2009-10-13,TLT,0.00520541
2009-10-13,UUP,-0.00221048
2009-10-14,EEM,0.03229829
2009-10-14,GLD,-0.00076733
2009-10-14,HYG,0.00396696
2009-10-14,SPY,0.01721581
2009-10-14,TLT,-0.01481033
2009-10-14,UUP,-0.00753208
2009-10-15,EEM,-0.00553551
2009-10-15,GLD,-0.01267038
2009-10-15,HYG,-0.00023301
2009-10-15,SPY,0.00365933
2009-10-15,TLT,-0.0046261
2009-10-15,UUP,0.00044634
2009-10-16,EEM,-0.01379463
2009-10-16,GLD,0.00311102
2009-10-16,HYG,-0.00011564
2009-10-16,SPY,-0.00747399
2009-10-16,TLT,0.00813334
2009-10-16,UUP,0.00267743
2009-10-19,EEM,0.01914107
2009-10-19,GLD,0.01017642
2009-10-19,HYG,0.00023274
2009-10-19,SPY,0.00826493
2009-10-19,TLT,0.00785656
2009-10-19,UUP,-0.00489532
2009-10-20,EEM,-0.01324359
2009-10-20,GLD,-0.00777132
2009-10-20,HYG,0.00186016
2009-10-20,SPY,-0.00528285
2009-10-20,TLT,0.00540563
2009-10-20,UUP,0.00447216
2009-10-21,EEM,-0.00536847
2009-10-21,GLD,0.00319089
2009-10-21,HYG,0.00173963
2009-10-21,SPY,-0.00897293
2009-10-21,TLT,-0.00599706
2009-10-21,UUP,-0.00623324
2009-10-22,EEM,0.00834142
2009-10-22,GLD,0.00163854
2009-10-22,HYG,0.00764469
2009-10-22,SPY,0.01016325
2009-10-22,TLT,-0.00488871
2009-10-22,UUP,-0.00044783
2009-10-23,EEM,-0.00827242
2009-10-23,GLD,-0.0041378
2009-10-23,HYG,-0.00172402
2009-10-23,SPY,-0.01143344
2009-10-23,TLT,-0.00752554
2009-10-23,UUP,0.00537856
2009-10-26,EEM,-0.01251236
2009-10-26,GLD,-0.01575029
2009-10-26,HYG,0.00057551
2009-10-26,SPY,-0.01082533
2009-10-26,TLT,-0.01295375
2009-10-26,UUP,0.00668752
2009-10-27,EEM,-0.01739102
2009-10-27,GLD,-9.819e-05
2009-10-27,HYG,-0.00782507
2009-10-27,SPY,-0.00458361
2009-10-27,TLT,0.01365728
2009-10-27,UUP,0.00265707
2009-10-28,EEM,-0.04576468
2009-10-28,GLD,-0.01099652
2009-10-28,HYG,-0.01646955
2009-10-28,SPY,-0.01888717
2009-10-28,TLT,0.00473759
2009-10-28,UUP,0.00397525
2009-10-29,EEM,0.04424993
2009-10-29,GLD,0.01945795
2009-10-29,HYG,0.01403236
2009-10-29,SPY,0.02145406
2009-10-29,TLT,-0.01089667
2009-10-29,UUP,-0.00703911
2009-10-30,EEM,-0.04668874
2009-10-30,GLD,-0.00155812
2009-10-30,HYG,-0.00941966
2009-10-30,SPY,-0.02897302
2009-10-30,TLT,0.01451203
2009-10-30,UUP,0.00575998
2009-11-02,EEM,0.01490555
2009-11-02,GLD,0.01384959
2009-11-02,HYG,0.00784816
2009-11-02,SPY,0.00733829
2009-11-02,TLT,-0.00442152
2009-11-02,UUP,-0.00352431
2009-11-03,EEM,0.00157352
2009-11-03,GLD,0.02414625
2009-11-03,HYG,0.00223191
2009-11-03,SPY,0.00316334
2009-11-03,TLT,-0.00999403
2009-11-03,UUP,0.00265258
2009-11-04,EEM,0.01859089
2009-11-04,GLD,0.00601164
2009-11-04,HYG,0.00152344
2009-11-04,SPY,0.00257996
2009-11-04,TLT,-0.00913957
2009-11-04,UUP,-0.00749565
2009-11-05,EEM,0.02056604
2009-11-05,GLD,-0.0011204
2009-11-05,HYG,0.000819
2009-11-05,SPY,0.01839504
2009-11-05,TLT,0.0
2009-11-05,UUP,0.01910273
2009-11-06,EEM,-0.00125932
2009-11-06,GLD,0.00420637
2009-11-06,HYG,0.00093616
2009-11-06,SPY,0.00262047
2009-11-06,TLT,0.00096558
2009-11-06,UUP,-0.00479512
2009-11-09,EEM,0.03682189
2009-11-09,GLD,0.00707439
2009-11-09,HYG,0.00397078
2009-11-09,SPY,0.02277605
2009-11-09,TLT,0.00117871
2009-11-09,UUP,-0.01270266
2009-11-10,EEM,-0.0046213
2009-11-10,GLD,0.00184857
2009-11-10,HYG,-0.00034812
2009-11-10,SPY,0.00018243
2009-11-10,TLT,-0.00181907
2009-11-10,UUP,-0.00443645
2009-11-11,EEM,0.00855299
2009-11-11,GLD,0.01116338
2009-11-11,HYG,0.00058143
2009-11-11,SPY,0.00511
2009-11-11,TLT,0.00418105
2009-11-11,UUP,0.00178247
2009-11-12,EEM,-0.02229272
2009-11-12,GLD,-0.01268248
2009-11-12,HYG,0.00116277
2009-11-12,SPY,-0.01016757
2009-11-12,TLT,-0.00181507
2009-11-12,UUP,0.01423488
2009-11-13,EEM,0.01710068
2009-11-13,GLD,0.01413916
2009-11-13,HYG,-0.00197472
2009-11-13,SPY,0.00541124
2009-11-13,TLT,0.00459933
2009-11-13,UUP,-0.02105269
2009-11-16,EEM,0.02509767
2009-11-16,GLD,0.01722252
2009-11-16,HYG,0.00465651
2009-11-16,SPY,0.0145042
2009-11-16,TLT,0.01171227
2009-11-16,UUP,-0.00448028
2009-11-17,EEM,-0.00356577
2009-11-17,GLD,0.00304581
2009-11-17,HYG,-0.00023216
2009-11-17,SPY,0.00116914
2009-11-17,TLT,0.00536728
2009-11-17,UUP,0.00630066
2009-11-18,EEM,-0.00787203
2009-11-18,GLD,0.00250066
2009-11-18,HYG,-0.00254939
2009-11-18,SPY,-0.00062854
2009-11-18,TLT,-0.00586187
2009-11-18,UUP,-0.00357779
2009-11-19,EEM,-0.01851415
2009-11-19,GLD,0.00044546
2009-11-19,HYG,0.00209124
2009-11-19,SPY,-0.01303154
2009-11-19,TLT,0.0017903
2009-11-19,UUP,0.0031418
2009-11-20,EEM,-0.00416448
2009-11-20,GLD,0.00569901
2009-11-20,HYG,-0.00023138
2009-11-20,SPY,-0.00355096
2009-11-20,TLT,-0.00021018
2009-11-20,UUP,0.00402693
2009-11-23,EEM,0.02090994
2009-11-23,GLD,0.01195324
2009-11-23,HYG,-0.00104415
2009-11-23,SPY,0.01270191
2009-11-23,TLT,-0.0012621
2009-11-23,UUP,-0.00757582
2009-11-24,EEM,-0.00554179
2009-11-24,GLD,0.00384988
2009-11-24,HYG,0.00058036
2009-11-24,SPY,0.00153455
2009-11-24,TLT,0.00631537
2009-11-24,UUP,0.00089809
2009-11-25,EEM,0.01163057
2009-11-25,GLD,0.01647345
2009-11-25,HYG,0.00046461
2009-11-25,SPY,0.00351325
2009-11-25,TLT,0.0046032
2009-11-25,UUP,-0.01166437
2009-11-27,EEM,-0.03880209
2009-11-27,GLD,-0.01337682
2009-11-27,HYG,-0.00695872
2009-11-27,SPY,-0.0162506
2009-11-27,TLT,0.00374813
2009-11-27,UUP,0.01044012
2009-11-30,EEM,0.00971812
2009-11-30,GLD,0.00504086
2009-11-30,HYG,0.00326986
2009-11-30,SPY,0.00337701
2009-11-30,TLT,0.00238592
2009-11-30,UUP,-0.00404301
2009-12-01,EEM,0.02862784
2009-12-01,GLD,0.01504668
2009-12-01,HYG,0.0049487
2009-12-01,SPY,0.01236999
2009-12-01,TLT,-0.01113931
2009-12-01,UUP,-0.00451059
2009-12-02,EEM,0.00407862
2009-12-02,GLD,0.01533484
2009-12-02,HYG,0.00104981
2009-12-02,SPY,-0.00044889
2009-12-02,TLT,0.00084013
2009-12-02,UUP,0.00317159
2009-12-03,EEM,-0.00931872
2009-12-03,GLD,-0.00402755
2009-12-03,HYG,0.00128244
2009-12-03,SPY,-0.00782027
2009-12-03,TLT,-0.01038586
2009-12-03,UUP,0.00045168
2009-12-04,EEM,0.00916536
2009-12-04,GLD,-0.04170174
2009-12-04,HYG,0.00407476
2009-12-04,SPY,0.00570789
2009-12-04,TLT,-0.01059991
2009-12-04,UUP,0.01489854
2009-12-07,EEM,-0.00860388
2009-12-07,GLD,-0.00562637
2009-12-07,HYG,0.00127502
2009-12-07,SPY,-0.00153174
2009-12-07,TLT,0.00128631
2009-12-07,UUP,0.0
2009-12-08,EEM,-0.01856376
2009-12-08,GLD,-0.01909649
2009-12-08,HYG,0.0011587
2009-12-08,SPY,-0.01109707
2009-12-08,TLT,0.00149707
2009-12-08,UUP,0.00489324
2009-12-09,EEM,0.00614131
2009-12-09,GLD,-0.00099144
2009-12-09,HYG,0.0
2009-12-09,SPY,0.0037405
2009-12-09,TLT,-0.004594
2009-12-09,UUP,-0.00398415
2009-12-10,EEM,0.00585927
2009-12-10,GLD,-0.00018041
2009-12-10,HYG,0.00497265
2009-12-10,SPY,0.00563536
2009-12-10,TLT,-0.01148405
2009-12-10,UUP,0.0
2009-12-11,EEM,0.00364073
2009-12-11,GLD,-0.01353546
2009-12-11,HYG,0.00057611
2009-12-11,SPY,0.00424823
2009-12-11,TLT,-0.00010849
2009-12-11,UUP,0.00800007
2009-12-14,EEM,0.00677155
2009-12-14,GLD,0.00841564
2009-12-14,HYG,0.00805018
2009-12-14,SPY,0.00683975
2009-12-14,TLT,0.00119466
2009-12-14,UUP,-0.00220463
2009-12-15,EEM,-0.01032913
2009-12-15,GLD,-0.00027212
2009-12-15,HYG,-0.00102692
2009-12-15,SPY,-0.00464859
2009-12-15,TLT,-0.00444769
2009-12-15,UUP,0.00707041
2009-12-16,EEM,0.00582553
2009-12-16,GLD,0.01252152
2009-12-16,HYG,0.00228487
2009-12-16,SPY,0.00152706
2009-12-16,TLT,-0.00119768
2009-12-16,UUP,-0.0008777
2009-12-17,EEM,-0.02871671
2009-12-17,GLD,-0.03808585
2009-12-17,HYG,-0.00057023
2009-12-17,SPY,-0.01201531
2009-12-17,TLT,0.01647036
2009-12-17,UUP,0.01054041
2009-12-18,EEM,0.00273302
2009-12-18,GLD,0.01499907
2009-12-18,HYG,-0.00056987
2009-12-18,SPY,0.00565709
2009-12-18,TLT,-0.00429289
2009-12-18,UUP,0.0
2009-12-21,EEM,-0.00123859
2009-12-21,GLD,-0.01835705
2009-12-21,HYG,0.0029666
2009-12-21,SPY,0.01016248
2009-12-21,TLT,-0.01778218
2009-12-21,UUP,0.00304192
2009-12-22,EEM,0.01007818
2009-12-22,GLD,-0.00729312
2009-12-22,HYG,0.00216055
2009-12-22,SPY,0.00359303
2009-12-22,TLT,-0.00559595
2009-12-22,UUP,0.00346618
2009-12-23,EEM,0.00990339
2009-12-23,GLD,0.00357921
2009-12-23,HYG,0.00238406
2009-12-23,SPY,0.00196867
2009-12-23,TLT,0.00022153
2009-12-23,UUP,-0.00561315
2009-12-24,EEM,0.01005127
2009-12-24,GLD,0.01698731
2009-12-24,HYG,0.00373708
2009-12-24,SPY,0.00473473
2009-12-24,TLT,-0.01037004
2009-12-24,UUP,0.0
2009-12-28,EEM,0.00339796
2009-12-28,GLD,0.00175344
2009-12-28,HYG,-0.00293313
2009-12-28,SPY,0.00213367
2009-12-28,TLT,-0.00278622
2009-12-28,UUP,-0.00260525
2009-12-29,EEM,-0.00358105
2009-12-29,GLD,-0.00994935
2009-12-29,HYG,-0.00535315
2009-12-29,SPY,-0.00141969
2009-12-29,TLT,0.006597
2009-12-29,UUP,0.00304742
2009-12-30,EEM,0.004371
2009-12-30,GLD,-0.00502467
2009-12-30,HYG,0.0042362
2009-12-30,SPY,-0.00035581
2009-12-30,TLT,0.00657451
2009-12-30,UUP,0.0
2009-12-31,EEM,0.00338507
2009-12-31,GLD,0.0035537
2009-12-31,HYG,0.00159725
2009-12-31,SPY,-0.00959782
2009-12-31,TLT,-0.00476037
2009-12-31,UUP,0.00173615
2010-01-04,EEM,0.02915664
2010-01-04,GLD,0.02320385
2010-01-04,HYG,0.00785456
2010-01-04,SPY,0.01695974
2010-01-04,TLT,-0.00089019
2010-01-04,UUP,-0.00693236
2010-01-05,EEM,0.00725814
2010-01-05,GLD,-0.0009108
2010-01-05,HYG,0.0047448
2010-01-05,SPY,0.00264722
2010-01-05,TLT,0.00645794
2010-01-05,UUP,-0.00043621
2010-01-06,EEM,0.00209243
2010-01-06,GLD,0.01649959
2010-01-06,HYG,0.00258514
2010-01-06,SPY,0.00070402
2010-01-06,TLT,-0.01338616
2010-01-06,UUP,-0.0026191
2010-01-07,EEM,-0.00579933
2010-01-07,GLD,-0.00618781
2010-01-07,HYG,0.00403675
2010-01-07,SPY,0.00422135
2010-01-07,TLT,0.00168143
2010-01-07,UUP,0.00656469
2010-01-08,EEM,0.00793284
2010-01-08,GLD,0.00496303
2010-01-08,HYG,0.00156387
2010-01-08,SPY,0.00332776
2010-01-08,TLT,-0.00044834
2010-01-08,UUP,-0.00695667
2010-01-11,EEM,-0.00208315
2010-01-11,GLD,0.013289
2010-01-11,HYG,-0.00089261
2010-01-11,SPY,0.00139632
2010-01-11,TLT,-0.00548746
2010-01-11,UUP,-0.00525395
2010-01-12,EEM,-0.01600585
2010-01-12,GLD,-0.02091272
2010-01-12,HYG,-0.00513311
2010-01-12,SPY,-0.00932611
2010-01-12,TLT,0.01711755
2010-01-12,UUP,0.0
2010-01-13,EEM,0.00306446
2010-01-13,GLD,0.00950315
2010-01-13,HYG,0.00224387
2010-01-13,SPY,0.00844642
2010-01-13,TLT,-0.01162548
2010-01-13,UUP,-0.0008802
2010-01-14,EEM,-0.00258475
2010-01-14,GLD,0.00439302
2010-01-14,HYG,0.00111886
2010-01-14,SPY,0.00270433
2010-01-14,TLT,0.0140031
2010-01-14,UUP,-0.00264333
2010-01-15,EEM,-0.01154599
2010-01-15,GLD,-0.01044361
2010-01-15,HYG,-0.00402569
2010-01-15,SPY,-0.01122374
2010-01-15,TLT,0.00618558
2010-01-15,UUP,0.00574217
2010-01-19,EEM,0.02026233
2010-01-19,GLD,0.00595342
2010-01-19,HYG,0.00045004
2010-01-19,SPY,0.01249501
2010-01-19,TLT,-0.00285422
2010-01-19,UUP,0.00307419
2010-01-20,EEM,-0.02406536
2010-01-20,GLD,-0.02313481
2010-01-20,HYG,-0.00145948
2010-01-20,SPY,-0.01016859
2010-01-20,TLT,0.01013
2010-01-20,UUP,0.01225926
2010-01-21,EEM,-0.03016548
2010-01-21,GLD,-0.0144116
2010-01-21,HYG,-0.01561917
2010-01-21,SPY,-0.01922901
2010-01-21,TLT,0.00457775
2010-01-21,UUP,0.0
2010-01-22,EEM,-0.02221648
2010-01-22,GLD,-0.00186276
2010-01-22,HYG,-0.00947481
2010-01-22,SPY,-0.02229177
2010-01-22,TLT,-0.0017355
2010-01-22,UUP,-0.00173014
2010-01-25,EEM,0.00732147
2010-01-25,GLD,0.00289265
2010-01-25,HYG,0.00149786
2010-01-25,SPY,0.005128
2010-01-25,TLT,-0.00456542
2010-01-25,UUP,-0.00129976
2010-01-26,EEM,-0.02080213
2010-01-26,GLD,0.00074427
2010-01-26,HYG,0.00126593
2010-01-26,SPY,-0.00419063
2010-01-26,TLT,0.00032731
2010-01-26,UUP,0.00433829
2010-01-27,EEM,-0.00255975
2010-01-27,GLD,-0.00957604
2010-01-27,HYG,0.00034502
2010-01-27,SPY,0.00475701
2010-01-27,TLT,-0.00054552
2010-01-27,UUP,0.0034557
2010-01-28,EEM,-0.00692815
2010-01-28,GLD,-0.00046931
2010-01-28,HYG,-0.004251
2010-01-28,SPY,-0.01147273
2010-01-28,TLT,-0.00054629
2010-01-28,UUP,0.00172205
2010-01-29,EEM,-0.01085272
2010-01-29,GLD,-0.00488359
2010-01-29,HYG,-0.00507669
2010-01-29,SPY,-0.01086819
2010-01-29,TLT,0.00874215
2010-01-29,UUP,0.00773525
2010-02-01,EEM,0.02690714
2010-02-01,GLD,0.02255568
2010-02-01,HYG,0.00482655
2010-02-01,SPY,0.01555082
2010-02-01,TLT,-0.0090767
2010-02-01,UUP,-0.00426448
2010-02-02,EEM,0.00814053
2010-02-02,GLD,0.00719888
2010-02-02,HYG,0.0030246
2010-02-02,SPY,0.01210364
2010-02-02,TLT,0.00285168
2010-02-02,UUP,-0.003426
2010-02-03,EEM,-0.00580399
2010-02-03,GLD,-0.00394026
2010-02-03,HYG,0.00510101
2010-02-03,SPY,-0.00498293
2010-02-03,TLT,-0.01159627
2010-02-03,UUP,0.00558652
2010-02-04,EEM,-0.04517782
2010-02-04,GLD,-0.03983435
2010-02-04,HYG,-0.01419036
2010-02-04,SPY,-0.03086604
2010-02-04,TLT,0.01582742
2010-02-04,UUP,0.0064102
2010-02-05,EEM,-0.011164
2010-02-05,GLD,0.00297018
2010-02-05,HYG,-0.00585052
2010-02-05,SPY,0.00206699
2010-02-05,TLT,0.00217939
2010-02-05,UUP,0.00424628
2010-02-08,EEM,-0.00994623
2010-02-08,GLD,-0.00611386
2010-02-08,HYG,-0.00435566
2010-02-08,SPY,-0.00721946
2010-02-08,TLT,0.00130403
2010-02-08,UUP,-0.00042284
2010-02-09,EEM,0.03258204
2010-02-09,GLD,0.01316804
2010-02-09,HYG,0.00200996
2010-02-09,SPY,0.01256016
2010-02-09,TLT,-0.00998926
2010-02-09,UUP,-0.00634493
2010-02-10,EEM,-0.00262954
2010-02-10,GLD,-0.00275117
2010-02-10,HYG,-0.01345153
2010-02-10,SPY,-0.001958
2010-02-10,TLT,-0.00954013
2010-02-10,UUP,0.00297976
2010-02-11,EEM,0.02636447
2010-02-11,GLD,0.01912095
2010-02-11,HYG,0.00406692
2010-02-11,SPY,0.01046608
2010-02-11,TLT,-0.00542698
2010-02-11,UUP,-0.00042446
2010-02-12,EEM,-0.01258679
2010-02-12,GLD,-0.00084007
2010-02-12,HYG,-0.00059539
2010-02-12,SPY,-0.00083234
2010-02-12,TLT,0.00412003
2010-02-12,UUP,0.0033971
2010-02-16,EEM,0.02575444
2010-02-16,GLD,0.02410316
2010-02-16,HYG,0.00989236
2010-02-16,SPY,0.01573491
2010-02-16,TLT,0.00188448
2010-02-16,UUP,-0.0084639
2010-02-17,EEM,0.00355062
2010-02-17,GLD,-0.00337532
2010-02-17,HYG,0.00767205
2010-02-17,SPY,0.00473865
2010-02-17,TLT,-0.01139881
2010-02-17,UUP,0.00938968
2010-02-18,EEM,0.00379101
2010-02-18,GLD,0.00668195
2010-02-18,HYG,0.00948646
2010-02-18,SPY,0.00589477
2010-02-18,TLT,-0.00403052
2010-02-18,UUP,0.0
2010-02-19,EEM,-0.00856036
2010-02-19,GLD,-0.00463723
2010-02-19,HYG,0.00672916
2010-02-19,SPY,0.00207396
2010-02-19,TLT,0.00539589
2010-02-19,UUP,0.0029598
2010-02-22,EEM,0.00126984
2010-02-22,GLD,-0.00365398
2010-02-22,HYG,0.00126701
2010-02-22,SPY,0.00017972
2010-02-22,TLT,-0.00413686
2010-02-22,UUP,-0.00168628
2010-02-23,EEM,-0.02307905
2010-02-23,GLD,-0.01081874
2010-02-23,HYG,-0.00725068
2010-02-23,SPY,-0.01214456
2010-02-23,TLT,0.01560492
2010-02-23,UUP,0.00548989
2010-02-24,EEM,0.0096056
2010-02-24,GLD,-0.0049124
2010-02-24,HYG,0.00382601
2010-02-24,SPY,0.00919781
2010-02-24,TLT,0.00243082
2010-02-24,UUP,-0.00209991
2010-02-25,EEM,-0.00822845
2010-02-25,GLD,0.0088487
2010-02-25,HYG,0.00011576
2010-02-25,SPY,-0.00135377
2010-02-25,TLT,0.00562325
2010-02-25,UUP,-0.00210452
2010-02-26,EEM,0.01011133
2010-02-26,GLD,0.01034071
2010-02-26,HYG,0.00669807
2010-02-26,SPY,0.0006322
2010-02-26,TLT,0.00515407
2010-02-26,UUP,-0.00295231
2010-03-01,EEM,0.01694067
2010-03-01,GLD,0.0
2010-03-01,HYG,0.00076266
2010-03-01,SPY,0.01038537
2010-03-01,TLT,-0.00043726
2010-03-01,UUP,0.00338407
2010-03-02,EEM,0.0113578
2010-03-02,GLD,0.0145298
2010-03-02,HYG,0.00646751
2010-03-02,SPY,0.00277022
2010-03-02,TLT,-0.00131472
2010-03-02,UUP,-0.00295106
2010-03-03,EEM,0.0012479
2010-03-03,GLD,0.00549451
2010-03-03,HYG,0.00103255
2010-03-03,SPY,0.0008912
2010-03-03,TLT,-0.00252163
2010-03-03,UUP,-0.0059196
2010-03-04,EEM,-0.00523427
2010-03-04,GLD,-0.00716649
2010-03-04,HYG,0.00080297
2010-03-04,SPY,0.00302813
2010-03-04,TLT,0.00527611
2010-03-04,UUP,0.00552949
2010-03-05,EEM,0.02605873
2010-03-05,GLD,-0.0001805
2010-03-05,HYG,0.0059557
2010-03-05,SPY,0.01429286
2010-03-05,TLT,-0.01311976
2010-03-05,UUP,-0.00042292
2010-03-08,EEM,0.00073269
2010-03-08,GLD,-0.00839275
2010-03-08,HYG,0.00022777
2010-03-08,SPY,0.00017519
2010-03-08,TLT,-0.00520589
2010-03-08,UUP,-0.0004232
2010-03-09,EEM,0.00561239
2010-03-09,GLD,-0.0014561
2010-03-09,HYG,0.00432498
2010-03-09,SPY,0.00166276
2010-03-09,TLT,0.00022303
2010-03-09,UUP,0.00169342
2010-03-10,EEM,0.00703695
2010-03-10,GLD,-0.01139264
2010-03-10,HYG,0.00033971
2010-03-10,SPY,0.00445568
2010-03-10,TLT,-0.00256141
2010-03-10,UUP,-0.00169056
2010-03-11,EEM,0.00024119
2010-03-11,GLD,0.00119846
2010-03-11,HYG,-0.00090685
2010-03-11,SPY,0.00417482
2010-03-11,TLT,0.00368359
2010-03-11,UUP,-0.0021169
2010-03-12,EEM,-0.00337284
2010-03-12,GLD,-0.00598528
2010-03-12,HYG,0.00022742
2010-03-12,SPY,8.682e-05
2010-03-12,TLT,0.00622802
2010-03-12,UUP,-0.00636406
2010-03-15,EEM,-0.00725155
2010-03-15,GLD,0.00379809
2010-03-15,HYG,-0.00113383
2010-03-15,SPY,0.0002598
2010-03-15,TLT,-0.00132667
2010-03-15,UUP,0.00555083
2010-03-16,EEM,0.01290494
2010-03-16,GLD,0.01882614
2010-03-16,HYG,0.00340601
2010-03-16,SPY,0.0079666
2010-03-16,TLT,0.00796879
2010-03-16,UUP,-0.00721874
2010-03-17,EEM,0.01081708
2010-03-17,GLD,-0.007337
2010-03-17,HYG,0.0
2010-03-17,SPY,0.00592687
2010-03-17,TLT,0.00428171
2010-03-17,UUP,0.00042773
2010-03-18,EEM,-0.0076099
2010-03-18,GLD,0.00684369
2010-03-18,HYG,0.00146942
2010-03-18,SPY,-0.00051233
2010-03-18,TLT,-0.00327986
2010-03-18,UUP,0.00684058
2010-03-19,EEM,-0.01294037
2010-03-19,GLD,-0.01866955
2010-03-19,HYG,-0.00496911
2010-03-19,SPY,-0.00506207
2010-03-19,TLT,0.00098725
2010-03-19,UUP,0.00679401
2010-03-22,EEM,0.00364139
2010-03-22,GLD,-0.00489471
2010-03-22,HYG,0.00476739
2010-03-22,SPY,0.00534666
2010-03-22,TLT,0.0010956
2010-03-22,UUP,-0.00253054
2010-03-23,EEM,0.00701521
2010-03-23,GLD,0.00529002
2010-03-23,HYG,-0.0001124
2010-03-23,SPY,0.00703269
2010-03-23,TLT,-0.00470588
2010-03-23,UUP,0.00338264
2010-03-24,EEM,-0.01489319
2010-03-24,GLD,-0.01864842
2010-03-24,HYG,-0.00056549
2010-03-24,SPY,-0.00485479
2010-03-24,TLT,-0.01825693
2010-03-24,UUP,0.01348514
2010-03-25,EEM,-0.00268208
2010-03-25,GLD,0.00451548
2010-03-25,HYG,0.00237449
2010-03-25,SPY,-0.00162598
2010-03-25,TLT,-0.00638464
2010-03-25,UUP,0.00332619
2010-03-26,EEM,0.00488959
2010-03-26,GLD,0.01695072
2010-03-26,HYG,-0.00033806
2010-03-26,SPY,-0.00060004
2010-03-26,TLT,0.00281822
2010-03-26,UUP,-0.00704504
2010-03-29,EEM,0.01800486
2010-03-29,GLD,0.00147347
2010-03-29,HYG,0.00124068
2010-03-29,SPY,0.00634771
2010-03-29,TLT,-0.00382184
2010-03-29,UUP,-0.00500817
2010-03-30,EEM,0.0038245
2010-03-30,GLD,-0.0071724
2010-03-30,HYG,-0.00101449
2010-03-30,SPY,0.00068178
2010-03-30,TLT,0.00315913
2010-03-30,UUP,0.00377506
2010-03-31,EEM,0.00285717
2010-03-31,GLD,0.00907656
2010-03-31,HYG,-0.00315844
2010-03-31,SPY,-0.00340693
2010-03-31,TLT,0.00686276
2010-03-31,UUP,-0.00543244
2010-04-01,EEM,0.02611613
2010-04-01,GLD,0.01202391
2010-04-01,HYG,-0.00241726
2010-04-01,SPY,0.00683725
2010-04-01,TLT,-0.00244503
2010-04-01,UUP,-0.00588248
2010-04-05,EEM,0.00902302
2010-04-05,GLD,0.00571374
2010-04-05,HYG,-0.0004563
2010-04-05,SPY,0.00814951
2010-04-05,TLT,-0.01663809
2010-04-05,UUP,0.00507186
2010-04-06,EEM,0.00298109
2010-04-06,GLD,0.00126251
2010-04-06,HYG,0.00651639
2010-04-06,SPY,0.0023576
2010-04-06,TLT,0.00160008
2010-04-06,UUP,0.00294362
2010-04-07,EEM,-0.0086876
2010-04-07,GLD,0.01314959
2010-04-07,HYG,0.00147762
2010-04-07,SPY,-0.00571222
2010-04-07,TLT,0.01278431
2010-04-07,UUP,0.00209658
2010-04-08,EEM,0.0034594
2010-04-08,GLD,0.00142238
2010-04-08,HYG,0.001701
2010-04-08,SPY,0.00346389
2010-04-08,TLT,0.00045136
2010-04-08,UUP,-0.00083693
2010-04-09,EEM,0.00620537
2010-04-09,GLD,0.00878826
2010-04-09,HYG,0.00147194
2010-04-09,SPY,0.00656735
2010-04-09,TLT,0.00236491
2010-04-09,UUP,-0.00753766
2010-04-12,EEM,-0.00799464
2010-04-12,GLD,-0.0055438
2010-04-12,HYG,0.00022617
2010-04-12,SPY,0.00158929
2010-04-12,TLT,0.00528198
2010-04-12,UUP,-0.00421931
2010-04-13,EEM,-0.00207193
2010-04-13,GLD,-0.00283161
2010-04-13,HYG,0.00271365
2010-04-13,SPY,0.00075171
2010-04-13,TLT,0.0032428
2010-04-13,UUP,0.0
2010-04-14,EEM,0.01476709
2010-04-14,GLD,0.00301709
2010-04-14,HYG,0.00270531
2010-04-14,SPY,0.01134955
2010-04-14,TLT,-0.00702113
2010-04-14,UUP,-0.00508495
2010-04-15,EEM,-0.00545739
2010-04-15,GLD,0.00548529
2010-04-15,HYG,0.0026979
2010-04-15,SPY,0.00082499
2010-04-15,TLT,0.00112279
2010-04-15,UUP,0.00383313
2010-04-16,EEM,-0.02926368
2010-04-16,GLD,-0.02120549
2010-04-16,HYG,-0.00807314
2010-04-16,SPY,-0.01591234
2010-04-16,TLT,0.00728603
2010-04-16,UUP,0.00339412
2010-04-19,EEM,-0.00400369
2010-04-19,GLD,-0.00080903
2010-04-19,HYG,-0.00192234
2010-04-19,SPY,0.00376998
2010-04-19,TLT,-0.00244869
2010-04-19,UUP,0.00169156
2010-04-20,EEM,0.01182286
2010-04-20,GLD,0.002789
2010-04-20,HYG,0.01076023
2010-04-20,SPY,0.00893086
2010-04-20,TLT,0.00357086
2010-04-20,UUP,0.00168822
2010-04-21,EEM,-0.00327131
2010-04-21,GLD,0.00762604
2010-04-21,HYG,0.00011306
2010-04-21,SPY,-0.00181987
2010-04-21,TLT,0.0082256
2010-04-21,UUP,0.00210708
2010-04-22,EEM,0.00422028
2010-04-22,GLD,-0.00418486
2010-04-22,HYG,-0.00291385
2010-04-22,SPY,0.00298373
2010-04-22,TLT,-0.00297784
2010-04-22,UUP,0.00462574
2010-04-23,EEM,0.00537016
2010-04-23,GLD,0.01207087
2010-04-23,HYG,0.00651751
2010-04-23,SPY,0.00652748
2010-04-23,TLT,-0.00353789
2010-04-23,UUP,-0.00209278
2010-04-26,EEM,0.0
2010-04-26,GLD,-0.00388729
2010-04-26,HYG,0.0
2010-04-26,SPY,-0.00377576
2010-04-26,TLT,0.00110978
2010-04-26,UUP,-0.00041966
2010-04-27,EEM,-0.03576412
2010-04-27,GLD,0.01667403
2010-04-27,HYG,-0.01261576
2010-04-27,SPY,-0.02365089
2010-04-27,TLT,0.01407847
2010-04-27,UUP,0.0121697
2010-04-28,EEM,0.00842928
2010-04-28,GLD,-0.00279159
2010-04-28,HYG,0.0006784
2010-04-28,SPY,0.00759613
2010-04-28,TLT,-0.00852645
2010-04-28,UUP,-0.0004146
2010-04-29,EEM,0.01648019
2010-04-29,GLD,-0.00026243
2010-04-29,HYG,0.00689307
2010-04-29,SPY,0.01239741
2010-04-29,TLT,0.00418945
2010-04-29,UUP,-0.00456252
2010-04-30,EEM,-0.0119836
2010-04-30,GLD,0.00945049
2010-04-30,HYG,0.00325382
2010-04-30,SPY,-0.01696222
2010-04-30,TLT,0.01152823
2010-04-30,UUP,-0.0016667
2010-05-03,EEM,0.00546978
2010-05-03,GLD,0.00320737
2010-05-03,HYG,-0.00011264
2010-05-03,SPY,0.01296218
2010-05-03,TLT,-0.00130733
2010-05-03,UUP,0.00626057
2010-05-04,EEM,-0.04588455
2010-05-04,GLD,-0.00743109
2010-05-04,HYG,-0.01025374
2010-05-04,SPY,-0.02351456
2010-05-04,TLT,0.01799575
2010-05-04,UUP,0.01119863
2010-05-05,EEM,-0.0180962
2010-05-05,GLD,0.00191515
2010-05-05,HYG,-0.01366077
2010-05-05,SPY,-0.00595676
2010-05-05,TLT,0.00589252
2010-05-05,UUP,0.00943389
2010-05-06,EEM,-0.04089882
2010-05-06,GLD,0.02954211
2010-05-06,HYG,-0.02481544
2010-05-06,SPY,-0.03321314
2010-05-06,TLT,0.03088737
2010-05-06,UUP,0.00812686
2010-05-07,EEM,0.00526434
2010-05-07,GLD,-0.00185671
2010-05-07,HYG,-0.0001181
2010-05-07,SPY,-0.0148751
2010-05-07,TLT,-0.01250143
2010-05-07,UUP,-0.0044337
2010-05-10,EEM,0.07200871
2010-05-10,GLD,-0.00591864
2010-05-10,HYG,0.01870286
2010-05-10,SPY,0.04404083
2010-05-10,TLT,-0.02071601
2010-05-10,UUP,-0.0024292
2010-05-11,EEM,-0.01807528
2010-05-11,GLD,0.02628225
2010-05-11,HYG,-0.00116284
2010-05-11,SPY,-0.00284108
2010-05-11,TLT,-0.00256453
2010-05-11,UUP,0.0044642
2010-05-12,EEM,0.01243787
2010-05-12,GLD,0.00613292
2010-05-12,HYG,0.01221574
2010-05-12,SPY,0.01398594
2010-05-12,TLT,-0.00760484
2010-05-12,UUP,0.00282825
2010-05-13,EEM,-0.0093365
2010-05-13,GLD,-0.00691931
2010-05-13,HYG,-0.00620651
2010-05-13,SPY,-0.01243081
2010-05-13,TLT,0.00658418
2010-05-13,UUP,0.00564064
2010-05-14,EEM,-0.02058544
2010-05-14,GLD,-0.00157594
2010-05-14,HYG,-0.00578246
2010-05-14,SPY,-0.01810495
2010-05-14,TLT,0.017371
2010-05-14,UUP,0.00921485
2010-05-17,EEM,-0.00607742
2010-05-17,GLD,-0.00839081
2010-05-17,HYG,-0.00127978
2010-05-17,SPY,0.00052703
2010-05-17,TLT,-0.00368927
2010-05-17,UUP,0.0
2010-05-18,EEM,-0.02089175
2010-05-18,GLD,0.00108912
2010-05-18,HYG,-0.00209617
2010-05-18,SPY,-0.01360261
2010-05-18,TLT,0.01533936
2010-05-18,UUP,0.01071841
2010-05-19,EEM,-0.00962796
2010-05-19,GLD,-0.02393506
2010-05-19,HYG,-0.00583555
2010-05-19,SPY,-0.00569409
2010-05-19,TLT,0.00333431
2010-05-19,UUP,-0.0094264
2010-05-20,EEM,-0.04965859
2010-05-20,GLD,-0.00677357
2010-05-20,HYG,-0.02981894
2010-05-20,SPY,-0.03775931
2010-05-20,TLT,0.02108033
2010-05-20,UUP,-0.00515457
2010-05-21,EEM,0.03234751
2010-05-21,GLD,-0.00535217
2010-05-21,HYG,0.02008711
2010-05-21,SPY,0.01459971
2010-05-21,TLT,0.00101649
2010-05-21,UUP,-0.00438431
2010-05-24,EEM,-0.0104444
2010-05-24,GLD,0.01406002
2010-05-24,HYG,0.00154106
2010-05-24,SPY,-0.0128316
2010-05-24,TLT,-0.00345452
2010-05-24,UUP,0.01000804
2010-05-25,EEM,-0.01082589
2010-05-25,GLD,0.00445057
2010-05-25,HYG,-0.00118391
2010-05-25,SPY,0.00102177
2010-05-25,TLT,0.00489353
2010-05-25,UUP,0.00277453
2010-05-26,EEM,-0.00054712
2010-05-26,GLD,0.00945808
2010-05-26,HYG,-0.01197568
2010-05-26,SPY,-0.0060292
2010-05-26,TLT,-0.00284068
2010-05-26,UUP,0.00671924
2010-05-27,EEM,0.06049799
2010-05-27,GLD,0.00185702
2010-05-27,HYG,0.01380141
2010-05-27,SPY,0.03349854
2010-05-27,TLT,-0.02268791
2010-05-27,UUP,-0.01060067
2010-05-28,EEM,-0.01651992
2010-05-28,GLD,0.00160077
2010-05-28,HYG,0.00165769
2010-05-28,SPY,-0.01254978
2010-05-28,TLT,0.00458038
2010-05-28,UUP,0.00555559
2010-06-01,EEM,-0.01837312
2010-06-01,GLD,0.00866425
2010-06-01,HYG,-0.00472818
2010-06-01,SPY,-0.01682314
2010-06-01,TLT,0.00702967
2010-06-01,UUP,0.00039464
2010-06-02,EEM,0.03502695
2010-06-02,GLD,-0.00108419
2010-06-02,HYG,0.00514501
2010-06-02,SPY,0.02603838
2010-06-02,TLT,-0.00949969
2010-06-02,UUP,-0.00039449
2010-06-03,EEM,-0.00361673
2010-06-03,GLD,-0.01519452
2010-06-03,HYG,0.00035779
2010-06-03,SPY,0.00344459
2010-06-03,TLT,-0.00729713
2010-06-03,UUP,0.00513016
2010-06-04,EEM,-0.03551967
2010-06-04,GLD,0.01042729
2010-06-04,HYG,-0.00559338
2010-06-04,SPY,-0.03513712
2010-06-04,TLT,0.02688224
2010-06-04,UUP,0.01177855
2010-06-07,EEM,-0.01559179
2010-06-07,GLD,0.01929688
2010-06-07,HYG,-0.0069411
2010-06-07,SPY,-0.01245038
2010-06-07,TLT,0.00766942
2010-06-07,UUP,0.00232834
2010-06-08,EEM,0.02293854
2010-06-08,GLD,-0.00403324
2010-06-08,HYG,0.00156715
2010-06-08,SPY,0.01071199
2010-06-08,TLT,-0.00497186
2010-06-08,UUP,-0.00309724
2010-06-09,EEM,-0.00533918
2010-06-09,GLD,-0.00363638
2010-06-09,HYG,0.00216496
2010-06-09,SPY,-0.00534666
2010-06-09,TLT,-0.00112264
2010-06-09,UUP,-0.00388349
2010-06-10,EEM,0.03489021
2010-06-10,GLD,-0.01318842
2010-06-10,HYG,0.0102049
2010-06-10,SPY,0.02923173
2010-06-10,TLT,-0.01786765
2010-06-10,UUP,-0.01052637
2010-06-11,EEM,0.00518645
2010-06-11,GLD,0.00874171
2010-06-11,HYG,0.00142706
2010-06-11,SPY,0.00485572
2010-06-11,TLT,0.01268301
2010-06-11,UUP,0.00315207
2010-06-14,EEM,0.00025838
2010-06-14,GLD,-0.00341641
2010-06-14,HYG,0.0013051
2010-06-14,SPY,-0.00154983
2010-06-14,TLT,-0.00513283
2010-06-14,UUP,-0.00903362
2010-06-15,EEM,0.03017793
2010-06-15,GLD,0.01162207
2010-06-15,HYG,0.00971874
2010-06-15,SPY,0.02273742
2010-06-15,TLT,-0.00412786
2010-06-15,UUP,-0.00832342
2010-06-16,EEM,0.0
2010-06-16,GLD,-0.00545496
2010-06-16,HYG,0.00082261
2010-06-16,SPY,-0.0003574
2010-06-16,TLT,0.00569849
2010-06-16,UUP,0.00319733
2010-06-17,EEM,-0.00500792
2010-06-17,GLD,0.01304745
2010-06-17,HYG,0.00750567
2010-06-17,SPY,0.00160815
2010-06-17,TLT,0.00813956
2010-06-17,UUP,-0.00597586
2010-06-18,EEM,0.00452973
2010-06-18,GLD,0.00762921
2010-06-18,HYG,0.00430738
2010-06-18,SPY,0.00108416
2010-06-18,TLT,-0.00163513
2010-06-18,UUP,-0.00040099
2010-06-21,EEM,0.01728481
2010-06-21,GLD,-0.01986487
2010-06-21,HYG,0.00359428
2010-06-21,SPY,-0.00286419
2010-06-21,TLT,-0.00286589
2010-06-21,UUP,0.00360874
2010-06-22,EEM,-0.01920726
2010-06-22,GLD,0.0088047
2010-06-22,HYG,-0.00716249
2010-06-22,SPY,-0.01651567
2010-06-22,TLT,0.01190823
2010-06-22,UUP,0.00159803
2010-06-23,EEM,0.00257797
2010-06-23,GLD,-0.00411692
2010-06-23,HYG,-0.00069747
2010-06-23,SPY,-0.00310273
2010-06-23,TLT,0.00679757
2010-06-23,UUP,-0.00398892
2010-06-24,EEM,-0.01764604
2010-06-24,GLD,0.00289381
2010-06-24,HYG,-0.0068682
2010-06-24,SPY,-0.01657114
2010-06-24,TLT,-0.00594599
2010-06-24,UUP,0.0
2010-06-25,EEM,0.01180409
2010-06-25,GLD,0.01203627
2010-06-25,HYG,0.00457158
2010-06-25,SPY,0.00418961
2010-06-25,TLT,0.00405525
2010-06-25,UUP,-0.00560667
2010-06-28,EEM,-0.00684756
2010-06-28,GLD,-0.01360383
2010-06-28,HYG,0.00221733
2010-06-28,SPY,-0.00315163
2010-06-28,TLT,0.00938923
2010-06-28,UUP,0.00523553
2010-06-29,EEM,-0.04060247
2010-06-29,GLD,0.0014865
2010-06-29,HYG,-0.01001352
2010-06-29,SPY,-0.03087551
2010-06-29,TLT,0.01090226
2010-06-29,UUP,0.0048078
2010-06-30,EEM,-0.00665431
2010-06-30,GLD,0.00338092
2010-06-30,HYG,-0.00152812
2010-06-30,SPY,-0.00949999
2010-06-30,TLT,0.00672771
2010-06-30,UUP,-0.00079756
2010-07-01,EEM,0.00723506
2010-07-01,GLD,-0.0381328
2010-07-01,HYG,0.0047815
2010-07-01,SPY,-0.00445633
2010-07-01,TLT,0.00157819
2010-07-01,UUP,-0.01835571
2010-07-02,EEM,0.00425628
2010-07-02,GLD,0.0123889
2010-07-02,HYG,0.00023567
2010-07-02,SPY,-0.00544947
2010-07-02,TLT,-0.00797311
2010-07-02,UUP,-0.00121972
2010-07-06,EEM,0.0185429
2010-07-06,GLD,-0.01671024
2010-07-06,HYG,0.0079113
2010-07-06,SPY,0.00655555
2010-07-06,TLT,0.00823515
2010-07-06,UUP,-0.00325598
2010-07-07,EEM,0.02210654
2010-07-07,GLD,0.01047121
2010-07-07,HYG,0.01206519
2010-07-07,SPY,0.03149597
2010-07-07,TLT,-0.01171052
2010-07-07,UUP,-0.00326662
2010-07-08,EEM,0.00483477
2010-07-08,GLD,-0.00441692
2010-07-08,HYG,0.00462956
2010-07-08,SPY,0.00989584
2010-07-08,TLT,-0.0063715
2010-07-08,UUP,-0.00122894
2010-07-09,EEM,0.0121551
2010-07-09,GLD,0.00981146
2010-07-09,HYG,-0.00230483
2010-07-09,SPY,0.00746518
2010-07-09,TLT,-0.00571378
2010-07-09,UUP,0.0024609
2010-07-12,EEM,-0.00800575
2010-07-12,GLD,-0.00861781
2010-07-12,HYG,-0.00080837
2010-07-12,SPY,0.00064837
2010-07-12,TLT,-0.00040207
2010-07-12,UUP,0.00286422
2010-07-13,EEM,0.01160117
2010-07-13,GLD,0.00869272
2010-07-13,HYG,0.0077431
2010-07-13,SPY,0.01508826
2010-07-13,TLT,-0.00856963
2010-07-13,UUP,-0.00856793
2010-07-14,EEM,-0.00199454
2010-07-14,GLD,-0.00050691
2010-07-14,HYG,-0.00091729
2010-07-14,SPY,-9.115e-05
2010-07-14,TLT,0.01006716
2010-07-14,UUP,-0.00205747
2010-07-15,EEM,-0.0047462
2010-07-15,GLD,-0.00059171
2010-07-15,HYG,0.0014926
2010-07-15,SPY,0.00027329
2010-07-15,TLT,0.00996737
2010-07-15,UUP,-0.01154645
2010-07-16,EEM,-0.02986972
2010-07-16,GLD,-0.01319466
2010-07-16,HYG,-0.00607473
2010-07-16,SPY,-0.02753446
2010-07-16,TLT,0.00488493
2010-07-16,UUP,0.00166869
2010-07-19,EEM,0.01319511
2010-07-19,GLD,-0.00805687
2010-07-19,HYG,0.00334455
2010-07-19,SPY,0.00590715
2010-07-19,TLT,-0.00615023
2010-07-19,UUP,0.000833
2010-07-20,EEM,0.02349378
2010-07-20,GLD,0.00794952
2010-07-20,HYG,0.00804424
2010-07-20,SPY,0.01109118
2010-07-20,TLT,0.0014976
2010-07-20,UUP,0.00166453
2010-07-21,EEM,-0.01022964
2010-07-21,GLD,-0.00685815
2010-07-21,HYG,-0.0004557
2010-07-21,SPY,-0.01299783
2010-07-21,TLT,0.01694372
2010-07-21,UUP,0.00664723
2010-07-22,EEM,0.03024939
2010-07-22,GLD,0.00871819
2010-07-22,HYG,0.00889715
2010-07-22,SPY,0.02232178
2010-07-22,TLT,-0.01156545
2010-07-22,UUP,-0.00825413
2010-07-23,EEM,0.00685096
2010-07-23,GLD,-0.00658912
2010-07-23,HYG,0.0045228
2010-07-23,SPY,0.00867899
2010-07-23,TLT,-0.01060954
2010-07-23,UUP,-0.00166472
2010-07-26,EEM,0.00680474
2010-07-26,GLD,-0.00490998
2010-07-26,HYG,0.00044986
2010-07-26,SPY,0.01041556
2010-07-26,TLT,-0.00170351
2010-07-26,UUP,-0.00541876
2010-07-27,EEM,-0.00169007
2010-07-27,GLD,-0.01739954
2010-07-27,HYG,-0.00135047
2010-07-27,SPY,-8.941e-05
2010-07-27,TLT,-0.0096377
2010-07-27,UUP,0.00167648
2010-07-28,EEM,-0.00556093
2010-07-28,GLD,0.00237862
2010-07-28,HYG,-0.00214004
2010-07-28,SPY,-0.00645446
2010-07-28,TLT,0.00324404
2010-07-28,UUP,-0.00041851
2010-07-29,EEM,0.00170182
2010-07-29,GLD,0.00448235
2010-07-29,HYG,0.0030486
2010-07-29,SPY,-0.0048722
2010-07-29,TLT,-0.00030352
2010-07-29,UUP,-0.00669741
2010-07-30,EEM,0.00485445
2010-07-30,GLD,0.01049958
2010-07-30,HYG,-0.00259044
2010-07-30,SPY,-0.00018135
2010-07-30,TLT,0.01556512
2010-07-30,UUP,0.00042142
2010-08-02,EEM,0.02584559
2010-08-02,GLD,0.00043296
2010-08-02,HYG,0.00521562
2010-08-02,SPY,0.02258119
2010-08-02,TLT,-0.01403846
2010-08-02,UUP,-0.00926707
2010-08-03,EEM,-0.00470929
2010-08-03,GLD,0.00389473
2010-08-03,HYG,0.0
2010-08-03,SPY,-0.00478953
2010-08-03,TLT,0.00577239
2010-08-03,UUP,-0.0042517
2010-08-04,EEM,0.00141954
2010-08-04,GLD,0.00629368
2010-08-04,HYG,-0.00056505
2010-08-04,SPY,0.00668377
2010-08-04,TLT,-0.00765245
2010-08-04,UUP,0.00555083
2010-08-05,EEM,-0.00448844
2010-08-05,GLD,0.00222757
2010-08-05,HYG,-0.00045238
2010-08-05,SPY,-0.00106264
2010-08-05,TLT,0.00466725
2010-08-05,UUP,-0.003397
2010-08-06,EEM,-0.00142405
2010-08-06,GLD,0.00735162
2010-08-06,HYG,-0.00022597
2010-08-06,SPY,-0.00407596
2010-08-06,TLT,0.0109073
2010-08-06,UUP,-0.00511292
2010-08-09,EEM,0.00522827
2010-08-09,GLD,-0.00373383
2010-08-09,HYG,-0.00181042
2010-08-09,SPY,0.00533828
2010-08-09,TLT,-0.00369612
2010-08-09,UUP,0.0051392
2010-08-10,EEM,-0.01371152
2010-08-10,GLD,0.00281092
2010-08-10,HYG,-0.00034035
2010-08-10,SPY,-0.00539848
2010-08-10,TLT,0.00210456
2010-08-10,UUP,0.00213033
2010-08-11,EEM,-0.03187916
2010-08-11,GLD,-0.00331272
2010-08-11,HYG,-0.01304145
2010-08-11,SPY,-0.0274073
2010-08-11,TLT,0.01340967
2010-08-11,UUP,0.01743206
2010-08-12,EEM,0.00173306
2010-08-12,GLD,0.01218681
2010-08-12,HYG,-0.00344698
2010-08-12,SPY,-0.00612981
2010-08-12,TLT,-0.00246906
2010-08-12,UUP,0.00334306
2010-08-13,EEM,0.00543728
2010-08-13,GLD,-0.00025258
2010-08-13,HYG,0.00438117
2010-08-13,SPY,-0.00294565
2010-08-13,TLT,0.01247165
2010-08-13,UUP,0.00416502
2010-08-16,EEM,0.00934138
2010-08-16,GLD,0.00833759
2010-08-16,HYG,0.00126289
2010-08-16,SPY,-0.00046161
2010-08-16,TLT,0.02502687
2010-08-16,UUP,-0.00622162
2010-08-17,EEM,0.01047237
2010-08-17,GLD,0.00016701
2010-08-17,HYG,0.0037828
2010-08-17,SPY,0.01228534
2010-08-17,TLT,-0.00572329
2010-08-17,UUP,-0.00333888
2010-08-18,EEM,-0.00072247
2010-08-18,GLD,0.00392485
2010-08-18,HYG,0.00171293
2010-08-18,SPY,0.00182443
2010-08-18,TLT,0.00268641
2010-08-18,UUP,0.00125631
2010-08-19,EEM,-0.00771875
2010-08-19,GLD,0.00141406
2010-08-19,HYG,-0.00205156
2010-08-19,SPY,-0.01739648
2010-08-19,TLT,0.01559389
2010-08-19,UUP,0.00209113
2010-08-20,EEM,-0.00291693
2010-08-20,GLD,-0.00348865
2010-08-20,HYG,0.00239935
2010-08-20,SPY,-0.00324408
2010-08-20,TLT,-0.00113072
2010-08-20,UUP,0.00709503
2010-08-23,EEM,-0.00901985
2010-08-23,GLD,-0.00158375
2010-08-23,HYG,0.0
2010-08-23,SPY,-0.00381303
2010-08-23,TLT,0.00018905
2010-08-23,UUP,0.00207234
2010-08-24,EEM,-0.01279222
2010-08-24,GLD,0.00484223
2010-08-24,HYG,-0.00524288
2010-08-24,SPY,-0.01484348
2010-08-24,TLT,0.01602835
2010-08-24,UUP,-0.00165439
2010-08-25,EEM,-0.00647873
2010-08-25,GLD,0.00830841
2010-08-25,HYG,-0.00137517
2010-08-25,SPY,0.0038854
2010-08-25,TLT,-0.00324804
2010-08-25,UUP,0.00165713
2010-08-26,EEM,-0.00627063
2010-08-26,GLD,-0.00329599
2010-08-26,HYG,-0.00137696
2010-08-26,SPY,-0.00670191
2010-08-26,TLT,0.00940292
2010-08-26,UUP,-0.00620351
2010-08-27,EEM,0.02195891
2010-08-27,GLD,0.00041339
2010-08-27,HYG,-0.00011535
2010-08-27,SPY,0.01548945
2010-08-27,TLT,-0.02831535
2010-08-27,UUP,0.00166453
2010-08-30,EEM,-0.01654777
2010-08-30,GLD,-0.00082637
2010-08-30,HYG,0.0018384
2010-08-30,SPY,-0.0145046
2010-08-30,TLT,0.01917473
2010-08-30,UUP,0.00290815
2010-08-31,EEM,0.00602739
2010-08-31,GLD,0.0096766
2010-08-31,HYG,-0.00034339
2010-08-31,SPY,0.0
2010-08-31,TLT,0.01108236
2010-08-31,UUP,-0.00082833
2010-09-01,EEM,0.03519692
2010-09-01,GLD,-0.00319462
2010-09-01,HYG,0.01080622
2010-09-01,SPY,0.02991189
2010-09-01,TLT,-0.02067703
2010-09-01,UUP,-0.00787736
2010-09-02,EEM,0.00168838
2010-09-02,GLD,0.00493055
2010-09-02,HYG,0.00160041
2010-09-02,SPY,0.00931205
2010-09-02,TLT,-0.01056535
2010-09-02,UUP,-0.00083579
2010-09-03,EEM,0.01179571
2010-09-03,GLD,-0.00351623
2010-09-03,HYG,0.00296761
2010-09-03,SPY,0.01297178
2010-09-03,TLT,-0.01239495
2010-09-03,UUP,-0.00501893
2010-09-07,EEM,-0.01451362
2010-09-07,GLD,0.00689313
2010-09-07,HYG,-0.00147861
2010-09-07,SPY,-0.01127258
2010-09-07,TLT,0.02046692
2010-09-07,UUP,0.01050875
2010-09-08,EEM,0.01086452
2010-09-08,GLD,8.152e-05
2010-09-08,HYG,0.00022786
2010-09-08,SPY,0.00702292
2010-09-08,TLT,-0.0079473
2010-09-08,UUP,-0.00332786
2010-09-09,EEM,0.00573132
2010-09-09,GLD,-0.0093717
2010-09-09,HYG,0.00398834
2010-09-09,SPY,0.00461896
2010-09-09,TLT,-0.01974028
2010-09-09,UUP,0.0
2010-09-10,EEM,0.00356278
2010-09-10,GLD,0.00139853
2010-09-10,HYG,0.00260987
2010-09-10,SPY,0.00504903
2010-09-10,TLT,-0.00457244
2010-09-10,UUP,0.00083493
2010-09-13,EEM,0.02389968
2010-09-13,GLD,-0.00090364
2010-09-13,HYG,0.00520818
2010-09-13,SPY,0.01112299
2010-09-13,TLT,0.00488676
2010-09-13,UUP,-0.0108426
2010-09-14,EEM,-0.00046227
2010-09-14,GLD,0.01973355
2010-09-14,HYG,-0.00022493
2010-09-14,SPY,-0.0006209
2010-09-14,TLT,0.00962849
2010-09-14,UUP,-0.00843169
2010-09-15,EEM,0.00138725
2010-09-15,GLD,-0.00064501
2010-09-15,HYG,-0.00090174
2010-09-15,SPY,0.00381719
2010-09-15,TLT,-0.01483493
2010-09-15,UUP,0.00425179
2010-09-16,EEM,-0.00507973
2010-09-16,GLD,0.00556717
2010-09-16,HYG,0.00169166
2010-09-16,SPY,-0.00026536
2010-09-16,TLT,-0.00987566
2010-09-16,UUP,-0.00338703
2010-09-17,EEM,-0.00162447
2010-09-17,GLD,-0.00072211
2010-09-17,HYG,0.00180184
2010-09-17,SPY,0.00037334
2010-09-17,TLT,0.00404907
2010-09-17,UUP,0.00254901
2010-09-20,EEM,0.01580673
2010-09-20,GLD,0.00264977
2010-09-20,HYG,0.00157176
2010-09-20,SPY,0.01529025
2010-09-20,TLT,0.00580248
2010-09-20,UUP,-0.00127131
2010-09-21,EEM,-0.00297488
2010-09-21,GLD,0.00912949
2010-09-21,HYG,-0.00168248
2010-09-21,SPY,-0.00201396
2010-09-21,TLT,0.01388622
2010-09-21,UUP,-0.01103092
2010-09-22,EEM,0.00068884
2010-09-22,GLD,0.00150778
2010-09-22,HYG,-0.00404594
2010-09-22,SPY,-0.00491302
2010-09-22,TLT,0.00896982
2010-09-22,UUP,-0.00729297
2010-09-23,EEM,-0.00642242
2010-09-23,GLD,0.00079244
2010-09-23,HYG,-0.00259384
2010-09-23,SPY,-0.00811142
2010-09-23,TLT,0.00286855
2010-09-23,UUP,0.00302493
2010-09-24,EEM,0.01846686
2010-09-24,GLD,0.00308788
2010-09-24,HYG,0.00395891
2010-09-24,SPY,0.02062238
2010-09-24,TLT,-0.01344094
2010-09-24,UUP,-0.0103403
2010-09-27,EEM,-0.00181307
2010-09-27,GLD,0.00023679
2010-09-27,HYG,0.00169009
2010-09-27,SPY,-0.00479031
2010-09-27,TLT,0.01739186
2010-09-27,UUP,0.00130618
2010-09-28,EEM,0.00726644
2010-09-28,GLD,0.00891728
2010-09-28,HYG,0.00146237
2010-09-28,SPY,0.00350041
2010-09-28,TLT,0.00683791
2010-09-28,UUP,-0.0052176
2010-09-29,EEM,0.0033811
2010-09-29,GLD,0.00078215
2010-09-29,HYG,0.00235828
2010-09-29,SPY,-0.00174419
2010-09-29,TLT,-0.00415075
2010-09-29,UUP,-0.00174819
2010-09-30,EEM,0.00584149
2010-09-30,GLD,-0.00031257
2010-09-30,HYG,0.00504307
2010-09-30,SPY,-0.0029699
2010-09-30,TLT,-0.00066276
2010-09-30,UUP,0.0
2010-10-01,EEM,0.01474215
2010-10-01,GLD,0.007818
2010-10-01,HYG,0.00131321
2010-10-01,SPY,0.00420541
2010-10-01,TLT,-0.00483309
2010-10-01,UUP,-0.00831872
2010-10-04,EEM,-0.00308195
2010-10-04,GLD,-0.00349078
2010-10-04,HYG,-0.00347457
2010-10-04,SPY,-0.00750353
2010-10-04,TLT,0.00258156
2010-10-04,UUP,0.00441491
2010-10-05,EEM,0.01810607
2010-10-05,GLD,0.01969484
2010-10-05,HYG,0.00359922
2010-10-05,SPY,0.02013186
2010-10-05,TLT,-0.00600718
2010-10-05,UUP,-0.00835143
2010-10-06,EEM,-0.00043385
2010-10-06,GLD,0.00625996
2010-10-06,HYG,-0.0008971
2010-10-06,SPY,-8.664e-05
2010-10-06,TLT,0.01256595
2010-10-06,UUP,-0.00487599
2010-10-07,EEM,-0.00889595
2010-10-07,GLD,-0.01092483
2010-10-07,HYG,0.00201985
2010-10-07,SPY,-0.00120605
2010-10-07,TLT,-0.00833668
2010-10-07,UUP,0.00133633
2010-10-08,EEM,0.01204065
2010-10-08,GLD,0.00989498
2010-10-08,HYG,0.00335767
2010-10-08,SPY,0.0056086
2010-10-08,TLT,-0.0043939
2010-10-08,UUP,-0.0035588
2010-10-11,EEM,-0.00064897
2010-10-11,GLD,0.00478497
2010-10-11,HYG,0.00211982
2010-10-11,SPY,0.00094389
2010-10-11,TLT,0.00019165
2010-10-11,UUP,0.00401784
2010-10-12,EEM,-0.00411263
2010-10-12,GLD,-0.00249442
2010-10-12,HYG,-0.00089038
2010-10-12,SPY,0.00308607
2010-10-12,TLT,-0.00988109
2010-10-12,UUP,-0.00311236
2010-10-13,EEM,0.01847446
2010-10-13,GLD,0.0159897
2010-10-13,HYG,0.00334264
2010-10-13,SPY,0.00777723
2010-10-13,TLT,-0.00155008
2010-10-13,UUP,-0.00267624
2010-10-14,EEM,-0.00170717
2010-10-14,GLD,0.00507192
2010-10-14,HYG,-0.00477528
2010-10-14,SPY,-0.00390119
2010-10-14,TLT,-0.01494403
2010-10-14,UUP,-0.00670845
2010-10-15,EEM,-0.0012828
2010-10-15,GLD,-0.00794069
2010-10-15,HYG,0.00256657
2010-10-15,SPY,0.00204331
2010-10-15,TLT,-0.01221555
2010-10-15,UUP,0.00585324
2010-10-18,EEM,0.00042796
2010-10-18,GLD,0.00448838
2010-10-18,HYG,-0.00133542
2010-10-18,SPY,0.00492789
2010-10-18,TLT,0.00807773
2010-10-18,UUP,-0.00089527
2010-10-19,EEM,-0.0316646
2010-10-19,GLD,-0.0310545
2010-10-19,HYG,-0.00011183
2010-10-19,SPY,-0.01310426
2010-10-19,TLT,0.00603481
2010-10-19,UUP,0.01702515
2010-10-20,EEM,0.01590819
2010-10-20,GLD,0.00929987
2010-10-20,HYG,0.00312102
2010-10-20,SPY,0.00976585
2010-10-20,TLT,0.00216381
2010-10-20,UUP,-0.01365648
2010-10-21,EEM,0.0
2010-10-21,GLD,-0.01408777
2010-10-21,HYG,-0.00155514
2010-10-21,SPY,0.00220576
2010-10-21,TLT,-0.01187338
2010-10-21,UUP,0.003573
2010-10-22,EEM,0.00108758
2010-10-22,GLD,0.00200814
2010-10-22,HYG,0.00456257
2010-10-22,SPY,0.00186262
2010-10-22,TLT,0.00675331
2010-10-22,UUP,0.0
2010-10-25,EEM,0.01086246
2010-10-25,GLD,0.0086334
2010-10-25,HYG,0.00387761
2010-10-25,SPY,0.00295714
2010-10-25,TLT,0.00286023
2010-10-25,UUP,-0.00445037
2010-10-26,EEM,-0.00085941
2010-10-26,GLD,0.00022926
2010-10-26,HYG,0.0015447
2010-10-26,SPY,0.00016871
2010-10-26,TLT,-0.01544191
2010-10-26,UUP,0.00670566
2010-10-27,EEM,-0.01699302
2010-10-27,GLD,-0.0103912
2010-10-27,HYG,-0.00110143
2010-10-27,SPY,-0.00286409
2010-10-27,TLT,-0.00879231
2010-10-27,UUP,0.00577247
2010-10-28,EEM,0.00634553
2010-10-28,GLD,0.01327981
2010-10-28,HYG,0.00055153
2010-10-28,SPY,0.00016917
2010-10-28,TLT,0.00272242
2010-10-28,UUP,-0.01059616
2010-10-29,EEM,0.00282669
2010-10-29,GLD,0.01051501
2010-10-29,HYG,0.00044123
2010-10-29,SPY,0.00076009
2010-10-29,TLT,0.00934751
2010-10-29,UUP,-0.00178485
2010-11-01,EEM,0.01105814
2010-11-01,GLD,-0.00527822
2010-11-01,HYG,-0.00187523
2010-11-01,SPY,0.00033776
2010-11-01,TLT,-0.00430608
2010-11-01,UUP,0.00178805
2010-11-02,EEM,0.01243828
2010-11-02,GLD,0.00432086
2010-11-02,HYG,0.00489105
2010-11-02,SPY,0.00793016
2010-11-02,TLT,0.01314332
2010-11-02,UUP,-0.00713952
2010-11-03,EEM,0.00614279
2010-11-03,GLD,-0.00694391
2010-11-03,HYG,0.00331856
2010-11-03,SPY,0.00401786
2010-11-03,TLT,-0.02039973
2010-11-03,UUP,-0.00494393
2010-11-04,EEM,0.02273665
2010-11-04,GLD,0.03389824
2010-11-04,HYG,0.01300761
2010-11-04,SPY,0.01925781
2010-11-04,TLT,0.00778365
2010-11-04,UUP,-0.00767837
2010-11-05,EEM,-0.0018523
2010-11-05,GLD,0.00257301
2010-11-05,HYG,-0.00108807
2010-11-05,SPY,0.00376279
2010-11-05,TLT,-0.01715203
2010-11-05,UUP,0.00955849
2010-11-08,EEM,-0.00412435
2010-11-08,GLD,0.01026539
2010-11-08,HYG,-0.0029407
2010-11-08,SPY,-0.0018743
2010-11-08,TLT,0.00448974
2010-11-08,UUP,0.00586137
2010-11-09,EEM,-0.01263255
2010-11-09,GLD,-0.01589492
2010-11-09,HYG,-0.00284138
2010-11-09,SPY,-0.00718439
2010-11-09,TLT,-0.02204876
2010-11-09,UUP,0.00851613
2010-11-10,EEM,0.00734083
2010-11-10,GLD,0.01216911
2010-11-10,HYG,-0.00821816
2010-11-10,SPY,0.00402958
2010-11-10,TLT,0.00135131
2010-11-10,UUP,-0.00088881
2010-11-11,EEM,-0.00978571
2010-11-11,GLD,0.00306032
2010-11-11,HYG,-0.00397775
2010-11-11,SPY,-0.00376772
2010-11-11,TLT,-0.00051927
2010-11-11,UUP,0.00711729
2010-11-12,EEM,-0.02418004
2010-11-12,GLD,-0.02883918
2010-11-12,HYG,-0.00366073
2010-11-12,SPY,-0.01183781
2010-11-12,TLT,-0.0053976
2010-11-12,UUP,-0.00132502
2010-11-15,EEM,-0.00043082
2010-11-15,GLD,-0.00949962
2010-11-15,HYG,-0.00189278
2010-11-15,SPY,-0.00141462
2010-11-15,TLT,-0.02087431
2010-11-15,UUP,0.00796125
2010-11-16,EEM,-0.02629897
2010-11-16,GLD,-0.01094998
2010-11-16,HYG,-0.01104208
2010-11-16,SPY,-0.01557937
2010-11-16,TLT,0.02483669
2010-11-16,UUP,0.00570418
2010-11-17,EEM,0.00509205
2010-11-17,GLD,-0.00450482
2010-11-17,HYG,0.00507551
2010-11-17,SPY,0.00050776
2010-11-17,TLT,-0.00551269
2010-11-17,UUP,-0.00087272
2010-11-18,EEM,0.02378835
2010-11-18,GLD,0.01311544
2010-11-18,HYG,0.01268016
2010-11-18,SPY,0.01471811
2010-11-18,TLT,0.00407859
2010-11-18,UUP,-0.00698695
2010-11-19,EEM,0.00064571
2010-11-19,GLD,0.00083277
2010-11-19,HYG,-0.00033226
2010-11-19,SPY,0.0027511
2010-11-19,TLT,0.00614614
2010-11-19,UUP,-0.00307824
2010-11-22,EEM,-0.00301004
2010-11-22,GLD,0.00968229
2010-11-22,HYG,-0.00698328
2010-11-22,SPY,-0.00083139
2010-11-22,TLT,0.0042454
2010-11-22,UUP,0.00308775
2010-11-23,EEM,-0.03170178
2010-11-23,GLD,0.0069674
2010-11-23,HYG,-0.01373121
2010-11-23,SPY,-0.01447704
2010-11-23,TLT,0.0049478
2010-11-23,UUP,0.0131927
2010-11-24,EEM,0.02316265
2010-11-24,GLD,-0.00171126
2010-11-24,HYG,0.00599927
2010-11-24,SPY,0.01477449
2010-11-24,TLT,-0.01784987
2010-11-24,UUP,0.00130211
2010-11-26,EEM,-0.02481487
2010-11-26,GLD,-0.0079743
2010-11-26,HYG,-0.0036009
2010-11-26,SPY,-0.01164751
2010-11-26,TLT,0.01389143
2010-11-26,UUP,0.00606842
2010-11-29,EEM,0.00781274
2010-11-29,GLD,0.00300499
2010-11-29,HYG,0.00259737
2010-11-29,SPY,0.00303048
2010-11-29,TLT,0.00855113
2010-11-29,UUP,0.00603192
2010-11-30,EEM,-0.00819578
2010-11-30,GLD,0.01430607
2010-11-30,HYG,0.00225211
2010-11-30,SPY,-0.00562283
2010-11-30,TLT,0.00520917
2010-11-30,UUP,0.00642393
2010-12-01,EEM,0.02858468
2010-12-01,GLD,-0.00029533
2010-12-01,HYG,0.00925395
2010-12-01,SPY,0.02126739
2010-12-01,TLT,-0.02222896
2010-12-01,UUP,-0.00851073
2010-12-02,EEM,0.01975691
2010-12-02,GLD,-0.00132965
2010-12-02,HYG,0.00055962
2010-12-02,SPY,0.0128093
2010-12-02,TLT,-0.00260727
2010-12-02,UUP,-0.00600842
2010-12-03,EEM,0.0036193
2010-12-03,GLD,0.02122789
2010-12-03,HYG,0.00168082
2010-12-03,SPY,0.00269249
2010-12-03,TLT,-0.00784138
2010-12-03,UUP,-0.01208988
2010-12-06,EEM,-0.00169681
2010-12-06,GLD,0.00753236
2010-12-06,HYG,-0.00055899
2010-12-06,SPY,-0.00105799
2010-12-06,TLT,0.01412166
2010-12-06,UUP,0.0048077
2010-12-07,EEM,-0.00467489
2010-12-07,GLD,-0.01876213
2010-12-07,HYG,0.00514677
2010-12-07,SPY,0.00057013
2010-12-07,TLT,-0.02140716
2010-12-07,UUP,0.00434981
2010-12-08,EEM,-0.00640486
2010-12-08,GLD,-0.01252752
2010-12-08,HYG,-0.00322861
2010-12-08,SPY,0.00366365
2010-12-08,TLT,-0.00966381
2010-12-08,UUP,0.000433
2010-12-09,EEM,-0.00343805
2010-12-09,GLD,0.004303
2010-12-09,HYG,-0.00212166
2010-12-09,SPY,0.00389361
2010-12-09,TLT,0.00493299
2010-12-09,UUP,0.00086592
2010-12-10,EEM,0.004528
2010-12-10,GLD,0.00029555
2010-12-10,HYG,0.00044727
2010-12-10,SPY,0.00581772
2010-12-10,TLT,-0.00608301
2010-12-10,UUP,0.0
2010-12-13,EEM,0.00643912
2010-12-13,GLD,0.00472638
2010-12-13,HYG,-0.00503331
2010-12-13,SPY,0.00064261
2010-12-13,TLT,0.00375824
2010-12-13,UUP,-0.01081299
2010-12-14,EEM,0.00149254
2010-12-14,GLD,0.00095545
2010-12-14,HYG,0.00494662
2010-12-14,SPY,0.00088303
2010-12-14,TLT,-0.01454574
2010-12-14,UUP,0.00174895
2010-12-15,EEM,-0.01618362
2010-12-15,GLD,-0.01086794
2010-12-15,HYG,-0.00391581
2010-12-15,SPY,-0.00457182
2010-12-15,TLT,-0.01302347
2010-12-15,UUP,0.0104756
2010-12-16,EEM,0.00281385
2010-12-16,GLD,-0.00660727
2010-12-16,HYG,0.0037064
2010-12-16,SPY,0.00580162
2010-12-16,TLT,0.00692834
2010-12-16,UUP,-0.00259175
2010-12-17,EEM,0.00151069
2010-12-17,GLD,0.00291458
2010-12-17,HYG,0.00145515
2010-12-17,SPY,0.00107134
2010-12-17,TLT,0.0182365
2010-12-17,UUP,0.00433078
2010-12-20,EEM,-0.00452558
2010-12-20,GLD,0.00678095
2010-12-20,HYG,0.00178763
2010-12-20,SPY,0.00241353
2010-12-20,TLT,-0.00107149
2010-12-20,UUP,0.00215615
2010-12-21,EEM,0.01459682
2010-12-21,GLD,0.00155434
2010-12-21,HYG,0.00211968
2010-12-21,SPY,0.00633987
2010-12-21,TLT,0.00697765
2010-12-21,UUP,0.00215161
2010-12-22,EEM,0.00344103
2010-12-22,GLD,-0.0019953
2010-12-22,HYG,0.0027829
2010-12-22,SPY,0.00311061
2010-12-22,TLT,-0.00714361
2010-12-22,UUP,-0.00085876
2010-12-23,EEM,-0.00107149
2010-12-23,GLD,-0.00288781
2010-12-23,HYG,0.00099884
2010-12-23,SPY,-0.00143126
2010-12-23,TLT,-0.00203933
2010-12-23,UUP,-0.00300813
2010-12-27,EEM,-0.00321815
2010-12-27,GLD,0.0026734
2010-12-27,HYG,0.00077591
2010-12-27,SPY,0.00039804
2010-12-27,TLT,0.00893043
2010-12-27,UUP,-0.00215532
2010-12-28,EEM,0.00086065
2010-12-28,GLD,0.01629386
2010-12-28,HYG,0.00063628
2010-12-28,SPY,0.0014325
2010-12-28,TLT,-0.01958416
2010-12-28,UUP,0.00043197
2010-12-29,EEM,0.01280264
2010-12-29,GLD,0.00357095
2010-12-29,HYG,0.00334259
2010-12-29,SPY,0.00071554
2010-12-29,TLT,0.01691919
2010-12-29,UUP,-0.00690832
2010-12-30,EEM,0.00509867
2010-12-30,GLD,-0.00493797
2010-12-30,HYG,0.00111147
2010-12-30,SPY,-0.00158851
2010-12-30,TLT,-0.00075088
2010-12-30,UUP,-0.00347834
2010-12-31,EEM,0.00697532
2010-12-31,GLD,0.01233308
2010-12-31,HYG,0.00177573
2010-12-31,SPY,0.00023872
2010-12-31,TLT,0.01106365
2010-12-31,UUP,-0.0091624
2011-01-03,EEM,0.00965567
2011-01-03,GLD,-0.00519032
2011-01-03,HYG,0.00077408
2011-01-03,SPY,0.01033826
2011-01-03,TLT,-0.00754276
2011-01-03,UUP,0.00484369
2011-01-04,EEM,0.00457439
2011-01-04,GLD,-0.02355072
2011-01-04,HYG,0.00453781
2011-01-04,SPY,-0.00055148
2011-01-04,TLT,0.00117706
2011-01-04,UUP,0.00262923
2011-01-05,EEM,-0.00248377
2011-01-05,GLD,-0.00282007
2011-01-05,HYG,0.0025334
2011-01-05,SPY,0.00519814
2011-01-05,TLT,-0.02202686
2011-01-05,UUP,0.01005257
2011-01-06,EEM,-0.01058129
2011-01-06,GLD,-0.0040187
2011-01-06,HYG,0.00120955
2011-01-06,SPY,-0.00195894
2011-01-06,TLT,0.00437309
2011-01-06,UUP,0.00778891
2011-01-07,EEM,-0.00922566
2011-01-07,GLD,-0.00186804
2011-01-07,HYG,-0.00384131
2011-01-07,SPY,-0.00196215
2011-01-07,TLT,0.00533369
2011-01-07,UUP,0.00300555
2011-01-10,EEM,-0.01037079
2011-01-10,GLD,0.00404247
2011-01-10,HYG,-0.0007724
2011-01-10,SPY,-0.00125894
2011-01-10,TLT,0.00541466
2011-01-10,UUP,-0.00342463
2011-01-11,EEM,0.01069297
2011-01-11,GLD,0.00589031
2011-01-11,HYG,0.00385971
2011-01-11,SPY,0.00354389
2011-01-11,TLT,-0.00560027
2011-01-11,UUP,-0.00042956
2011-01-12,EEM,0.02010191
2011-01-12,GLD,0.00407681
2011-01-12,HYG,0.00208629
2011-01-12,SPY,0.00902468
2011-01-12,TLT,-0.00779788
2011-01-12,UUP,-0.00988409
2011-01-13,EEM,-0.0087121
2011-01-13,GLD,-0.010409
2011-01-13,HYG,-0.00021758
2011-01-13,SPY,-0.00163288
2011-01-13,TLT,0.00895111
2011-01-13,UUP,-0.0104166
2011-01-14,EEM,0.00292967
2011-01-14,GLD,-0.01014547
2011-01-14,HYG,0.00164342
2011-01-14,SPY,0.00724436
2011-01-14,TLT,-0.0063835
2011-01-14,UUP,-0.00131582
2011-01-18,EEM,-0.00146067
2011-01-18,GLD,0.00557683
2011-01-18,HYG,-0.00010989
2011-01-18,SPY,0.00170175
2011-01-18,TLT,-0.00468174
2011-01-18,UUP,-0.00087847
2011-01-19,EEM,-0.00773108
2011-01-19,GLD,0.00217349
2011-01-19,HYG,-0.00306411
2011-01-19,SPY,-0.00980577
2011-01-19,TLT,0.0072194
2011-01-19,UUP,-0.00615378
2011-01-20,EEM,-0.01094959
2011-01-20,GLD,-0.01884538
2011-01-20,HYG,-0.00197697
2011-01-20,SPY,-0.00132516
2011-01-20,TLT,-0.01379317
2011-01-20,UUP,0.00309604
2011-01-21,EEM,-0.01043205
2011-01-21,GLD,-0.00129572
2011-01-21,HYG,0.00407174
2011-01-21,SPY,0.00226422
2011-01-21,TLT,0.00792934
2011-01-21,UUP,-0.00837751
2011-01-24,EEM,0.00774538
2011-01-24,GLD,-0.00511332
2011-01-24,HYG,0.00142371
2011-01-24,SPY,0.00568656
2011-01-24,TLT,0.00043671
2011-01-24,UUP,-0.00222306
2011-01-25,EEM,-0.00597772
2011-01-25,GLD,-0.00199443
2011-01-25,HYG,0.00153244
2011-01-25,SPY,0.00054187
2011-01-25,TLT,0.0095026
2011-01-25,UUP,-0.00044574
2011-01-26,EEM,0.00880551
2011-01-26,GLD,0.00814756
2011-01-26,HYG,0.00207532
2011-01-26,SPY,0.00387092
2011-01-26,TLT,-0.01514687
2011-01-26,UUP,-0.00178336
2011-01-27,EEM,-0.00340613
2011-01-27,GLD,-0.02462644
2011-01-27,HYG,0.00130801
2011-01-27,SPY,0.00246814
2011-01-27,TLT,0.00450381
2011-01-27,UUP,-0.00178645
2011-01-28,EEM,-0.03161742
2011-01-28,GLD,0.01836941
2011-01-28,HYG,-0.00598822
2011-01-28,SPY,-0.0174631
2011-01-28,TLT,0.00524934
2011-01-28,UUP,0.00626391
2011-01-31,EEM,0.01058901
2011-01-31,GLD,-0.0031471
2011-01-31,HYG,0.00536746
2011-01-31,SPY,0.00751637
2011-01-31,TLT,-0.00761546
2011-01-31,UUP,-0.00578027
2011-02-01,EEM,0.02423056
2011-02-01,GLD,0.00716107
2011-02-01,HYG,0.00196308
2011-02-01,SPY,0.0160088
2011-02-01,TLT,-0.0049502
2011-02-01,UUP,-0.00983911
2011-02-02,EEM,-0.00745929
2011-02-02,GLD,-0.00267589
2011-02-02,HYG,0.00109484
2011-02-02,SPY,-0.00191241
2011-02-02,TLT,0.00022115
2011-02-02,UUP,0.00180672
2011-02-03,EEM,-0.0012885
2011-02-03,GLD,0.0134151
2011-02-03,HYG,0.0
2011-02-03,SPY,0.00222271
2011-02-03,TLT,-0.00829062
2011-02-03,UUP,0.00811549
2011-02-04,EEM,-0.00021522
2011-02-04,GLD,-0.00408467
2011-02-04,HYG,0.00437188
2011-02-04,SPY,0.00282908
2011-02-04,TLT,-0.01014242
2011-02-04,UUP,0.00313056
2011-02-07,EEM,0.00129066
2011-02-07,GLD,0.00015182
2011-02-07,HYG,0.00185054
2011-02-07,SPY,0.00625223
2011-02-07,TLT,0.00517945
2011-02-07,UUP,0.0
2011-02-08,EEM,0.00042929
2011-02-08,GLD,0.01108754
2011-02-08,HYG,0.00108727
2011-02-08,SPY,0.0045469
2011-02-08,TLT,-0.00918554
2011-02-08,UUP,-0.00089178
2011-02-09,EEM,-0.02297124
2011-02-09,GLD,-0.0005257
2011-02-09,HYG,-0.00564379
2011-02-09,SPY,-0.00226297
2011-02-09,TLT,0.00870605
2011-02-09,UUP,-0.00446198
2011-02-10,EEM,-0.00944857
2011-02-10,GLD,-0.00165327
2011-02-10,HYG,0.00109136
2011-02-10,SPY,0.00037774
2011-02-10,TLT,-0.01154513
2011-02-10,UUP,0.00806789
2011-02-11,EEM,0.01220086
2011-02-11,GLD,-0.00398945
2011-02-11,HYG,0.0025076
2011-02-11,SPY,0.00597014
2011-02-11,TLT,0.01440081
2011-02-11,UUP,0.00266781
2011-02-14,EEM,-0.00504056
2011-02-14,GLD,0.00476111
2011-02-14,HYG,0.00076168
2011-02-14,SPY,0.00240398
2011-02-14,TLT,0.0006708
2011-02-14,UUP,0.00133051
2011-02-15,EEM,0.00198255
2011-02-15,GLD,0.00767209
2011-02-15,HYG,-0.00195731
2011-02-15,SPY,-0.00314743
2011-02-15,TLT,0.00446775
2011-02-15,UUP,0.00088586
2011-02-16,EEM,0.00835332
2011-02-16,GLD,0.0009704
2011-02-16,HYG,0.00032694
2011-02-16,SPY,0.00631518
2011-02-16,TLT,-0.0032245
2011-02-16,UUP,-0.00575244
2011-02-17,EEM,0.00348804
2011-02-17,GLD,0.0070096
2011-02-17,HYG,0.00228635
2011-02-17,SPY,0.00298872
2011-02-17,TLT,0.0015621
2011-02-17,UUP,-0.00267029
2011-02-18,EEM,0.00608302
2011-02-18,GLD,0.00274001
2011-02-18,HYG,0.00304095
2011-02-18,SPY,0.00208529
2011-02-18,TLT,-0.00311907
2011-02-18,UUP,-0.00490843
2011-02-22,EEM,-0.03195856
2011-02-22,GLD,0.0064987
2011-02-22,HYG,-0.00822937
2011-02-22,SPY,-0.02006965
2011-02-22,TLT,0.01497402
2011-02-22,UUP,0.00269064
2011-02-23,EEM,0.00089218
2011-02-23,GLD,0.00895151
2011-02-23,HYG,0.00098299
2011-02-23,SPY,-0.0061442
2011-02-23,TLT,0.0036333
2011-02-23,UUP,-0.00581398
2011-02-24,EEM,0.00245154
2011-02-24,GLD,-0.00749036
2011-02-24,HYG,0.00076335
2011-02-24,SPY,-0.00068697
2011-02-24,TLT,0.00636172
2011-02-24,UUP,-0.00359882
2011-02-25,EEM,0.01200509
2011-02-25,GLD,0.00659444
2011-02-25,HYG,0.00305125
2011-02-25,SPY,0.01069284
2011-02-25,TLT,0.00588613
2011-02-25,UUP,0.00180591
2011-02-28,EEM,0.0059314
2011-02-28,GLD,0.00203813
2011-02-28,HYG,0.00499836
2011-02-28,SPY,0.00619648
2011-02-28,TLT,0.00130009
2011-02-28,UUP,-0.00450643
2011-03-01,EEM,-0.01026392
2011-03-01,GLD,0.01721629
2011-03-01,HYG,-0.00153317
2011-03-01,SPY,-0.01667288
2011-03-01,TLT,0.00290018
2011-03-01,UUP,0.00135801
2011-03-02,EEM,0.01368033
2011-03-02,GLD,-0.00078555
2011-03-02,HYG,0.00087127
2011-03-02,SPY,0.00213832
2011-03-02,TLT,-0.01537407
2011-03-02,UUP,-0.00542487
2011-03-03,EEM,0.01980865
2011-03-03,GLD,-0.01307892
2011-03-03,HYG,0.00359203
2011-03-03,SPY,0.01722428
2011-03-03,TLT,-0.00978446
2011-03-03,UUP,-0.00136377
2011-03-04,EEM,0.00106714
2011-03-04,GLD,0.00912455
2011-03-04,HYG,-0.00206052
2011-03-04,SPY,-0.00749235
2011-03-04,TLT,0.008327
2011-03-04,UUP,-0.00136532
2011-03-07,EEM,-0.01407271
2011-03-07,GLD,0.00265515
2011-03-07,HYG,0.00021668
2011-03-07,SPY,-0.00785074
2011-03-07,TLT,-0.00638724
2011-03-07,UUP,0.00091149
2011-03-08,EEM,0.01340861
2011-03-08,GLD,-0.00257659
2011-03-08,HYG,-0.00086831
2011-03-08,SPY,0.00874979
2011-03-08,TLT,-0.00609505
2011-03-08,UUP,0.00455352
2011-03-09,EEM,0.00192067
2011-03-09,GLD,0.0003588
2011-03-09,HYG,-0.00282894
2011-03-09,SPY,-0.00143275
2011-03-09,TLT,0.00970148
2011-03-09,UUP,-0.00181307
2011-03-10,EEM,-0.02960581
2011-03-10,GLD,-0.01176386
2011-03-10,HYG,-0.0052352
2011-03-10,SPY,-0.01850601
2011-03-10,TLT,0.01678573
2011-03-10,UUP,0.00772021
2011-03-11,EEM,0.01031584
2011-03-11,GLD,0.00326629
2011-03-11,HYG,-0.00021968
2011-03-11,SPY,0.00692632
2011-03-11,TLT,-0.00564768
2011-03-11,UUP,-0.0072103
2011-03-14,EEM,0.00586545
2011-03-14,GLD,0.0046303
2011-03-14,HYG,-0.00405777
2011-03-14,SPY,-0.0060382
2011-03-14,TLT,-0.00043741
2011-03-14,UUP,-0.0049934
2011-03-15,EEM,-0.01663011
2011-03-15,GLD,-0.01865185
2011-03-15,HYG,-0.0051761
2011-03-15,SPY,-0.01145698
2011-03-15,TLT,0.01497157
2011-03-15,UUP,0.00091264
2011-03-16,EEM,-0.02042648
2011-03-16,GLD,-0.00022014
2011-03-16,HYG,-0.00619862
2011-03-16,SPY,-0.01851289
2011-03-16,TLT,0.01130476
2011-03-16,UUP,0.00319038
2011-03-17,EEM,0.01233205
2011-03-17,GLD,0.00535816
2011-03-17,HYG,0.01080503
2011-03-17,SPY,0.01323517
2011-03-17,TLT,-0.00766494
2011-03-17,UUP,-0.00863232
2011-03-18,EEM,0.00177148
2011-03-18,GLD,0.01022117
2011-03-18,HYG,0.00473759
2011-03-18,SPY,0.00363715
2011-03-18,TLT,0.00268206
2011-03-18,UUP,-0.00458315
2011-03-21,EEM,0.01923531
2011-03-21,GLD,0.00556482
2011-03-21,HYG,0.00614191
2011-03-21,SPY,0.01549764
2011-03-21,TLT,-0.00588523
2011-03-21,UUP,-0.0032227
2011-03-22,EEM,0.00303661
2011-03-22,GLD,-0.0006468
2011-03-22,HYG,0.00054462
2011-03-22,SPY,-0.00346808
2011-03-22,TLT,0.00333646
2011-03-22,UUP,0.0004618
2011-03-23,EEM,0.01319236
2011-03-23,GLD,0.00927719
2011-03-23,HYG,-0.00119822
2011-03-23,SPY,0.00286123
2011-03-23,TLT,-0.00128744
2011-03-23,UUP,0.00554029
2011-03-24,EEM,0.01152614
2011-03-24,GLD,-0.00798058
2011-03-24,HYG,0.00087321
2011-03-24,SPY,0.00956411
2011-03-24,TLT,-0.00751879
2011-03-24,UUP,-0.00229584
2011-03-25,EEM,-0.00105509
2011-03-25,GLD,0.00028727
2011-03-25,HYG,0.00032617
2011-03-25,SPY,0.00305554
2011-03-25,TLT,-0.00248868
2011-03-25,UUP,0.00690284
2011-03-28,EEM,-0.00506971
2011-03-28,GLD,-0.00517019
2011-03-28,HYG,0.00032725
2011-03-28,SPY,-0.00243725
2011-03-28,TLT,0.00141021
2011-03-28,UUP,-0.00091389
2011-03-29,EEM,0.01146473
2011-03-29,GLD,-0.00238189
2011-03-29,HYG,0.00054444
2011-03-29,SPY,0.00671844
2011-03-29,TLT,-0.00769287
2011-03-29,UUP,-0.00045747
2011-03-30,EEM,0.01280456
2011-03-30,GLD,0.00332821
2011-03-30,HYG,0.00152365
2011-03-30,SPY,0.00690182
2011-03-30,TLT,0.00797093
2011-03-30,UUP,-0.00091535
2011-03-31,EEM,0.00870466
2011-03-31,GLD,0.00858154
2011-03-31,HYG,-0.00054371
2011-03-31,SPY,-0.00135622
2011-03-31,TLT,-0.00205824
2011-03-31,UUP,-0.00183238
2011-04-01,EEM,0.01602618
2011-04-01,GLD,-0.00471903
2011-04-01,HYG,-0.00120341
2011-04-01,SPY,0.00422393
2011-04-01,TLT,0.00486156
2011-04-01,UUP,-0.00091798
2011-04-04,EEM,0.00849353
2011-04-04,GLD,0.0045977
2011-04-04,HYG,0.00613481
2011-04-04,SPY,0.00082578
2011-04-04,TLT,0.0010848
2011-04-04,UUP,0.0
2011-04-05,EEM,-0.00200514
2011-04-05,GLD,0.01580382
2011-04-05,HYG,-0.00108848
2011-04-05,SPY,-0.0001502
2011-04-05,TLT,-0.00400919
2011-04-05,UUP,0.00045957
2011-04-06,EEM,0.00542458
2011-04-06,GLD,0.00232314
2011-04-06,HYG,0.00218052
2011-04-06,SPY,0.00315225
2011-04-06,TLT,-0.01501361
2011-04-06,UUP,-0.00550976
2011-04-07,EEM,-0.00099911
2011-04-07,GLD,0.00091298
2011-04-07,HYG,0.00097848
2011-04-07,SPY,-0.00254344
2011-04-07,TLT,-0.00198701
2011-04-07,UUP,0.0004618
2011-04-08,EEM,0.00100011
2011-04-08,GLD,0.00806967
2011-04-08,HYG,0.0
2011-04-08,SPY,-0.00345039
2011-04-08,TLT,-0.00531304
2011-04-08,UUP,-0.00784501
2011-04-11,EEM,-0.01179037
2011-04-11,GLD,-0.00710013
2011-04-11,HYG,-0.00097752
2011-04-11,SPY,-0.00301077
2011-04-11,TLT,0.00089091
2011-04-11,UUP,0.00139527
2011-04-12,EEM,-0.0188067
2011-04-12,GLD,-0.00722097
2011-04-12,HYG,-0.00315455
2011-04-12,SPY,-0.00747399
2011-04-12,TLT,0.01078229
2011-04-12,UUP,-0.00232239
2011-04-13,EEM,0.00824394
2011-04-13,GLD,0.00204783
2011-04-13,HYG,0.00480098
2011-04-13,SPY,-7.597e-05
2011-04-13,TLT,0.00626783
2011-04-13,UUP,0.00093123
2011-04-14,EEM,0.00306607
2011-04-14,GLD,0.01346021
2011-04-14,HYG,-0.00401746
2011-04-14,SPY,0.00076073
2011-04-14,TLT,-0.00076469
2011-04-14,UUP,-0.0037209
2011-04-15,EEM,0.00122274
2011-04-15,GLD,0.00862253
2011-04-15,HYG,0.00130737
2011-04-15,SPY,0.00364815
2011-04-15,TLT,0.0135623
2011-04-15,UUP,0.00186724
2011-04-18,EEM,-0.02503523
2011-04-18,GLD,0.0060668
2011-04-18,HYG,-0.00348361
2011-04-18,SPY,-0.01120867
2011-04-18,TLT,0.002266
2011-04-18,UUP,0.00931976
2011-04-19,EEM,0.01440483
2011-04-19,GLD,0.0
2011-04-19,HYG,0.00349579
2011-04-19,SPY,0.00574475
2011-04-19,TLT,0.00430644
2011-04-19,UUP,-0.00600187
2011-04-20,EEM,0.02366739
2011-04-20,GLD,0.00390603
2011-04-20,HYG,0.0038115
2011-04-20,SPY,0.01363183
2011-04-20,TLT,-0.00643208
2011-04-20,UUP,-0.00975373
2011-04-21,EEM,0.00884596
2011-04-21,GLD,0.00163826
2011-04-21,HYG,0.00238643
2011-04-21,SPY,0.00510888
2011-04-21,TLT,-0.00086245
2011-04-21,UUP,-0.00375243
2011-04-25,EEM,-0.00817049
2011-04-25,GLD,0.00088585
2011-04-25,HYG,-0.00108226
2011-04-25,SPY,-0.00104668
2011-04-25,TLT,0.00378013
2011-04-25,UUP,-0.00141246
2011-04-26,EEM,0.00863983
2011-04-26,GLD,-0.00333622
2011-04-26,HYG,0.00227475
2011-04-26,SPY,0.00860517
2011-04-26,TLT,0.00968192
2011-04-26,UUP,-0.00235732
2011-04-27,EEM,-0.00179299
2011-04-27,GLD,0.01926487
2011-04-27,HYG,0.00064901
2011-04-27,SPY,0.00652899
2011-04-27,TLT,-0.01022953
2011-04-27,UUP,-0.00661618
2011-04-28,EEM,-0.00818201
2011-04-28,GLD,0.00415557
2011-04-28,HYG,0.00053945
2011-04-28,SPY,0.00324339
2011-04-28,TLT,0.00764348
2011-04-28,UUP,-0.00285459
2011-04-29,EEM,0.00603643
2011-04-29,GLD,0.01702034
2011-04-29,HYG,0.00237548
2011-04-29,SPY,0.00235068
2011-04-29,TLT,0.00309892
2011-04-29,UUP,-0.000477
2011-05-02,EEM,0.00019977
2011-05-02,GLD,-0.01286337
2011-05-02,HYG,-0.00050932
2011-05-02,SPY,-0.00153916
2011-05-02,TLT,0.00160408
2011-05-02,UUP,0.00095478
2011-05-03,EEM,-0.02219539
2011-05-03,GLD,-0.00352369
2011-05-03,HYG,0.00021639
2011-05-03,SPY,-0.00359682
2011-05-03,TLT,0.00565937
2011-05-03,UUP,0.0
2011-05-04,EEM,-0.01656468
2011-05-04,GLD,-0.01434487
2011-05-04,HYG,-0.00032442
2011-05-04,SPY,-0.00663093
2011-05-04,TLT,0.00446145
2011-05-04,UUP,-0.0004771
2011-05-05,EEM,-0.00956521
2011-05-05,GLD,-0.02883635
2011-05-05,HYG,-0.00412159
2011-05-05,SPY,-0.00904841
2011-05-05,TLT,0.00951394
2011-05-05,UUP,0.01479029
2011-05-06,EEM,0.01301696
2011-05-06,GLD,0.01275529
2011-05-06,HYG,0.0051182
2011-05-06,SPY,0.00441564
2011-05-06,TLT,-0.00439866
2011-05-06,UUP,0.00752228
2011-05-09,EEM,0.00186534
2011-05-09,GLD,0.01431522
2011-05-09,HYG,0.00130062
2011-05-09,SPY,0.00387452
2011-05-09,TLT,-0.00105199
2011-05-09,UUP,-0.00140004
2011-05-10,EEM,0.01179108
2011-05-10,GLD,0.00352822
2011-05-10,HYG,0.00216281
2011-05-10,SPY,0.00853626
2011-05-10,TLT,-0.00715946
2011-05-10,UUP,-0.00093449
2011-05-11,EEM,-0.02208093
2011-05-11,GLD,-0.00919541
2011-05-11,HYG,-0.00151071
2011-05-11,SPY,-0.01052444
2011-05-11,TLT,0.00572708
2011-05-11,UUP,0.00935453
2011-05-12,EEM,0.00292677
2011-05-12,GLD,0.00034122
2011-05-12,HYG,0.00097286
2011-05-12,SPY,0.00476072
2011-05-12,TLT,-0.00632697
2011-05-12,UUP,-0.0018534
2011-05-13,EEM,-0.02188861
2011-05-13,GLD,-0.00654882
2011-05-13,HYG,-0.00410488
2011-05-13,SPY,-0.00769923
2011-05-13,TLT,0.00902023
2011-05-13,UUP,0.00696373
2011-05-16,EEM,-0.00149177
2011-05-16,GLD,-0.00178541
2011-05-16,HYG,0.00195253
2011-05-16,SPY,-0.00634176
2011-05-16,TLT,0.00557447
2011-05-16,UUP,-0.00322726
2011-05-17,EEM,0.00320165
2011-05-17,GLD,-0.0043337
2011-05-17,HYG,0.00173113
2011-05-17,SPY,-0.00015012
2011-05-17,TLT,0.01024985
2011-05-17,UUP,-0.00092519
2011-05-18,EEM,0.01617024
2011-05-18,GLD,0.00594169
2011-05-18,HYG,0.00118955
2011-05-18,SPY,0.00893621
2011-05-18,TLT,-0.01325259
2011-05-18,UUP,-0.00046287
2011-05-19,EEM,-0.00649088
2011-05-19,GLD,0.00034332
2011-05-19,HYG,-0.00043237
2011-05-19,SPY,0.00238144
2011-05-19,TLT,-0.00041959
2011-05-19,UUP,-0.00416869
2011-05-20,EEM,-0.0080085
2011-05-20,GLD,0.0126331
2011-05-20,HYG,-0.0007561
2011-05-20,SPY,-0.0079445
2011-05-20,TLT,0.00052532
2011-05-20,UUP,0.00697679
2011-05-23,EEM,-0.02081989
2011-05-23,GLD,0.00230522
2011-05-23,HYG,-0.00475414
2011-05-23,SPY,-0.01160119
2011-05-23,TLT,0.00482543
2011-05-23,UUP,0.00646644
2011-05-24,EEM,0.00998039
2011-05-24,GLD,0.005141
2011-05-24,HYG,-0.00162824
2011-05-24,SPY,-0.00083305
2011-05-24,TLT,0.00375868
2011-05-24,UUP,-0.00275362
2011-05-25,EEM,0.00214826
2011-05-25,GLD,-6.726e-05
2011-05-25,HYG,0.0
2011-05-25,SPY,0.00333483
2011-05-25,TLT,-0.00468047
2011-05-25,UUP,-0.00092041
2011-05-26,EEM,0.01286196
2011-05-26,GLD,-0.00242294
2011-05-26,HYG,-0.00087054
2011-05-26,SPY,0.00460751
2011-05-26,TLT,0.00856936
2011-05-26,UUP,-0.00414533
2011-05-27,EEM,0.01058163
2011-05-27,GLD,0.00998513
2011-05-27,HYG,0.00304729
2011-05-27,SPY,0.00383461
2011-05-27,TLT,-0.00041468
2011-05-27,UUP,-0.00832591
2011-05-31,EEM,0.01633507
2011-05-31,GLD,-0.00040079
2011-05-31,HYG,0.00271385
2011-05-31,SPY,0.01041124
2011-05-31,TLT,0.00228035
2011-05-31,UUP,-0.00466396
2011-06-01,EEM,-0.01792677
2011-06-01,GLD,0.00180436
2011-06-01,HYG,-0.00581482
2011-06-01,SPY,-0.02246107
2011-06-01,TLT,0.01351505
2011-06-01,UUP,0.00234296
2011-06-02,EEM,0.00944182
2011-06-02,GLD,-0.002735
2011-06-02,HYG,-0.00065792
2011-06-02,SPY,-0.00106154
2011-06-02,TLT,-0.01904957
2011-06-02,UUP,-0.00654515
2011-06-03,EEM,-0.00498856
2011-06-03,GLD,0.00481606
2011-06-03,HYG,-0.00394521
2011-06-03,SPY,-0.00994477
2011-06-03,TLT,0.00574261
2011-06-03,UUP,-0.00752947
2011-06-06,EEM,-0.01608524
2011-06-06,GLD,0.00173076
2011-06-06,HYG,-0.00242017
2011-06-06,SPY,-0.01058126
2011-06-06,TLT,-0.00757759
2011-06-06,UUP,0.0028449
2011-06-07,EEM,0.00785549
2011-06-07,GLD,-0.00039871
2011-06-07,HYG,-0.00077225
2011-06-07,SPY,-0.00062012
2011-06-07,TLT,0.00460195
2011-06-07,UUP,-0.00567367
2011-06-08,EEM,-0.00716245
2011-06-08,GLD,-0.00405532
2011-06-08,HYG,-0.00474626
2011-06-08,SPY,-0.00418669
2011-06-08,TLT,0.00780963
2011-06-08,UUP,0.004755
2011-06-09,EEM,0.00785083
2011-06-09,GLD,0.00500634
2011-06-09,HYG,0.00066475
2011-06-09,SPY,0.00763072
2011-06-09,TLT,-0.00402981
2011-06-09,UUP,0.00331311
2011-06-10,EEM,-0.02168418
2011-06-10,GLD,-0.00876722
2011-06-10,HYG,-0.0065395
2011-06-10,SPY,-0.01391015
2011-06-10,TLT,0.00767658
2011-06-10,UUP,0.00943373
2011-06-13,EEM,-0.00172162
2011-06-13,GLD,-0.00984991
2011-06-13,HYG,-0.00379358
2011-06-13,SPY,0.00078382
2011-06-13,TLT,-0.00504415
2011-06-13,UUP,-0.00514009
2011-06-14,EEM,0.01508937
2011-06-14,GLD,0.0060905
2011-06-14,HYG,0.006272
2011-06-14,SPY,0.01268596
2011-06-14,TLT,-0.01510518
2011-06-14,UUP,-0.00140914
2011-06-15,EEM,-0.02144818
2011-06-15,GLD,0.00302682
2011-06-15,HYG,-0.00423018
2011-06-15,SPY,-0.01778556
2011-06-15,TLT,0.01817325
2011-06-15,UUP,0.0159925
2011-06-16,EEM,-0.00759573
2011-06-16,GLD,-0.00100586
2011-06-16,HYG,-0.01777044
2011-06-16,SPY,0.00220462
2011-06-16,TLT,0.00453921
2011-06-16,UUP,-0.00046287
2011-06-17,EEM,0.00131193
2011-06-17,GLD,0.00651139
2011-06-17,HYG,0.01103752
2011-06-17,SPY,0.00298418
2011-06-17,TLT,-0.0047243
2011-06-17,UUP,-0.00648452
2011-06-20,EEM,-0.00152847
2011-06-20,GLD,0.00060022
2011-06-20,HYG,0.00697741
2011-06-20,SPY,0.00511585
2011-06-20,TLT,0.00123803
2011-06-20,UUP,0.0
2011-06-21,EEM,0.01837293
2011-06-21,GLD,0.00486567
2011-06-21,HYG,0.00670686
2011-06-21,SPY,0.01370357
2011-06-21,TLT,-0.00443174
2011-06-21,UUP,-0.00652684
2011-06-22,EEM,-0.00995694
2011-06-22,GLD,0.00152568
2011-06-22,HYG,-0.00721719
2011-06-22,SPY,-0.00602505
2011-06-22,TLT,0.0006214
2011-06-22,UUP,0.00375408
2011-06-23,EEM,-0.00131488
2011-06-23,GLD,-0.01755089
2011-06-23,HYG,0.00536901
2011-06-23,SPY,-0.00287569
2011-06-23,TLT,0.00765599
2011-06-23,UUP,0.00514259
2011-06-24,EEM,-0.00175494
2011-06-24,GLD,-0.01402185
2011-06-24,HYG,-0.00478428
2011-06-24,SPY,-0.01161355
2011-06-24,TLT,-0.00420973
2011-06-24,UUP,0.00604664
2011-06-27,EEM,0.01164836
2011-06-27,GLD,-0.00362368
2011-06-27,HYG,-0.0002227
2011-06-27,SPY,0.00891153
2011-06-27,TLT,-0.0137146
2011-06-27,UUP,-0.00462341
2011-06-28,EEM,0.01368687
2011-06-28,GLD,0.00349969
2011-06-28,HYG,0.00402476
2011-06-28,SPY,0.0130527
2011-06-28,TLT,-0.00804951
2011-06-28,UUP,-0.00371561
2011-06-29,EEM,0.0092157
2011-06-29,GLD,0.0064277
2011-06-29,HYG,0.00990944
2011-06-29,SPY,0.00856381
2011-06-29,TLT,-0.00663997
2011-06-29,UUP,-0.00606063
2011-06-30,EEM,0.01082999
2011-06-30,GLD,-0.00801734
2011-06-30,HYG,0.00672506
2011-06-30,SPY,0.00956271
2011-06-30,TLT,-0.00159191
2011-06-30,UUP,-0.00469053
2011-07-01,EEM,0.01176472
2011-07-01,GLD,-0.00732882
2011-07-01,HYG,0.00531301
2011-07-01,SPY,0.01477598
2011-07-01,TLT,-0.00159939
2011-07-01,UUP,-0.00094231
2011-07-05,EEM,-0.0004154
2011-07-05,GLD,0.01862977
2011-07-05,HYG,0.00131582
2011-07-05,SPY,-0.00082122
2011-07-05,TLT,0.0022432
2011-07-05,UUP,0.00377356
2011-07-06,EEM,-0.0066468
2011-07-06,GLD,0.00867032
2011-07-06,HYG,0.000438
2011-07-06,SPY,0.00119586
2011-07-06,TLT,0.00511518
2011-07-06,UUP,0.00610905
2011-07-07,EEM,0.01380168
2011-07-07,GLD,0.00161165
2011-07-07,HYG,0.00393997
2011-07-07,SPY,0.0103753
2011-07-07,TLT,-0.00296848
2011-07-07,UUP,-0.00186843
2011-07-08,EEM,-0.011345
2011-07-08,GLD,0.00737517
2011-07-08,HYG,-0.00272473
2011-07-08,SPY,-0.00709224
2011-07-08,TLT,0.01414268
2011-07-08,UUP,0.00233978
2011-07-11,EEM,-0.02795751
2011-07-11,GLD,0.00891844
2011-07-11,HYG,-0.00983822
2011-07-11,SPY,-0.01808035
2011-07-11,TLT,0.01499365
2011-07-11,UUP,0.01353862
2011-07-12,EEM,-0.01008845
2011-07-12,GLD,0.00778421
2011-07-12,HYG,-0.00276069
2011-07-12,SPY,-0.00431905
2011-07-12,TLT,0.00340884
2011-07-12,UUP,-0.00046063
2011-07-13,EEM,0.01626233
2011-07-13,GLD,0.0089677
2011-07-13,HYG,0.00774934
2011-07-13,SPY,0.00334864
2011-07-13,TLT,0.00278057
2011-07-13,UUP,-0.01059889
2011-07-14,EEM,-0.0106678
2011-07-14,GLD,0.002595
2011-07-14,HYG,-0.00054877
2011-07-14,SPY,-0.00690273
2011-07-14,TLT,-0.01427141
2011-07-14,UUP,0.0
2011-07-15,EEM,0.00625422
2011-07-15,GLD,0.00427076
2011-07-15,HYG,-0.0003301
2011-07-15,SPY,0.00580498
2011-07-15,TLT,0.0016665
2011-07-15,UUP,-0.0018631
2011-07-18,EEM,-0.01157365
2011-07-18,GLD,0.00882739
2011-07-18,HYG,-0.00175922
2011-07-18,SPY,-0.00820147
2011-07-18,TLT,-0.00967013
2011-07-18,UUP,0.00233302
2011-07-19,EEM,0.01452771
2011-07-19,GLD,-0.01219904
2011-07-19,HYG,0.00451614
2011-07-19,SPY,0.01623177
2011-07-19,TLT,0.02078949
2011-07-19,UUP,-0.00232758
2011-07-20,EEM,0.00299212
2011-07-20,GLD,0.00879349
2011-07-20,HYG,0.00087666
2011-07-20,SPY,-0.00060283
2011-07-20,TLT,-0.01182841
2011-07-20,UUP,-0.00466646
2011-07-21,EEM,0.01598142
2011-07-21,GLD,-0.00762724
2011-07-21,HYG,0.00482072
2011-07-21,SPY,0.01387138
2011-07-21,TLT,-0.00770332
2011-07-21,UUP,-0.00937656
2011-07-22,EEM,-0.00062942
2011-07-22,GLD,0.00833168
2011-07-22,HYG,0.00130783
2011-07-22,SPY,0.00066891
2011-07-22,TLT,0.0075533
2011-07-22,UUP,0.0
2011-07-25,EEM,-0.00209866
2011-07-25,GLD,0.00781451
2011-07-25,HYG,-0.00533545
2011-07-25,SPY,-0.00557296
2011-07-25,TLT,-0.0109322
2011-07-25,UUP,-0.00094643
2011-07-26,EEM,0.00336469
2011-07-26,GLD,0.00273299
2011-07-26,HYG,0.00207999
2011-07-26,SPY,-0.00373585
2011-07-26,TLT,0.00684218
2011-07-26,UUP,-0.00852663
2011-07-27,EEM,-0.01760612
2011-07-27,GLD,-0.00367625
2011-07-27,HYG,-0.00786502
2011-07-27,SPY,-0.02047565
2011-07-27,TLT,0.00010397
2011-07-27,UUP,0.00764437
2011-07-28,EEM,0.00085332
2011-07-28,GLD,0.00082706
2011-07-28,HYG,0.00154102
2011-07-28,SPY,-0.00290952
2011-07-28,TLT,0.00376424
2011-07-28,UUP,0.00189657
2011-07-29,EEM,0.00426342
2011-07-29,GLD,0.00616569
2011-07-29,HYG,0.00098975
2011-07-29,SPY,-0.00683466
2011-07-29,TLT,0.01978719
2011-07-29,UUP,-0.00473249
2011-08-01,EEM,-0.00084931
2011-08-01,GLD,-0.00360094
2011-08-01,HYG,0.00222123
2011-08-01,SPY,-0.0042526
2011-08-01,TLT,0.01009254
2011-08-01,UUP,0.00523063
2011-08-02,EEM,-0.03080485
2011-08-02,GLD,0.02409335
2011-08-02,HYG,-0.01234825
2011-08-02,SPY,-0.02554725
2011-08-02,TLT,0.03002599
2011-08-02,UUP,0.00141914
2011-08-03,EEM,-0.00350727
2011-08-03,GLD,-0.00018573
2011-08-03,HYG,-0.0005586
2011-08-03,SPY,0.00541862
2011-08-03,TLT,0.0019695
2011-08-03,UUP,-0.00472377
2011-08-04,EEM,-0.05719299
2011-08-04,GLD,-0.00526352
2011-08-04,HYG,-0.02881633
2011-08-04,SPY,-0.0468416
2011-08-04,TLT,0.03558199
2011-08-04,UUP,0.01566209
2011-08-05,EEM,-0.00653321
2011-08-05,GLD,0.00690986
2011-08-05,HYG,-0.00103561
2011-08-05,SPY,-0.00149662
2011-08-05,TLT,-0.02885362
2011-08-05,UUP,-0.00841118
2011-08-08,EEM,-0.08337239
2011-08-08,GLD,0.03319935
2011-08-08,HYG,-0.04259788
2011-08-08,SPY,-0.06512324
2011-08-08,TLT,0.0315673
2011-08-08,UUP,0.00141379
2011-08-09,EEM,0.05867291
2011-08-09,GLD,0.00891578
2011-08-09,HYG,0.03054436
2011-08-09,SPY,0.04649906
2011-08-09,TLT,0.00303299
2011-08-09,UUP,-0.00847066
2011-08-10,EEM,-0.05300096
2011-08-10,GLD,0.03540716
2011-08-10,HYG,-0.01691972
2011-08-10,SPY,-0.04417791
2011-08-10,TLT,0.02975171
2011-08-10,UUP,0.00854303
2011-08-11,EEM,0.05520059
2011-08-11,GLD,-0.02193838
2011-08-11,HYG,0.01816012
2011-08-11,SPY,0.04488416
2011-08-11,TLT,-0.05044878
2011-08-11,UUP,-0.0014118
2011-08-12,EEM,-0.00048413
2011-08-12,GLD,-0.00456807
2011-08-12,HYG,-0.00466326
2011-08-12,SPY,0.00673298
2011-08-12,TLT,0.01980346
2011-08-12,UUP,0.0
2011-08-15,EEM,0.02326099
2011-08-15,GLD,0.01076662
2011-08-15,HYG,0.01628059
2011-08-15,SPY,0.02116496
2011-08-15,TLT,-0.01013664
2011-08-15,UUP,-0.01036759
2011-08-16,EEM,-0.00852428
2011-08-16,GLD,0.0123399
2011-08-16,HYG,-0.0063384
2011-08-16,SPY,-0.00853915
2011-08-16,TLT,0.01655585
2011-08-16,UUP,0.0004762
2011-08-17,EEM,0.00716479
2011-08-17,GLD,0.00287489
2011-08-17,HYG,0.01101809
2011-08-17,SPY,0.00066907
2011-08-17,TLT,0.01750819
2011-08-17,UUP,-0.00237987
2011-08-18,EEM,-0.04718976
2011-08-18,GLD,0.01891987
2011-08-18,HYG,-0.01216008
2011-08-18,SPY,-0.04311871
2011-08-18,TLT,0.02053903
2011-08-18,UUP,0.00572521
2011-08-19,EEM,-0.0124442
2011-08-19,GLD,0.0125478
2011-08-19,HYG,-0.00871029
2011-08-19,SPY,-0.0163309
2011-08-19,TLT,0.00806861
2011-08-19,UUP,-0.00237186
2011-08-22,EEM,-0.00100781
2011-08-22,GLD,0.02578494
2011-08-22,HYG,0.0011716
2011-08-22,SPY,0.00079955
2011-08-22,TLT,-0.00251845
2011-08-22,UUP,0.00190198
2011-08-23,EEM,0.03506536
2011-08-23,GLD,-0.03748848
2011-08-23,HYG,0.00748881
2011-08-23,SPY,0.03291031
2011-08-23,TLT,-0.01379328
2011-08-23,UUP,-0.00427135
2011-08-24,EEM,-0.00974881
2011-08-24,GLD,-0.03388307
2011-08-24,HYG,-0.00452972
2011-08-24,SPY,0.01408441
2011-08-24,TLT,-0.02843064
2011-08-24,UUP,0.00190662
2011-08-25,EEM,-0.0194437
2011-08-25,GLD,0.00413636
2011-08-25,HYG,-0.00804966
2011-08-25,SPY,-0.01524362
2011-08-25,TLT,0.01082032
2011-08-25,UUP,0.00285427
2011-08-26,EEM,0.01706799
2011-08-26,GLD,0.02964725
2011-08-26,HYG,0.01011438
2011-08-26,SPY,0.0145337
2011-08-26,TLT,0.00986741
2011-08-26,UUP,-0.00569262
2011-08-29,EEM,0.0323298
2011-08-29,GLD,-0.02017243
2011-08-29,HYG,0.01013136
2011-08-29,SPY,0.02873557
2011-08-29,TLT,-0.01382689
2011-08-29,UUP,-0.00143111
2011-08-30,EEM,0.00143433
2011-08-30,GLD,0.02996151
2011-08-30,HYG,0.00184418
2011-08-30,SPY,0.00263724
2011-08-30,TLT,0.01607653
2011-08-30,UUP,0.00382213
2011-08-31,EEM,0.02052993
2011-08-31,GLD,-0.00770522
2011-08-31,HYG,0.01288654
2011-08-31,SPY,0.00443796
2011-08-31,TLT,-0.01545379
2011-08-31,UUP,0.00285574
2011-09-01,EEM,-0.00537987
2011-09-01,GLD,0.00084399
2011-09-01,HYG,-0.00065141
2011-09-01,SPY,-0.01047317
2011-09-01,TLT,0.02119733
2011-09-01,UUP,0.00427157
2011-09-02,EEM,-0.02257778
2011-09-02,GLD,0.03019065
2011-09-02,HYG,-0.00469119
2011-09-02,SPY,-0.0255495
2011-09-02,TLT,0.03248626
2011-09-02,UUP,0.00283549
2011-09-06,EEM,-0.01034653
2011-09-06,GLD,-0.00185555
2011-09-06,HYG,-0.01183908
2011-09-06,SPY,-0.0072978
2011-09-06,TLT,0.01039935
2011-09-06,UUP,0.01555149
2011-09-07,EEM,0.02966198
2011-09-07,GLD,-0.03182062
2011-09-07,HYG,0.00488602
2011-09-07,SPY,0.0282074
2011-09-07,TLT,-0.01908883
2011-09-07,UUP,-0.00556846
2011-09-08,EEM,-0.02219566
2011-09-08,GLD,0.02671107
2011-09-08,HYG,0.00312508
2011-09-08,SPY,-0.0103912
2011-09-08,TLT,0.00896769
2011-09-08,UUP,0.01026599
2011-09-09,EEM,-0.03380848
2011-09-09,GLD,-0.00610528
2011-09-09,HYG,-0.00900114
2011-09-09,SPY,-0.02620984
2011-09-09,TLT,0.01066591
2011-09-09,UUP,0.01200918
2011-09-12,EEM,-0.00199965
2011-09-12,GLD,-0.02230215
2011-09-12,HYG,-0.00861627
2011-09-12,SPY,0.00646997
2011-09-12,TLT,0.0010556
2011-09-12,UUP,0.00045632
2011-09-13,EEM,0.00150265
2011-09-13,GLD,0.01058468
2011-09-13,HYG,0.00763454
2011-09-13,SPY,0.00917094
2011-09-13,TLT,-0.01423181
2011-09-13,UUP,-0.00319329
2011-09-14,EEM,-0.00275065
2011-09-14,GLD,-0.00744924
2011-09-14,HYG,0.00664419
2011-09-14,SPY,0.01384441
2011-09-14,TLT,0.00846605
2011-09-14,UUP,-0.00274605
2011-09-15,EEM,0.01454365
2011-09-15,GLD,-0.01585696
2011-09-15,HYG,0.00671606
2011-09-15,SPY,0.01725738
2011-09-15,TLT,-0.01528788
2011-09-15,UUP,-0.00596606
2011-09-16,EEM,0.00173032
2011-09-16,GLD,0.00934636
2011-09-16,HYG,-0.000575
2011-09-16,SPY,0.00591823
2011-09-16,TLT,0.00726969
2011-09-16,UUP,0.00369352
2011-09-19,EEM,-0.02960775
2011-09-19,GLD,-0.01545192
2011-09-19,HYG,-0.00149563
2011-09-19,SPY,-0.00995704
2011-09-19,TLT,0.01906589
2011-09-19,UUP,0.00551979
2011-09-20,EEM,-0.00737358
2011-09-20,GLD,0.01425193
2011-09-20,HYG,0.00161226
2011-09-20,SPY,-0.00116394
2011-09-20,TLT,0.00419614
2011-09-20,UUP,0.0
2011-09-21,EEM,-0.03714118
2011-09-21,GLD,-0.01245877
2011-09-21,HYG,-0.00862964
2011-09-21,SPY,-0.02945789
2011-09-21,TLT,0.03308392
2011-09-21,UUP,0.00777682
2011-09-22,EEM,-0.07023168
2011-09-22,GLD,-0.02615354
2011-09-22,HYG,-0.01358108
2011-09-22,SPY,-0.03232446
2011-09-22,TLT,0.03758696
2011-09-22,UUP,0.01044012
2011-09-23,EEM,0.02660942
2011-09-23,GLD,-0.05471754
2011-09-23,HYG,0.00270649
2011-09-23,SPY,0.00602499
2011-09-23,TLT,-0.01860071
2011-09-23,UUP,-0.00269527
2011-09-26,EEM,0.01505011
2011-09-26,GLD,-0.01389237
2011-09-26,HYG,0.00375574
2011-09-26,SPY,0.02377988
2011-09-26,TLT,-0.0160546
2011-09-26,UUP,-0.00090102
2011-09-27,EEM,0.03185097
2011-09-27,GLD,0.01935527
2011-09-27,HYG,0.00116926
2011-09-27,SPY,0.01118405
2011-09-27,TLT,-0.01530851
2011-09-27,UUP,-0.00586126
2011-09-28,EEM,-0.03006964
2011-09-28,GLD,-0.02745442
2011-09-28,HYG,-0.01121227
2011-09-28,SPY,-0.02041855
2011-09-28,TLT,-0.00034283
2011-09-28,UUP,0.0036282
2011-09-29,EEM,0.01371786
2011-09-29,GLD,0.00947379
2011-09-29,HYG,-0.00188887
2011-09-29,SPY,0.00790375
2011-09-29,TLT,0.00692253
2011-09-29,UUP,-0.00225932
2011-09-30,EEM,-0.05006782
2011-09-30,GLD,0.00228282
2011-09-30,HYG,-0.01987894
2011-09-30,SPY,-0.0249892
2011-09-30,TLT,0.0251188
2011-09-30,UUP,0.01041689
2011-10-03,EEM,-0.02108277
2011-10-03,GLD,0.01834752
2011-10-03,HYG,-0.01205452
2011-10-03,SPY,-0.02845797
2011-10-03,TLT,0.02751967
2011-10-03,UUP,0.00896437
2011-10-04,EEM,0.01542508
2011-10-04,GLD,-0.02062629
2011-10-04,HYG,-0.0030753
2011-10-04,SPY,0.02192279
2011-10-04,TLT,-0.01268069
2011-10-04,UUP,-0.00399811
2011-10-05,EEM,0.02321592
2011-10-05,GLD,0.01154534
2011-10-05,HYG,0.01221556
2011-10-05,SPY,0.01851561
2011-10-05,TLT,-0.00719909
2011-10-05,UUP,-0.00312228
2011-10-06,EEM,0.03305298
2011-10-06,GLD,0.00645929
2011-10-06,HYG,0.01547954
2011-10-06,SPY,0.01809087
2011-10-06,TLT,-0.01845772
2011-10-06,UUP,-0.00626402
2011-10-07,EEM,-0.01193057
2011-10-07,GLD,-0.00816258
2011-10-07,HYG,0.00083943
2011-10-07,SPY,-0.00669569
2011-10-07,TLT,-0.00738667
2011-10-07,UUP,0.00270154
2011-10-10,EEM,0.04473104
2011-10-10,GLD,0.02569426
2011-10-10,HYG,0.0214676
2011-10-10,SPY,0.03344579
2011-10-10,TLT,-0.01412429
2011-10-10,UUP,-0.01571635
2011-10-11,EEM,0.00052522
2011-10-11,GLD,-0.00716603
2011-10-11,HYG,-0.0110354
2011-10-11,SPY,0.00100328
2011-10-11,TLT,-0.00334549
2011-10-11,UUP,-0.00091222
2011-10-12,EEM,0.02809146
2011-10-12,GLD,0.007156
2011-10-12,HYG,0.02326936
2011-10-12,SPY,0.0087722
2011-10-12,TLT,-0.01454622
2011-10-12,UUP,-0.00639273
2011-10-13,EEM,-0.00893725
2011-10-13,GLD,-0.00588014
2011-10-13,HYG,-0.00417656
2011-10-13,SPY,-0.00198794
2011-10-13,TLT,0.00995691
2011-10-13,UUP,-0.00045967
2011-10-14,EEM,0.02009771
2011-10-14,GLD,0.00677752
2011-10-14,HYG,0.00698996
2011-10-14,SPY,0.01709411
2011-10-14,TLT,-0.01452911
2011-10-14,UUP,-0.00459759
2011-10-17,EEM,-0.03384689
2011-10-17,GLD,-0.00477355
2011-10-17,HYG,-0.00578463
2011-10-17,SPY,-0.01909097
2011-10-17,TLT,0.01728813
2011-10-17,UUP,0.00646644
2011-10-18,EEM,0.02666619
2011-10-18,GLD,-0.00479645
2011-10-18,HYG,0.00535263
2011-10-18,SPY,0.01954592
2011-10-18,TLT,-0.00621137
2011-10-18,UUP,-0.0013767
2011-10-19,EEM,-0.01909842
2011-10-19,GLD,-0.01217252
2011-10-19,HYG,-0.00324034
2011-10-19,SPY,-0.01182904
2011-10-19,TLT,-0.0003466
2011-10-19,UUP,0.00091914
2011-10-20,EEM,-0.01921087
2011-10-20,GLD,-0.01313562
2011-10-20,HYG,0.00882485
2011-10-20,SPY,0.00437546
2011-10-20,TLT,-0.00712124
2011-10-20,UUP,-0.00183659
2011-10-21,EEM,0.02858693
2011-10-21,GLD,0.0110921
2011-10-21,HYG,0.01208789
2011-10-21,SPY,0.01898695
2011-10-21,TLT,-0.01058265
2011-10-21,UUP,-0.00919952
2011-10-24,EEM,0.03911491
2011-10-24,GLD,0.00940321
2011-10-24,HYG,0.0270698
2011-10-24,SPY,0.01226132
2011-10-24,TLT,0.00167981
2011-10-24,UUP,-0.00232142
2011-10-25,EEM,-0.01981173
2011-10-25,GLD,0.02838152
2011-10-25,HYG,-0.01771854
2011-10-25,SPY,-0.01944371
2011-10-25,TLT,0.02541544
2011-10-25,UUP,0.00093079
2011-10-26,EEM,0.01844358
2011-10-26,GLD,0.0109306
2011-10-26,HYG,0.00428393
2011-10-26,SPY,0.0101585
2011-10-26,TLT,-0.01746996
2011-10-26,UUP,0.0
2011-10-27,EEM,0.06077901
2011-10-27,GLD,0.01284354
2011-10-27,HYG,0.0147053
2011-10-27,SPY,0.03483515
2011-10-27,TLT,-0.03389706
2011-10-27,UUP,-0.01673666
2011-10-28,EEM,-0.00841923
2011-10-28,GLD,0.00041281
2011-10-28,HYG,-0.00298651
2011-10-28,SPY,-0.00023329
2011-10-28,TLT,0.01051631
2011-10-28,UUP,0.00047293
2011-10-31,EEM,-0.03750002
2011-10-31,GLD,-0.0134418
2011-10-31,HYG,-0.00932145
2011-10-31,SPY,-0.02410605
2011-10-31,TLT,0.03965577
2011-10-31,UUP,0.01937606
2011-11-01,EEM,-0.02425908
2011-11-01,GLD,0.00023909
2011-11-01,HYG,-0.01784644
2011-11-01,SPY,-0.02788805
2011-11-01,TLT,0.03347455
2011-11-01,UUP,0.01066308
2011-11-02,EEM,0.030638
2011-11-02,GLD,0.010037
2011-11-02,HYG,0.00952168
2011-11-02,SPY,0.01631139
2011-11-02,TLT,-0.01247398
2011-11-02,UUP,-0.00229363
2011-11-03,EEM,0.01023384
2011-11-03,GLD,0.01573408
2011-11-03,HYG,0.00988625
2011-11-03,SPY,0.01822721
2011-11-03,TLT,-0.01373371
2011-11-03,UUP,-0.00459759
2011-11-04,EEM,-0.00651224
2011-11-04,GLD,-0.00506636
2011-11-04,HYG,-0.00101278
2011-11-04,SPY,-0.00609896
2011-11-04,TLT,0.00120416
2011-11-04,UUP,0.00277121
2011-11-07,EEM,0.00849736
2011-11-07,GLD,0.02417319
2011-11-07,HYG,-0.00337918
2011-11-07,SPY,0.00621605
2011-11-07,TLT,0.0063527
2011-11-07,UUP,-0.00092104
2011-11-08,EEM,0.01179567
2011-11-08,GLD,-0.00828664
2011-11-08,HYG,0.00226045
2011-11-08,SPY,0.01283064
2011-11-08,TLT,-0.0127961
2011-11-08,UUP,-0.00461041
2011-11-09,EEM,-0.05852969
2011-11-09,GLD,-0.00841348
2011-11-09,HYG,-0.02120029
2011-11-09,SPY,-0.03690972
2011-11-09,TLT,0.02073922
2011-11-09,UUP,0.01760059
2011-11-10,EEM,0.00657097
2011-11-10,GLD,-0.00540482
2011-11-10,HYG,0.00103724
2011-11-10,SPY,0.0094188
2011-11-10,TLT,-0.01490044
2011-11-10,UUP,-0.00273095
2011-11-11,EEM,0.02410262
2011-11-11,GLD,0.01647778
2011-11-11,HYG,0.01323474
2011-11-11,SPY,0.01882232
2011-11-11,TLT,-0.00610143
2011-11-11,UUP,-0.01004098
2011-11-14,EEM,-0.013729
2011-11-14,GLD,-0.00436888
2011-11-14,HYG,-0.00670068
2011-11-14,SPY,-0.00947382
2011-11-14,TLT,0.01608325
2011-11-14,UUP,0.00691536
2011-11-15,EEM,0.0062142
2011-11-15,GLD,0.00092381
2011-11-15,HYG,-0.00263094
2011-11-15,SPY,0.00494145
2011-11-15,TLT,-0.00136217
2011-11-15,UUP,0.00595251
2011-11-16,EEM,-0.02692697
2011-11-16,GLD,-0.01067147
2011-11-16,HYG,-0.00974505
2011-11-16,SPY,-0.01586259
2011-11-16,TLT,0.00911878
2011-11-16,UUP,0.00318613
2011-11-17,EEM,-0.02538716
2011-11-17,GLD,-0.02571272
2011-11-17,HYG,-0.00486313
2011-11-17,SPY,-0.01587731
2011-11-17,TLT,0.00802167
2011-11-17,UUP,0.00136129
2011-11-18,EEM,0.00390765
2011-11-18,GLD,0.00311184
2011-11-18,HYG,-0.00069793
2011-11-18,SPY,-0.00106444
2011-11-18,TLT,-0.0002519
2011-11-18,UUP,-0.00271868
2011-11-21,EEM,-0.03217456
2011-11-21,GLD,-0.02457938
2011-11-21,HYG,-0.01129338
2011-11-21,SPY,-0.01901909
2011-11-21,TLT,0.00594976
2011-11-21,UUP,0.00181719
2011-11-22,EEM,0.00348494
2011-11-22,GLD,0.01107032
2011-11-22,HYG,-0.00765407
2011-11-22,SPY,-0.00392815
2011-11-22,TLT,0.01116236
2011-11-22,UUP,-0.00045342
2011-11-23,EEM,-0.03232658
2011-11-23,GLD,-0.00290361
2011-11-23,HYG,-0.01803747
2011-11-23,SPY,-0.02206557
2011-11-23,TLT,0.00980365
2011-11-23,UUP,0.01134316
2011-11-25,EEM,-0.00331363
2011-11-25,GLD,-0.00867565
2011-11-25,HYG,0.0
2011-11-25,SPY,-0.00188738
2011-11-25,TLT,-0.01452154
2011-11-25,UUP,0.00583224
2011-11-28,EEM,0.0479231
2011-11-28,GLD,0.01976751
2011-11-28,HYG,0.02235688
2011-11-28,SPY,0.02896691
2011-11-28,TLT,-0.00049669
2011-11-28,UUP,-0.00401446
2011-11-29,EEM,-0.00449418
2011-11-29,GLD,0.00150033
2011-11-29,HYG,0.00650111
2011-11-29,SPY,0.00283991
2011-11-29,TLT,-0.00819979
2011-11-29,UUP,-0.0035825
2011-11-30,EEM,0.06240046
2011-11-30,GLD,0.01947507
2011-11-30,HYG,0.01702841
2011-11-30,SPY,0.04114991
2011-11-30,TLT,-0.01561591
2011-11-30,UUP,-0.00853951
2011-12-01,EEM,-0.00299922
2011-12-01,GLD,-0.00293893
2011-12-01,HYG,0.00440445
2011-12-01,SPY,-0.00016019
2011-12-01,TLT,-0.00501718
2011-12-01,UUP,-0.00045332
2011-12-02,EEM,-0.00300844
2011-12-02,GLD,0.0011201
2011-12-02,HYG,0.00566922
2011-12-02,SPY,-0.0008805
2011-12-02,TLT,0.01401688
2011-12-02,UUP,0.00317478
2011-12-05,EEM,0.01634382
2011-12-05,GLD,-0.01472147
2011-12-05,HYG,0.00563775
2011-12-05,SPY,0.01089236
2011-12-05,TLT,-0.00202272
2011-12-05,UUP,0.0
2011-12-06,EEM,-0.01360662
2011-12-06,GLD,0.00513976
2011-12-06,HYG,0.00446193
2011-12-06,SPY,0.00031686
2011-12-06,TLT,-0.00954386
2011-12-06,UUP,-0.00090418
2011-12-07,EEM,0.00401289
2011-12-07,GLD,0.00725414
2011-12-07,HYG,-0.0031892
2011-12-07,SPY,0.00372242
2011-12-07,TLT,0.00358134
2011-12-07,UUP,-0.00135739
2011-12-08,EEM,-0.0359732
2011-12-08,GLD,-0.02018889
2011-12-08,HYG,-0.00651254
2011-12-08,SPY,-0.02193605
2011-12-08,TLT,0.01249094
2011-12-08,UUP,0.00543716
2011-12-09,EEM,0.02021264
2011-12-09,GLD,0.00253041
2011-12-09,HYG,0.00862445
2011-12-09,SPY,0.01694227
2011-12-09,TLT,-0.02055974
2011-12-09,UUP,-0.00315454
2011-12-12,EEM,-0.037592
2011-12-12,GLD,-0.02650234
2011-12-12,HYG,-0.00535835
2011-12-12,SPY,-0.01459768
2011-12-12,TLT,0.01113744
2011-12-12,UUP,0.01039785
2011-12-13,EEM,-0.00923729
2011-12-13,GLD,-0.02185325
2011-12-13,HYG,-0.00378377
2011-12-13,SPY,-0.00933894
2011-12-13,TLT,0.00932181
2011-12-13,UUP,0.00984331
2011-12-14,EEM,-0.01438453
2011-12-14,GLD,-0.03508992
2011-12-14,HYG,-0.00172576
2011-12-14,SPY,-0.01064599
2011-12-14,TLT,0.0188897
2011-12-14,UUP,0.00221538
2011-12-15,EEM,0.00648641
2011-12-15,GLD,-0.00366275
2011-12-15,HYG,0.00357333
2011-12-15,SPY,0.00361438
2011-12-15,TLT,-0.00370838
2011-12-15,UUP,-0.00265238
2011-12-16,EEM,0.00751852
2011-12-16,GLD,0.01903758
2011-12-16,HYG,0.00470963
2011-12-16,SPY,0.00148222
2011-12-16,TLT,0.01166203
2011-12-16,UUP,-0.003103
2011-12-19,EEM,-0.02585281
2011-12-19,GLD,-0.00231914
2011-12-19,HYG,-0.00125763
2011-12-19,SPY,-0.01069176
2011-12-19,TLT,0.01267177
2011-12-19,UUP,0.00355711
2011-12-20,EEM,0.04190253
2011-12-20,GLD,0.01362433
2011-12-20,HYG,0.01247783
2011-12-20,SPY,0.03026038
2011-12-20,TLT,-0.02494607
2011-12-20,UUP,-0.00841813
2011-12-21,EEM,0.00318143
2011-12-21,GLD,0.00114669
2011-12-21,HYG,0.00282609
2011-12-21,SPY,0.00193688
2011-12-21,TLT,-0.01390981
2011-12-21,UUP,0.0
2011-12-22,EEM,0.01321366
2011-12-22,GLD,-0.00712656
2011-12-22,HYG,0.0038329
2011-12-22,SPY,0.00885859
2011-12-22,TLT,0.00419879
2011-12-22,UUP,0.0
2011-12-23,EEM,0.00391225
2011-12-23,GLD,0.00173035
2011-12-23,HYG,0.00460461
2011-12-23,SPY,0.00894057
2011-12-23,TLT,-0.01112019
2011-12-23,UUP,0.00044674
2011-12-27,EEM,-0.00961301
2011-12-27,GLD,-0.00895652
2011-12-27,HYG,0.00399168
2011-12-27,SPY,0.00079144
2011-12-27,TLT,0.00474987
2011-12-27,UUP,-0.00223309
2011-12-28,EEM,-0.01678906
2011-12-28,GLD,-0.02504683
2011-12-28,HYG,-0.00470278
2011-12-28,SPY,-0.01312351
2011-12-28,TLT,0.01848898
2011-12-28,UUP,0.00940008
2011-12-29,EEM,0.01147318
2011-12-29,GLD,-0.00456864
2011-12-29,HYG,0.00596338
2011-12-29,SPY,0.01033405
2011-12-29,TLT,0.00182312
2011-12-29,UUP,-0.00177377
2011-12-30,EEM,0.00079099
2011-12-30,GLD,0.01097518
2011-12-30,HYG,0.00056012
2011-12-30,SPY,-0.00491646
2011-12-30,TLT,0.0032271
2011-12-30,UUP,-0.00177703
2012-01-03,EEM,0.03057478
2012-01-03,GLD,0.02585692
2012-01-03,HYG,0.00324235
2012-01-03,SPY,0.01593651
2012-01-03,TLT,-0.0150097
2012-01-03,UUP,-0.0084556
2012-01-04,EEM,-0.0056267
2012-01-04,GLD,0.00506676
2012-01-04,HYG,-0.00167132
2012-01-04,SPY,0.00156886
2012-01-04,TLT,-0.0118903
2012-01-04,UUP,0.00538591
2012-01-05,EEM,-0.0043726
2012-01-05,GLD,0.00682785
2012-01-05,HYG,-0.00435447
2012-01-05,SPY,0.00266232
2012-01-05,TLT,-0.00177881
2012-01-05,UUP,0.01071421
2012-01-06,EEM,-0.01265812
2012-01-06,GLD,-0.00367602
2012-01-06,HYG,-0.00313934
2012-01-06,SPY,-0.00257744
2012-01-06,TLT,0.00789414
2012-01-06,UUP,0.00353365
2012-01-09,EEM,0.01046605
2012-01-09,GLD,-0.00445291
2012-01-09,HYG,0.00135004
2012-01-09,SPY,0.00242778
2012-01-09,TLT,-0.00176918
2012-01-09,UUP,-0.0035212
2012-01-10,EEM,0.02175011
2012-01-10,GLD,0.01367412
2012-01-10,HYG,0.00348208
2012-01-10,SPY,0.00867039
2012-01-10,TLT,-0.00168735
2012-01-10,UUP,-0.00088331
2012-01-11,EEM,0.00076012
2012-01-11,GLD,0.00649268
2012-01-11,HYG,-0.00100732
2012-01-11,SPY,0.00054204
2012-01-11,TLT,0.01301567
2012-01-11,UUP,0.00442086
2012-01-12,EEM,0.00405198
2012-01-12,GLD,0.00444671
2012-01-12,HYG,-0.00134442
2012-01-12,SPY,0.00239947
2012-01-12,TLT,-0.00141827
2012-01-12,UUP,-0.00660216
2012-01-13,EEM,-0.00907972
2012-01-13,GLD,-0.00698348
2012-01-13,HYG,-0.00112225
2012-01-13,SPY,-0.00517361
2012-01-13,TLT,0.00994237
2012-01-13,UUP,0.00797516
2012-01-17,EEM,0.01908899
2012-01-17,GLD,0.00778605
2012-01-17,HYG,0.00202146
2012-01-17,SPY,0.00388079
2012-01-17,TLT,0.00463325
2012-01-17,UUP,-0.00351646
2012-01-18,EEM,0.02522461
2012-01-18,GLD,0.00685362
2012-01-18,HYG,0.00280288
2012-01-18,SPY,0.01105634
2012-01-18,TLT,-0.01210498
2012-01-18,UUP,-0.00882222
2012-01-19,EEM,0.00876962
2012-01-19,GLD,-0.00235152
2012-01-19,HYG,0.00145312
2012-01-19,SPY,0.00527628
2012-01-19,TLT,-0.01375392
2012-01-19,UUP,-0.00534037
2012-01-20,EEM,-0.00072408
2012-01-20,GLD,0.00527234
2012-01-20,HYG,0.0
2012-01-20,SPY,0.00372743
2012-01-20,TLT,-0.01132488
2012-01-20,UUP,0.00089477
2012-01-23,EEM,0.00966611
2012-01-23,GLD,0.00672547
2012-01-23,HYG,0.0034607
2012-01-23,SPY,-0.00257672
2012-01-23,TLT,-0.006326
2012-01-23,UUP,-0.00581128
2012-01-24,EEM,0.00143614
2012-01-24,GLD,-0.00704835
2012-01-24,HYG,0.00255922
2012-01-24,SPY,-0.00113981
2012-01-24,TLT,0.00180708
2012-01-24,UUP,0.00134895
2012-01-25,EEM,0.01123371
2012-01-25,GLD,0.02722057
2012-01-25,HYG,0.00876568
2012-01-25,SPY,0.00836757
2012-01-25,TLT,-0.0024053
2012-01-25,UUP,-0.00449034
2012-01-26,EEM,-0.00401806
2012-01-26,GLD,0.0051076
2012-01-26,HYG,0.00242007
2012-01-26,SPY,-0.00512965
2012-01-26,TLT,0.01325725
2012-01-26,UUP,-0.00090224
2012-01-27,EEM,0.00522036
2012-01-27,GLD,0.01016319
2012-01-27,HYG,-0.00362133
2012-01-27,SPY,-0.00045475
2012-01-27,TLT,0.00314294
2012-01-27,UUP,-0.00722343
2012-01-30,EEM,-0.01440006
2012-01-30,GLD,-0.00556313
2012-01-30,HYG,-0.00319418
2012-01-30,SPY,-0.00341412
2012-01-30,TLT,0.01177157
2012-01-30,UUP,0.0036381
2012-01-31,EEM,0.00862233
2012-01-31,GLD,0.00761768
2012-01-31,HYG,0.00254131
2012-01-31,SPY,-0.00038038
2012-01-31,TLT,0.01155129
2012-01-31,UUP,0.00226546
2012-02-01,EEM,0.0220853
2012-02-01,GLD,0.00147658
2012-02-01,HYG,0.00184994
2012-02-01,SPY,0.00875724
2012-02-01,TLT,-0.01145508
2012-02-01,UUP,-0.00452079
2012-02-02,EEM,0.00278807
2012-02-02,GLD,0.00878748
2012-02-02,HYG,0.00066443
2012-02-02,SPY,0.00158491
2012-02-02,TLT,-0.00041896
2012-02-02,UUP,0.00045425
2012-02-03,EEM,0.01668239
2012-02-03,GLD,-0.01993571
2012-02-03,HYG,0.00287471
2012-02-03,SPY,0.01401909
2012-02-03,TLT,-0.0214894
2012-02-03,UUP,0.0
2012-02-06,EEM,-0.0084322
2012-02-06,GLD,-0.00274402
2012-02-06,HYG,0.0002201
2012-02-06,SPY,-0.00066922
2012-02-06,TLT,0.00995118
2012-02-06,UUP,0.00045373
2012-02-07,EEM,0.00206846
2012-02-07,GLD,0.0150736
2012-02-07,HYG,0.00198366
2012-02-07,SPY,0.00252859
2012-02-07,TLT,-0.01240126
2012-02-07,UUP,-0.00680575
2012-02-08,EEM,0.00711016
2012-02-08,GLD,-0.00707128
2012-02-08,HYG,0.00087987
2012-02-08,SPY,0.00296787
2012-02-08,TLT,0.00077407
2012-02-08,UUP,0.00091368
2012-02-09,EEM,-0.00045591
2012-02-09,GLD,-0.00284864
2012-02-09,HYG,0.00043969
2012-02-09,SPY,0.0012573
2012-02-09,TLT,-0.00747755
2012-02-09,UUP,0.00045632
2012-02-10,EEM,-0.02210065
2012-02-10,GLD,-0.0052375
2012-02-10,HYG,-0.00867772
2012-02-10,SPY,-0.00738721
2012-02-10,TLT,0.01298835
2012-02-10,UUP,0.00638679
2012-02-13,EEM,0.01630968
2012-02-13,GLD,0.00221368
2012-02-13,HYG,0.00288093
2012-02-13,SPY,0.00744218
2012-02-13,TLT,0.00128227
2012-02-13,UUP,-0.00135965
2012-02-14,EEM,-0.00825311
2012-02-14,GLD,-0.00232822
2012-02-14,HYG,0.0
2012-02-14,SPY,-0.00125572
2012-02-14,TLT,0.00529276
2012-02-14,UUP,0.00499299
2012-02-15,EEM,0.00277395
2012-02-15,GLD,0.00592392
2012-02-15,HYG,-0.00320423
2012-02-15,SPY,-0.00466016
2012-02-15,TLT,-0.0017834
2012-02-15,UUP,0.00316177
2012-02-16,EEM,0.01083425
2012-02-16,GLD,-0.00065434
2012-02-16,HYG,0.00421207
2012-02-16,SPY,0.01107312
2012-02-16,TLT,-0.00799667
2012-02-16,UUP,-0.00360206
2012-02-17,EEM,0.0018247
2012-02-17,GLD,-0.00386901
2012-02-17,HYG,-0.00033096
2012-02-17,SPY,0.00264603
2012-02-17,TLT,-0.00025697
2012-02-17,UUP,0.0
2012-02-21,EEM,-0.00409749
2012-02-21,GLD,0.02193007
2012-02-21,HYG,0.0037543
2012-02-21,SPY,0.00044001
2012-02-21,TLT,-0.01106506
2012-02-21,UUP,-0.00406686
2012-02-22,EEM,0.00182839
2012-02-22,GLD,0.01122675
2012-02-22,HYG,0.00318985
2012-02-22,SPY,-0.00322407
2012-02-22,TLT,0.01257718
2012-02-22,UUP,0.00136129
2012-02-23,EEM,-0.00182505
2012-02-23,GLD,0.0004626
2012-02-23,HYG,0.00361787
2012-02-23,SPY,0.00441058
2012-02-23,TLT,0.0
2012-02-23,UUP,-0.00770272
2012-02-24,EEM,0.0100571
2012-02-24,GLD,-0.004566
2012-02-24,HYG,0.00305916
2012-02-24,SPY,0.00219615
2012-02-24,TLT,0.00650995
2012-02-24,UUP,-0.00410978
2012-02-27,EEM,-0.00995696
2012-02-27,GLD,-0.00307727
2012-02-27,HYG,0.00021758
2012-02-27,SPY,0.00167959
2012-02-27,TLT,0.00885123
2012-02-27,UUP,0.0032095
2012-02-28,EEM,0.01394278
2012-02-28,GLD,0.01042521
2012-02-28,HYG,0.00196104
2012-02-28,SPY,0.00291587
2012-02-28,TLT,-0.00329054
2012-02-28,UUP,-0.00457017
2012-02-29,EEM,-0.0006761
2012-02-29,GLD,-0.05302906
2012-02-29,HYG,0.00130385
2012-02-29,SPY,-0.00392555
2012-02-29,TLT,-0.00609342
2012-02-29,UUP,0.00826443
2012-03-01,EEM,0.00947439
2012-03-01,GLD,0.01412142
2012-03-01,HYG,0.00171453
2012-03-01,SPY,0.00518189
2012-03-01,TLT,-0.00941479
2012-03-01,UUP,0.0
2012-03-02,EEM,-0.00245809
2012-03-02,GLD,-0.00162058
2012-03-02,HYG,-0.00414195
2012-03-02,SPY,-0.00304962
2012-03-02,TLT,0.00939218
2012-03-02,UUP,0.00683064
2012-03-05,EEM,-0.01724902
2012-03-05,GLD,-0.00414815
2012-03-05,HYG,-0.00558154
2012-03-05,SPY,-0.00407809
2012-03-05,TLT,-0.00793878
2012-03-05,UUP,-0.00090459
2012-03-06,EEM,-0.03350838
2012-03-06,GLD,-0.01780861
2012-03-06,HYG,-0.01331709
2012-03-06,SPY,-0.01462495
2012-03-06,TLT,0.01213224
2012-03-06,UUP,0.00633764
2012-03-07,EEM,0.01202815
2012-03-07,GLD,0.00571609
2012-03-07,HYG,0.0027882
2012-03-07,SPY,0.00697558
2012-03-07,TLT,-0.00612098
2012-03-07,UUP,-0.00134945
2012-03-08,EEM,0.0209746
2012-03-08,GLD,0.01008369
2012-03-08,HYG,0.00778621
2012-03-08,SPY,0.00994908
2012-03-08,TLT,-0.01000761
2012-03-08,UUP,-0.00675701
2012-03-09,EEM,-0.00045683
2012-03-09,GLD,0.00665541
2012-03-09,HYG,0.00110411
2012-03-09,SPY,0.00386789
2012-03-09,TLT,0.00198708
2012-03-09,UUP,0.00952391
2012-03-12,EEM,-0.01096121
2012-03-12,GLD,-0.00787353
2012-03-12,HYG,0.0
2012-03-12,SPY,7.263e-05
2012-03-12,TLT,-0.00017236
2012-03-12,UUP,-0.00134764
2012-03-13,EEM,0.02724543
2012-03-13,GLD,-0.01678078
2012-03-13,HYG,0.00727655
2012-03-13,SPY,0.01802564
2012-03-13,TLT,-0.01759334
2012-03-13,UUP,0.00314886
2012-03-14,EEM,-0.01573406
2012-03-14,GLD,-0.01682068
2012-03-14,HYG,-0.00251725
2012-03-14,SPY,-0.00107118
2012-03-14,TLT,-0.025196
2012-03-14,UUP,0.00538128
2012-03-15,EEM,0.00799273
2012-03-15,GLD,0.0094629
2012-03-15,HYG,-0.00340216
2012-03-15,SPY,0.00578967
2012-03-15,TLT,0.00153123
2012-03-15,UUP,-0.00401446
2012-03-16,EEM,-0.00113265
2012-03-16,GLD,0.00136579
2012-03-16,HYG,-0.00363412
2012-03-16,SPY,0.00138496
2012-03-16,TLT,0.00197861
2012-03-16,UUP,-0.00671736
2012-03-19,EEM,-0.00385608
2012-03-19,GLD,0.00179785
2012-03-19,HYG,0.00375827
2012-03-19,SPY,0.00391997
2012-03-19,TLT,-0.01193642
2012-03-19,UUP,-0.0054104
2012-03-20,EEM,-0.01730402
2012-03-20,GLD,-0.00903516
2012-03-20,HYG,-0.00077032
2012-03-20,SPY,-0.00291095
2012-03-20,TLT,0.00399743
2012-03-20,UUP,0.00181338
2012-03-21,EEM,0.00185375
2012-03-21,GLD,0.00049961
2012-03-21,HYG,-0.00319573
2012-03-21,SPY,-0.00163773
2012-03-21,TLT,0.01130722
2012-03-21,UUP,0.0004526
2012-03-22,EEM,-0.01526351
2012-03-22,GLD,-0.00399475
2012-03-22,HYG,0.00243156
2012-03-22,SPY,-0.00720346
2012-03-22,TLT,0.00322063
2012-03-22,UUP,0.00135667
2012-03-23,EEM,0.00751501
2012-03-23,GLD,0.01228296
2012-03-23,HYG,-0.00209444
2012-03-23,SPY,0.00323267
2012-03-23,TLT,0.00945141
2012-03-23,UUP,-0.00541997
2012-03-26,EEM,0.01748248
2012-03-26,GLD,0.01776757
2012-03-26,HYG,0.00607753
2012-03-26,SPY,0.01403529
2012-03-26,TLT,-0.00512358
2012-03-26,UUP,-0.00635799
2012-03-27,EEM,-0.00526932
2012-03-27,GLD,-0.00705589
2012-03-27,HYG,0.00175717
2012-03-27,SPY,-0.00310761
2012-03-27,TLT,0.00719161
2012-03-27,UUP,0.00365649
2012-03-28,EEM,-0.01681212
2012-03-28,GLD,-0.01059796
2012-03-28,HYG,-0.00328924
2012-03-28,SPY,-0.00495818
2012-03-28,TLT,-0.00141038
2012-03-28,UUP,-0.00045538
2012-03-29,EEM,-0.00117142
2012-03-29,GLD,-0.00142403
2012-03-29,HYG,-0.00011002
2012-03-29,SPY,-0.00170918
2012-03-29,TLT,0.00750407
2012-03-29,UUP,-0.00045549
2012-03-30,EEM,0.00727024
2012-03-30,GLD,0.00520831
2012-03-30,HYG,-0.0019805
2012-03-30,SPY,0.00413666
2012-03-30,TLT,-0.01691076
2012-03-30,UUP,-0.0013675
2012-04-02,EEM,0.01373675
2012-04-02,GLD,0.00505803
2012-04-02,HYG,0.00171858
2012-04-02,SPY,0.00731455
2012-04-02,TLT,0.00553973
2012-04-02,UUP,-0.00228201
2012-04-03,EEM,-0.00574146
2012-04-03,GLD,-0.01871857
2012-04-03,HYG,-0.00088575
2012-04-03,SPY,-0.00408887
2012-04-03,TLT,-0.01732762
2012-04-03,UUP,0.00731925
2012-04-04,EEM,-0.01801857
2012-04-04,GLD,-0.01676148
2012-04-04,HYG,-0.00365535
2012-04-04,SPY,-0.00991066
2012-04-04,TLT,0.01374466
2012-04-04,UUP,0.00499536
2012-04-05,EEM,0.00541075
2012-04-05,GLD,0.00699695
2012-04-05,HYG,-0.00244702
2012-04-05,SPY,-0.00050087
2012-04-05,TLT,0.00722553
2012-04-05,UUP,0.0031633
2012-04-09,EEM,-0.01474065
2012-04-09,GLD,0.00669571
2012-04-09,HYG,-0.00512827
2012-04-09,SPY,-0.01123076
2012-04-09,TLT,0.0233818
2012-04-09,UUP,-0.00315332
2012-04-10,EEM,-0.01947243
2012-04-10,GLD,0.01085531
2012-04-10,HYG,-0.00493021
2012-04-10,SPY,-0.01678496
2012-04-10,TLT,0.01133757
2012-04-10,UUP,0.00135576
2012-04-11,EEM,0.01089838
2012-04-11,GLD,-0.00018621
2012-04-11,HYG,0.0060803
2012-04-11,SPY,0.008094
2012-04-11,TLT,-0.01198061
2012-04-11,UUP,-0.00135392
2012-04-12,EEM,0.02563502
2012-04-12,GLD,0.01011976
2012-04-12,HYG,0.00895495
2012-04-12,SPY,0.01306585
2012-04-12,TLT,-0.00415708
2012-04-12,UUP,-0.00677797
2012-04-13,EEM,-0.0151835
2012-04-13,GLD,-0.01137056
2012-04-13,HYG,-0.00321763
2012-04-13,SPY,-0.01188865
2012-04-13,TLT,0.01617685
2012-04-13,UUP,0.00818923
2012-04-16,EEM,-0.00498109
2012-04-16,GLD,-0.00242462
2012-04-16,HYG,0.00155826
2012-04-16,SPY,-0.0006561
2012-04-16,TLT,-0.00145489
2012-04-16,UUP,-0.00406136
2012-04-17,EEM,0.01144255
2012-04-17,GLD,-0.00130878
2012-04-17,HYG,0.00433368
2012-04-17,SPY,0.0148119
2012-04-17,TLT,-0.00060002
2012-04-17,UUP,-0.00045332
2012-04-18,EEM,-0.00471391
2012-04-18,GLD,-0.00586585
2012-04-18,HYG,-0.00033175
2012-04-18,SPY,-0.00337922
2012-04-18,TLT,0.00291636
2012-04-18,UUP,0.0
2012-04-19,EEM,-0.00449909
2012-04-19,GLD,0.00075322
2012-04-19,HYG,-0.00188104
2012-04-19,SPY,-0.00642094
2012-04-19,TLT,0.00094021
2012-04-19,UUP,-0.00045332
2012-04-20,EEM,0.00689831
2012-04-20,GLD,0.00068996
2012-04-20,HYG,0.001552
2012-04-20,SPY,0.00166986
2012-04-20,TLT,0.00017053
2012-04-20,UUP,-0.00544209
2012-04-23,EEM,-0.01913537
2012-04-23,GLD,-0.00294588
2012-04-23,HYG,-0.00210366
2012-04-23,SPY,-0.00840863
2012-04-23,TLT,0.00726027
2012-04-23,UUP,0.00319215
2012-04-24,EEM,0.00216779
2012-04-24,GLD,0.00144588
2012-04-24,HYG,0.00232953
2012-04-24,SPY,0.00380116
2012-04-24,TLT,-0.00703828
2012-04-24,UUP,-0.00272723
2012-04-25,EEM,0.0091322
2012-04-25,GLD,0.00200874
2012-04-25,HYG,0.0073061
2012-04-25,SPY,0.01369185
2012-04-25,TLT,-0.00512399
2012-04-25,UUP,-0.0022791
2012-04-26,EEM,0.00619177
2012-04-26,GLD,0.0088335
2012-04-26,HYG,0.00065889
2012-04-26,SPY,0.00696887
2012-04-26,TLT,0.00600948
2012-04-26,UUP,-0.00137041
2012-04-27,EEM,0.00142041
2012-04-27,GLD,0.00217355
2012-04-27,HYG,-0.00043882
2012-04-27,SPY,0.00164093
2012-04-27,TLT,0.00085319
2012-04-27,UUP,-0.00182976
2012-04-30,EEM,-0.00212756
2012-04-30,GLD,0.00309828
2012-04-30,HYG,0.00197798
2012-04-30,SPY,-0.00370362
2012-04-30,TLT,0.00025522
2012-04-30,UUP,-0.00045851
2012-05-01,EEM,0.00663232
2012-05-01,GLD,-0.00345934
2012-05-01,HYG,0.00076075
2012-05-01,SPY,0.00622014
2012-05-01,TLT,-0.00518627
2012-05-01,UUP,0.00091714
2012-05-02,EEM,-0.00188259
2012-05-02,GLD,-0.00452524
2012-05-02,HYG,0.00385643
2012-05-02,SPY,-0.00298426
2012-05-02,TLT,0.00704335
2012-05-02,UUP,0.00320667
2012-05-03,EEM,-0.0075436
2012-05-03,GLD,-0.01008777
2012-05-03,HYG,-0.0006589
2012-05-03,SPY,-0.00762565
2012-05-03,TLT,-0.00025615
2012-05-03,UUP,0.00091305
2012-05-04,EEM,-0.01757694
2012-05-04,GLD,0.00314525
2012-05-04,HYG,-0.00197691
2012-05-04,SPY,-0.01615803
2012-05-04,TLT,0.00784894
2012-05-04,UUP,0.00410593
2012-05-07,EEM,0.00362665
2012-05-07,GLD,-0.0024456
2012-05-07,HYG,0.00165078
2012-05-07,SPY,0.00073003
2012-05-07,TLT,0.00016864
2012-05-07,UUP,0.00136294
2012-05-08,EEM,-0.01589971
2012-05-08,GLD,-0.01936134
2012-05-08,HYG,-0.00022007
2012-05-08,SPY,-0.00401176
2012-05-08,TLT,0.00533199
2012-05-08,UUP,0.00226876
2012-05-09,EEM,-0.01297441
2012-05-09,GLD,-0.00980768
2012-05-09,HYG,-0.00351641
2012-05-09,SPY,-0.00593209
2012-05-09,TLT,0.00067291
2012-05-09,UUP,0.00407412
2012-05-10,EEM,0.00421624
2012-05-10,GLD,0.00194214
2012-05-10,HYG,-0.00110298
2012-05-10,SPY,0.00206291
2012-05-10,TLT,-0.00294401
2012-05-10,UUP,0.00090184
2012-05-11,EEM,-0.01284269
2012-05-11,GLD,-0.0078181
2012-05-11,HYG,0.00253941
2012-05-11,SPY,-0.00301417
2012-05-11,TLT,0.00826937
2012-05-11,UUP,0.00180174
2012-05-14,EEM,-0.02276748
2012-05-14,GLD,-0.01452198
2012-05-14,HYG,-0.00737808
2012-05-14,SPY,-0.0110613
2012-05-14,TLT,0.01397431
2012-05-14,UUP,0.0044964
2012-05-15,EEM,-0.00870423
2012-05-15,GLD,-0.01050682
2012-05-15,HYG,-0.00488093
2012-05-15,SPY,-0.00574124
2012-05-15,TLT,0.00404384
2012-05-15,UUP,0.00805747
2012-05-16,EEM,-0.01420468
2012-05-16,GLD,-0.0018699
2012-05-16,HYG,-0.00981113
2012-05-16,SPY,-0.00382504
2012-05-16,TLT,0.00287697
2012-05-16,UUP,0.00221999
2012-05-17,EEM,-0.01362321
2012-05-17,GLD,0.02234709
2012-05-17,HYG,-0.0138476
2012-05-17,SPY,-0.01483096
2012-05-17,TLT,0.01770367
2012-05-17,UUP,-0.00088615
2012-05-18,EEM,-0.00956149
2012-05-18,GLD,0.01145288
2012-05-18,HYG,0.0
2012-05-18,SPY,-0.00855883
2012-05-18,TLT,0.00024142
2012-05-18,UUP,-0.00399112
2012-05-21,EEM,0.02386657
2012-05-21,GLD,0.00064698
2012-05-21,HYG,0.01038903
2012-05-21,SPY,0.01718831
2012-05-21,TLT,-0.00209359
2012-05-21,UUP,-0.00311662
2012-05-22,EEM,-0.01047633
2012-05-22,GLD,-0.01661812
2012-05-22,HYG,-0.00011321
2012-05-22,SPY,0.00174306
2012-05-22,TLT,-0.01113468
2012-05-22,UUP,0.01027246
2012-05-23,EEM,-0.00688195
2012-05-23,GLD,-0.00302477
2012-05-23,HYG,-0.0010163
2012-05-23,SPY,0.00052959
2012-05-23,TLT,0.00693594
2012-05-23,UUP,0.00353677
2012-05-24,EEM,-0.0050643
2012-05-24,GLD,-0.00138499
2012-05-24,HYG,0.00022583
2012-05-24,SPY,0.00196549
2012-05-24,TLT,-0.00380909
2012-05-24,UUP,0.00396484
2012-05-25,EEM,-0.00482152
2012-05-25,GLD,0.00838775
2012-05-25,HYG,-0.00316641
2012-05-25,SPY,-0.00324471
2012-05-25,TLT,0.00374234
2012-05-25,UUP,0.00131619
2012-05-29,EEM,0.02826365
2012-05-29,GLD,-0.01087234
2012-05-29,HYG,0.01100483
2012-05-29,SPY,0.01211203
2012-05-29,TLT,-0.0030797
2012-05-29,UUP,-0.00087634
2012-05-30,EEM,-0.01727761
2012-05-30,GLD,0.00589325
2012-05-30,HYG,-0.00448881
2012-05-30,SPY,-0.01451005
2012-05-30,TLT,0.02536177
2012-05-30,UUP,0.00789471
2012-05-31,EEM,0.00426211
2012-05-31,GLD,-0.00190908
2012-05-31,HYG,-0.01059679
2012-05-31,SPY,-0.00220088
2012-05-31,TLT,0.01157409
2012-05-31,UUP,0.00043507
2012-06-01,EEM,-0.02679049
2012-06-01,GLD,0.0387812
2012-06-01,HYG,-0.00868941
2012-06-01,SPY,-0.02517699
2012-06-01,TLT,0.02374076
2012-06-01,UUP,-0.00304467
2012-06-04,EEM,0.00436085
2012-06-04,GLD,-0.00114281
2012-06-04,HYG,0.00080944
2012-06-04,SPY,-0.00046805
2012-06-04,TLT,-0.00790168
2012-06-04,UUP,-0.0043631
2012-06-05,EEM,0.00271393
2012-06-05,GLD,-0.00114422
2012-06-05,HYG,0.00635511
2012-06-05,SPY,0.00757203
2012-06-05,TLT,-0.01337674
2012-06-05,UUP,0.00350567
2012-06-06,EEM,0.0292286
2012-06-06,GLD,0.00044551
2012-06-06,HYG,0.01067884
2012-06-06,SPY,0.02246853
2012-06-06,TLT,-0.01998432
2012-06-06,UUP,-0.00829692
2012-06-07,EEM,0.00604787
2012-06-07,GLD,-0.01723813
2012-06-07,HYG,0.00374957
2012-06-07,SPY,0.00060635
2012-06-07,TLT,0.00152005
2012-06-07,UUP,0.00132093
2012-06-08,EEM,-0.00862516
2012-06-08,GLD,0.00148865
2012-06-08,HYG,0.00384799
2012-06-08,SPY,0.00795166
2012-06-08,TLT,-0.00023995
2012-06-08,UUP,0.00307824
2012-06-11,EEM,-0.01450033
2012-06-11,GLD,0.00407164
2012-06-11,HYG,-0.00653927
2012-06-11,SPY,-0.01269741
2012-06-11,TLT,0.00455249
2012-06-11,UUP,0.00131534
2012-06-12,EEM,0.02086679
2012-06-12,GLD,0.00708037
2012-06-12,HYG,0.00703634
2012-06-12,SPY,0.01149061
2012-06-12,TLT,-0.00914375
2012-06-12,UUP,-0.0035026
2012-06-13,EEM,-0.00366881
2012-06-13,GLD,0.00421826
2012-06-13,HYG,-0.0029301
2012-06-13,SPY,-0.00639473
2012-06-13,TLT,0.00986992
2012-06-13,UUP,-0.00307554
2012-06-14,EEM,0.00710137
2012-06-14,GLD,0.00400971
2012-06-14,HYG,0.0074596
2012-06-14,SPY,0.01060073
2012-06-14,TLT,-0.00127104
2012-06-14,UUP,-0.00396639
2012-06-15,EEM,0.01828197
2012-06-15,GLD,0.0005705
2012-06-15,HYG,0.00179577
2012-06-15,SPY,0.01022707
2012-06-15,TLT,0.00556868
2012-06-15,UUP,-0.00442497
2012-06-18,EEM,0.00205154
2012-06-18,GLD,0.00057017
2012-06-18,HYG,0.00033557
2012-06-18,SPY,0.00193842
2012-06-18,TLT,0.00537982
2012-06-18,UUP,0.00444464
2012-06-19,EEM,0.01612483
2012-06-19,GLD,-0.00487551
2012-06-19,HYG,0.00705324
2012-06-19,SPY,0.00967256
2012-06-19,TLT,-0.01306292
2012-06-19,UUP,-0.00752229
2012-06-20,EEM,-0.00327436
2012-06-20,GLD,-0.00757192
2012-06-20,HYG,0.00389117
2012-06-20,SPY,-0.00162124
2012-06-20,TLT,0.00494418
2012-06-20,UUP,0.00133742
2012-06-21,EEM,-0.03662229
2012-06-21,GLD,-0.02532536
2012-06-21,HYG,-0.00819518
2012-06-21,SPY,-0.02243864
2012-06-21,TLT,0.00531532
2012-06-21,UUP,0.01068579
2012-06-22,EEM,0.00318538
2012-06-22,GLD,0.00407838
2012-06-22,HYG,0.00681124
2012-06-22,SPY,0.00770132
2012-06-22,TLT,-0.01333788
2012-06-22,UUP,-0.00220269
2012-06-25,EEM,-0.01852329
2012-06-25,GLD,0.00733749
2012-06-25,HYG,-0.00155272
2012-06-25,SPY,-0.01603448
2012-06-25,TLT,0.01455747
2012-06-25,UUP,0.00309047
2012-06-26,EEM,0.00862769
2012-06-26,GLD,-0.00741415
2012-06-26,HYG,-0.00144334
2012-06-26,SPY,0.00502563
2012-06-26,TLT,-0.00394193
2012-06-26,UUP,-0.0017605
2012-06-27,EEM,0.00641552
2012-06-27,GLD,0.00137601
2012-06-27,HYG,0.00600655
2012-06-27,SPY,0.0090163
2012-06-27,TLT,0.00158357
2012-06-27,UUP,0.00308629
2012-06-28,EEM,-0.00478092
2012-06-28,GLD,-0.01164692
2012-06-28,HYG,-0.00011092
2012-06-28,SPY,-0.0028531
2012-06-28,TLT,0.00244958
2012-06-28,UUP,0.00131881
2012-06-29,EEM,0.04430193
2012-06-29,GLD,0.02740814
2012-06-29,HYG,0.00951098
2012-06-29,SPY,0.02492615
2012-06-29,TLT,-0.01300689
2012-06-29,UUP,-0.01360852
2012-07-02,EEM,0.0
2012-07-02,GLD,-0.00064441
2012-07-02,HYG,0.00107932
2012-07-02,SPY,0.00301285
2012-07-02,TLT,0.01031714
2012-07-02,UUP,0.00222544
2012-07-03,EEM,0.01993367
2012-07-03,GLD,0.01528152
2012-07-03,HYG,0.00363185
2012-07-03,SPY,0.0065929
2012-07-03,TLT,-0.00768466
2012-07-03,UUP,-0.00088832
2012-07-05,EEM,-0.01052371
2012-07-05,GLD,-0.01130455
2012-07-05,HYG,0.00010974
2012-07-05,SPY,-0.00451216
2012-07-05,TLT,0.00510956
2012-07-05,UUP,0.01333342
2012-07-06,EEM,-0.01823243
2012-07-06,GLD,-0.01265407
2012-07-06,HYG,-0.00131634
2012-07-06,SPY,-0.0095037
2012-07-06,TLT,0.00929324
2012-07-06,UUP,0.00657879
2012-07-09,EEM,-0.00361103
2012-07-09,GLD,0.00214681
2012-07-09,HYG,0.00032889
2012-07-09,SPY,-0.00125455
2012-07-09,TLT,0.00881471
2012-07-09,UUP,-0.00305008
2012-07-10,EEM,-0.01113132
2012-07-10,GLD,-0.01226954
2012-07-10,HYG,-0.00438901
2012-07-10,SPY,-0.00872004
2012-07-10,TLT,0.00202964
2012-07-10,UUP,0.00349658
2012-07-11,EEM,0.00523574
2012-07-11,GLD,0.00552094
2012-07-11,HYG,0.00319586
2012-07-11,SPY,0.00014909
2012-07-11,TLT,0.00124504
2012-07-11,UUP,0.0008711
2012-07-12,EEM,-0.01666666
2012-07-12,GLD,-0.00261461
2012-07-12,HYG,-0.00219716
2012-07-12,SPY,-0.00484497
2012-07-12,TLT,0.00707616
2012-07-12,UUP,0.00217575
2012-07-13,EEM,0.01933237
2012-07-13,GLD,0.01015796
2012-07-13,HYG,0.00308339
2012-07-13,SPY,0.01677782
2012-07-13,TLT,-0.00262499
2012-07-13,UUP,-0.00434206
2012-07-16,EEM,-0.00233802
2012-07-16,GLD,0.00045418
2012-07-16,HYG,-0.00384237
2012-07-16,SPY,-0.00235726
2012-07-16,TLT,0.00464493
2012-07-16,UUP,-0.00305293
2012-07-17,EEM,0.01328123
2012-07-17,GLD,-0.00479869
2012-07-17,HYG,0.00473854
2012-07-17,SPY,0.00686695
2012-07-17,TLT,-0.00786033
2012-07-17,UUP,-0.00087481
2012-07-18,EEM,-0.00257003
2012-07-18,GLD,-0.00273668
2012-07-18,HYG,0.00416859
2012-07-18,SPY,0.00740642
2012-07-18,TLT,0.00054375
2012-07-18,UUP,-0.00087568
2012-07-19,EEM,0.00927584
2012-07-19,GLD,0.00215617
2012-07-19,HYG,0.00251215
2012-07-19,SPY,0.00262099
2012-07-19,TLT,-0.00256222
2012-07-19,UUP,-0.00043832
2012-07-20,EEM,-0.01480717
2012-07-20,GLD,0.00189069
2012-07-20,HYG,-0.00468511
2012-07-20,SPY,-0.00914822
2012-07-20,TLT,0.01221894
2012-07-20,UUP,0.00745303
2012-07-23,EEM,-0.02617264
2012-07-23,GLD,-0.00416476
2012-07-23,HYG,-0.00164155
2012-07-23,SPY,-0.01011217
2012-07-23,TLT,0.00561281
2012-07-23,UUP,0.00130571
2012-07-24,EEM,-0.00425787
2012-07-24,GLD,0.00320202
2012-07-24,HYG,-0.00614122
2012-07-24,SPY,-0.0085867
2012-07-24,TLT,0.00787558
2012-07-24,UUP,0.00391103
2012-07-25,EEM,0.00481058
2012-07-25,GLD,0.01400465
2012-07-25,HYG,-0.0020958
2012-07-25,SPY,0.00022388
2012-07-25,TLT,0.00257865
2012-07-25,UUP,-0.00519472
2012-07-26,EEM,0.0226065
2012-07-26,GLD,0.00706627
2012-07-26,HYG,0.01028135
2012-07-26,SPY,0.01649705
2012-07-26,TLT,-0.00915475
2012-07-26,UUP,-0.01000882
2012-07-27,EEM,0.02808821
2012-07-27,GLD,0.00491158
2012-07-27,HYG,0.00591
2012-07-27,SPY,0.01843272
2012-07-27,TLT,-0.01886229
2012-07-27,UUP,-0.00043957
2012-07-30,EEM,-0.00581824
2012-07-30,GLD,-0.00069824
2012-07-30,HYG,0.0
2012-07-30,SPY,0.0
2012-07-30,TLT,0.00747174
2012-07-30,UUP,0.00131939
2012-07-31,EEM,-0.00458019
2012-07-31,GLD,-0.00597083
2012-07-31,HYG,-0.00239423
2012-07-31,SPY,-0.00699423
2012-07-31,TLT,0.00200927
2012-07-31,UUP,-0.0026351
2012-08-01,EEM,0.00178916
2012-08-01,GLD,-0.00862679
2012-08-01,HYG,0.00542847
2012-08-01,SPY,-0.00087108
2012-08-01,TLT,-0.00499907
2012-08-01,UUP,0.00704561
2012-08-02,EEM,-0.01173731
2012-08-02,GLD,-0.00651021
2012-08-02,HYG,-0.00403474
2012-08-02,SPY,-0.00690457
2012-08-02,TLT,0.0056683
2012-08-02,UUP,0.00174895
2012-08-03,EEM,0.03098381
2012-08-03,GLD,0.00921299
2012-08-03,HYG,0.00415999
2012-08-03,SPY,0.0198331
2012-08-03,TLT,-0.01613762
2012-08-03,UUP,-0.0122219
2012-08-06,EEM,0.00626086
2012-08-06,GLD,0.0048216
2012-08-06,HYG,-0.000654
2012-08-06,SPY,0.00193788
2012-08-06,TLT,0.00039209
2012-08-06,UUP,-0.0013255
2012-08-07,EEM,0.0027376
2012-08-07,GLD,-0.00012799
2012-08-07,HYG,-0.00196426
2012-08-07,SPY,0.00501342
2012-08-07,TLT,-0.01286574
2012-08-07,UUP,0.0
2012-08-08,EEM,0.00198545
2012-08-08,GLD,0.00127973
2012-08-08,HYG,0.00065652
2012-08-08,SPY,0.00121109
2012-08-08,TLT,-0.00532457
2012-08-08,UUP,0.00176965
2012-08-09,EEM,0.00421124
2012-08-09,GLD,0.00325926
2012-08-09,HYG,0.00010902
2012-08-09,SPY,0.00085433
2012-08-09,TLT,-0.00071908
2012-08-09,UUP,0.00353365
2012-08-10,EEM,0.00468643
2012-08-10,GLD,0.00121019
2012-08-10,HYG,-0.00087341
2012-08-10,SPY,0.00163626
2012-08-10,TLT,0.00503689
2012-08-10,UUP,-0.0017605
2012-08-13,EEM,-0.00883859
2012-08-13,GLD,-0.00757086
2012-08-13,HYG,0.00054641
2012-08-13,SPY,-0.00049717
2012-08-13,TLT,-0.0016704
2012-08-13,UUP,-0.00132278
2012-08-14,EEM,-0.00024763
2012-08-14,GLD,-0.00551318
2012-08-14,HYG,0.00152957
2012-08-14,SPY,0.00014165
2012-08-14,TLT,-0.01354692
2012-08-14,UUP,0.00044161
2012-08-15,EEM,-0.00148657
2012-08-15,GLD,0.0032231
2012-08-15,HYG,-0.00480061
2012-08-15,SPY,0.00113675
2012-08-15,TLT,-0.01405549
2012-08-15,UUP,0.00264769
2012-08-16,EEM,0.00918107
2012-08-16,GLD,0.00597566
2012-08-16,HYG,0.00372749
2012-08-16,SPY,0.00737823
2012-08-16,TLT,-0.00852148
2012-08-16,UUP,-0.0035212
2012-08-17,EEM,-0.00491738
2012-08-17,GLD,0.001022
2012-08-17,HYG,0.0
2012-08-17,SPY,0.00133831
2012-08-17,TLT,0.00487519
2012-08-17,UUP,0.00176692
2012-08-20,EEM,-0.00049447
2012-08-20,GLD,0.00344559
2012-08-20,HYG,0.00120209
2012-08-20,SPY,7.043e-05
2012-08-20,TLT,0.00205645
2012-08-20,UUP,-0.00132278
2012-08-21,EEM,-0.00148339
2012-08-21,GLD,0.00998351
2012-08-21,HYG,0.00218204
2012-08-21,SPY,-0.00302439
2012-08-21,TLT,0.00443147
2012-08-21,UUP,-0.00662256
2012-08-22,EEM,0.00049507
2012-08-22,GLD,0.01076617
2012-08-22,HYG,-0.0009797
2012-08-22,SPY,0.00042317
2012-08-22,TLT,0.01650478
2012-08-22,UUP,-0.00488889
2012-08-23,EEM,-0.00915564
2012-08-23,GLD,0.00840916
2012-08-23,HYG,-0.00021818
2012-08-23,SPY,-0.00817943
2012-08-23,TLT,0.0041796
2012-08-23,UUP,-0.00178645
2012-08-24,EEM,0.0002496
2012-08-24,GLD,0.00049417
2012-08-24,HYG,0.00446927
2012-08-24,SPY,0.00604297
2012-08-24,TLT,-0.00096102
2012-08-24,UUP,0.00313206
2012-08-27,EEM,-0.01023744
2012-08-27,GLD,-0.00376613
2012-08-27,HYG,-0.00076006
2012-08-27,SPY,0.00021203
2012-08-27,TLT,0.0058497
2012-08-27,UUP,0.00089208
2012-08-28,EEM,-0.00201801
2012-08-28,GLD,0.00173524
2012-08-28,HYG,-0.00086792
2012-08-28,SPY,-0.00098867
2012-08-28,TLT,0.00238888
2012-08-28,UUP,-0.00401078
2012-08-29,EEM,-0.00480305
2012-08-29,GLD,-0.00649594
2012-08-29,HYG,0.00141227
2012-08-29,SPY,0.00077746
2012-08-29,TLT,-0.00437026
2012-08-29,UUP,0.00178965
2012-08-30,EEM,-0.01168378
2012-08-30,GLD,-0.00043584
2012-08-30,HYG,-0.00043381
2012-08-30,SPY,-0.00720806
2012-08-30,TLT,0.00518787
2012-08-30,UUP,0.00223329
2012-08-31,EEM,0.00950892
2012-08-31,GLD,0.02305007
2012-08-31,HYG,0.00260606
2012-08-31,SPY,0.00476923
2012-08-31,TLT,0.01413391
2012-08-31,UUP,-0.00623899
2012-09-04,EEM,-0.00560091
2012-09-04,GLD,0.00158321
2012-09-04,HYG,-2.209e-05
2012-09-04,SPY,-0.00092115
2012-09-04,TLT,-0.00100402
2012-09-04,UUP,0.00134522
2012-09-05,EEM,-0.00512007
2012-09-05,GLD,-0.00103355
2012-09-05,HYG,0.00010851
2012-09-05,SPY,-0.00085058
2012-09-05,TLT,-0.0047125
2012-09-05,UUP,-0.00089537
2012-09-06,EEM,0.02213061
2012-09-06,GLD,0.00352992
2012-09-06,HYG,0.00588123
2012-09-06,SPY,0.02029688
2012-09-06,TLT,-0.01665133
2012-09-06,UUP,-0.00268954
2012-09-07,EEM,0.0231623
2012-09-07,GLD,0.02152952
2012-09-07,HYG,0.00173102
2012-09-07,SPY,0.00389476
2012-09-07,TLT,-0.00465454
2012-09-07,UUP,-0.01078655
2012-09-10,EEM,-0.01279569
2012-09-10,GLD,-0.00682741
2012-09-10,HYG,-0.00162
2012-09-10,SPY,-0.00568135
2012-09-10,TLT,0.00241784
2012-09-10,UUP,0.00318034
2012-09-11,EEM,0.01196441
2012-09-11,GLD,0.00364637
2012-09-11,HYG,0.00681979
2012-09-11,SPY,0.00278723
2012-09-11,TLT,-0.00627306
2012-09-11,UUP,-0.00769924
2012-09-12,EEM,0.00443341
2012-09-12,GLD,0.00011914
2012-09-12,HYG,0.00301025
2012-09-12,SPY,0.00333557
2012-09-12,TLT,-0.01246387
2012-09-12,UUP,-0.00091284
2012-09-13,EEM,0.02697402
2012-09-13,GLD,0.02018818
2012-09-13,HYG,0.00643094
2012-09-13,SPY,0.01523636
2012-09-13,TLT,-0.00393447
2012-09-13,UUP,-0.00639565
2012-09-14,EEM,0.01170037
2012-09-14,GLD,0.00286034
2012-09-14,HYG,-0.00010586
2012-09-14,SPY,0.00443414
2012-09-14,TLT,-0.02657841
2012-09-14,UUP,-0.00505758
2012-09-17,EEM,-0.01085681
2012-09-17,GLD,-0.00814906
2012-09-17,HYG,-0.0008525
2012-09-17,SPY,-0.00339589
2012-09-17,TLT,0.01200428
2012-09-17,UUP,0.00138656
2012-09-18,EEM,0.00047687
2012-09-18,GLD,0.00774652
2012-09-18,HYG,0.00042679
2012-09-18,SPY,-0.00081774
2012-09-18,TLT,0.00501147
2012-09-18,UUP,0.00323024
2012-09-19,EEM,0.0
2012-09-19,GLD,0.00011649
2012-09-19,HYG,-0.0012786
2012-09-19,SPY,0.00054548
2012-09-19,TLT,0.00656592
2012-09-19,UUP,-0.00321984
2012-09-20,EEM,-0.00596211
2012-09-20,GLD,-0.00157217
2012-09-20,HYG,-0.00469457
2012-09-20,SPY,6.826e-05
2012-09-20,TLT,0.00247679
2012-09-20,UUP,0.00461446
2012-09-21,EEM,0.00239936
2012-09-21,GLD,0.00285767
2012-09-21,HYG,-0.00139439
2012-09-21,SPY,-0.00041799
2012-09-21,TLT,0.00115304
2012-09-21,UUP,-0.00091861
2012-09-24,EEM,-0.00095757
2012-09-24,GLD,-0.00529195
2012-09-24,HYG,-0.00128789
2012-09-24,SPY,-0.00150837
2012-09-24,TLT,0.00781615
2012-09-24,UUP,0.0022989
2012-09-25,EEM,-0.01485358
2012-09-25,GLD,-0.00163694
2012-09-25,HYG,-0.00892233
2012-09-25,SPY,-0.01064157
2012-09-25,TLT,0.0098776
2012-09-25,UUP,0.00183469
2012-09-26,EEM,-0.00462114
2012-09-26,GLD,-0.00562164
2012-09-26,HYG,-0.00498845
2012-09-26,SPY,-0.00562123
2012-09-26,TLT,0.01075125
2012-09-26,UUP,0.00183154
2012-09-27,EEM,0.01588126
2012-09-27,GLD,0.014899
2012-09-27,HYG,0.01090009
2012-09-27,SPY,0.00942141
2012-09-27,TLT,-0.00711783
2012-09-27,UUP,-0.00274198
2012-09-28,EEM,-0.0060126
2012-09-28,GLD,-0.0026111
2012-09-28,HYG,-0.00474436
2012-09-28,SPY,-0.00463207
2012-09-28,TLT,0.00056398
2012-09-28,UUP,0.00458274
2012-10-01,EEM,0.00992002
2012-10-01,GLD,0.00232703
2012-10-01,HYG,-0.00168829
2012-10-01,SPY,0.00263887
2012-10-01,TLT,0.00370999
2012-10-01,UUP,-0.00228076
2012-10-02,EEM,0.00143779
2012-10-02,GLD,-0.00110272
2012-10-02,HYG,0.00250904
2012-10-02,SPY,0.0010398
2012-10-02,TLT,-0.00136601
2012-10-02,UUP,-0.00091462
2012-10-03,EEM,-0.00669885
2012-10-03,GLD,0.00180126
2012-10-03,HYG,0.00250355
2012-10-03,SPY,0.00408313
2012-10-03,TLT,0.00032189
2012-10-03,UUP,0.00274595
2012-10-04,EEM,0.01035653
2012-10-04,GLD,0.00696014
2012-10-04,HYG,0.00423366
2012-10-04,SPY,0.00716788
2012-10-04,TLT,-0.01247059
2012-10-04,UUP,-0.00684613
2012-10-05,EEM,0.0
2012-10-05,GLD,-0.00570247
2012-10-05,HYG,-0.00054084
2012-10-05,SPY,6.843e-05
2012-10-05,TLT,-0.01295419
2012-10-05,UUP,0.0
2012-10-08,EEM,-0.0088199
2012-10-08,GLD,-0.003302
2012-10-08,HYG,-0.00140638
2012-10-08,SPY,-0.0034214
2012-10-08,TLT,0.00841935
2012-10-08,UUP,0.00229763
2012-10-09,EEM,-0.00745586
2012-10-09,GLD,-0.00616099
2012-10-09,HYG,-0.00281558
2012-10-09,SPY,-0.00988748
2012-10-09,TLT,-0.00180079
2012-10-09,UUP,0.00641921
2012-10-10,EEM,-0.00605758
2012-10-10,GLD,-0.0008773
2012-10-10,HYG,-0.00238943
2012-10-10,SPY,-0.00637989
2012-10-10,TLT,0.00705145
2012-10-10,UUP,-0.00227785
2012-10-11,EEM,0.00926419
2012-10-11,GLD,0.00280971
2012-10-11,HYG,0.0054432
2012-10-11,SPY,0.00055848
2012-10-11,TLT,0.00692181
2012-10-11,UUP,-0.00182652
2012-10-12,EEM,-0.0031406
2012-10-12,GLD,-0.00735471
2012-10-12,HYG,0.00173326
2012-10-12,SPY,-0.00327876
2012-10-12,TLT,0.00250712
2012-10-12,UUP,-0.0013724
2012-10-15,EEM,0.00581554
2012-10-15,GLD,-0.01005522
2012-10-15,HYG,0.00453984
2012-10-15,SPY,0.00832772
2012-10-15,TLT,-0.00225939
2012-10-15,UUP,0.00045789
2012-10-16,EEM,0.01035896
2012-10-16,GLD,0.00635576
2012-10-16,HYG,0.0036581
2012-10-16,SPY,0.01013362
2012-10-16,TLT,-0.01382391
2012-10-16,UUP,-0.00412076
2012-10-17,EEM,0.00786845
2012-10-17,GLD,0.00070827
2012-10-17,HYG,0.00225156
2012-10-17,SPY,0.00453505
2012-10-17,TLT,-0.00926441
2012-10-17,UUP,-0.00505758
2012-10-18,EEM,-0.00283916
2012-10-18,GLD,-0.00442373
2012-10-18,HYG,-0.00053375
2012-10-18,SPY,-0.00259955
2012-10-18,TLT,-0.00612328
2012-10-18,UUP,0.00415906
2012-10-19,EEM,-0.01542116
2012-10-19,GLD,-0.01078258
2012-10-19,HYG,-0.00503134
2012-10-19,SPY,-0.01666426
2012-10-19,TLT,0.01357064
2012-10-19,UUP,0.00368152
2012-10-22,EEM,0.00963856
2012-10-22,GLD,0.00365335
2012-10-22,HYG,0.00021471
2012-10-22,SPY,0.00013934
2012-10-22,TLT,-0.00640685
2012-10-22,UUP,0.0
2012-10-23,EEM,-0.02052484
2012-10-23,GLD,-0.01282975
2012-10-23,HYG,-0.00376421
2012-10-23,SPY,-0.01387601
2012-10-23,TLT,0.01430207
2012-10-23,UUP,0.00458515
2012-10-24,EEM,0.00097502
2012-10-24,GLD,-0.00344552
2012-10-24,HYG,-0.0008634
2012-10-24,SPY,-0.00282808
2012-10-24,TLT,-0.00986221
2012-10-24,UUP,0.0
2012-10-25,EEM,0.01095377
2012-10-25,GLD,0.0070363
2012-10-25,HYG,0.00162059
2012-10-25,SPY,0.00290674
2012-10-25,TLT,-0.00510338
2012-10-25,UUP,0.00091274
2012-10-26,EEM,-0.00770543
2012-10-26,GLD,-0.00054217
2012-10-26,HYG,-0.00237275
2012-10-26,SPY,-0.00056537
2012-10-26,TLT,0.01472768
2012-10-26,UUP,0.0
2012-10-31,EEM,-0.00145553
2012-10-31,GLD,0.00542403
2012-10-31,HYG,0.00118929
2012-10-31,SPY,0.0
2012-10-31,TLT,0.00587039
2012-10-31,UUP,-0.00182392
2012-11-01,EEM,0.01628177
2012-11-01,GLD,-0.0045555
2012-11-01,HYG,-0.00053993
2012-11-01,SPY,0.01047021
2012-11-01,TLT,-0.00818678
2012-11-01,UUP,0.00137041
2012-11-02,EEM,-0.00526067
2012-11-02,GLD,-0.02089481
2012-11-02,HYG,-0.00140403
2012-11-02,SPY,-0.00889166
2012-11-02,TLT,-0.00073563
2012-11-02,UUP,0.00684321
2012-11-05,EEM,0.00480794
2012-11-05,GLD,0.00387447
2012-11-05,HYG,-0.00162392
2012-11-05,SPY,0.00204913
2012-11-05,TLT,0.00564361
2012-11-05,UUP,0.00226546
2012-11-06,EEM,0.00789456
2012-11-06,GLD,0.01880786
2012-11-06,HYG,0.00151764
2012-11-06,SPY,0.00782508
2012-11-06,TLT,-0.00943442
2012-11-06,UUP,-0.00135616
2012-11-07,EEM,-0.01637802
2012-11-07,GLD,0.00114253
2012-11-07,HYG,-0.00595254
2012-11-07,SPY,-0.02266389
2012-11-07,TLT,0.01814516
2012-11-07,UUP,0.00181061
2012-11-08,EEM,-0.01254811
2012-11-08,GLD,0.00900955
2012-11-08,HYG,-0.00326615
2012-11-08,SPY,-0.01202412
2012-11-08,TLT,0.01483919
2012-11-08,UUP,0.0
2012-11-09,EEM,0.00195476
2012-11-09,GLD,-0.00101195
2012-11-09,HYG,-0.00174823
2012-11-09,SPY,0.00086916
2012-11-09,TLT,0.00111264
2012-11-09,UUP,0.00225943
2012-11-12,EEM,0.00365888
2012-11-12,GLD,-0.0022048
2012-11-12,HYG,0.00032844
2012-11-12,SPY,0.00079638
2012-11-12,TLT,0.00166719
2012-11-12,UUP,0.00045087
2012-11-13,EEM,-0.00899174
2012-11-13,GLD,-0.00209012
2012-11-13,HYG,-0.00229685
2012-11-13,SPY,-0.00347185
2012-11-13,TLT,0.00332821
2012-11-13,UUP,0.00090133
2012-11-14,EEM,-0.01544832
2012-11-14,GLD,0.00023934
2012-11-14,HYG,-0.00548174
2012-11-14,SPY,-0.01349865
2012-11-14,TLT,0.00094757
2012-11-14,UUP,-0.00045015
2012-11-15,EEM,0.00348665
2012-11-15,GLD,-0.00628218
2012-11-15,HYG,-0.00044097
2012-11-15,SPY,-0.00169181
2012-11-15,TLT,-0.00197309
2012-11-15,UUP,0.0
2012-11-16,EEM,0.00297811
2012-11-16,GLD,-0.00126432
2012-11-16,HYG,0.00286749
2012-11-16,SPY,0.00493731
2012-11-16,TLT,-0.00086918
2012-11-16,UUP,0.00180174
2012-11-19,EEM,0.01757035
2012-11-19,GLD,0.01199656
2012-11-19,HYG,0.0126468
2012-11-19,SPY,0.02023918
2012-11-19,TLT,-0.00561893
2012-11-19,UUP,-0.0044965
2012-11-20,EEM,-0.00194575
2012-11-20,GLD,-0.00285933
2012-11-20,HYG,0.00010913
2012-11-20,SPY,0.00043111
2012-11-20,TLT,-0.01002709
2012-11-20,UUP,-0.00045168
2012-11-21,EEM,-0.00194942
2012-11-21,GLD,0.00101558
2012-11-21,HYG,-0.00032674
2012-11-21,SPY,0.00186807
2012-11-21,TLT,-0.0005624
2012-11-21,UUP,0.00045189
2012-11-23,EEM,0.01635736
2012-11-23,GLD,0.01223444
2012-11-23,HYG,0.0033682
2012-11-23,SPY,0.01362494
2012-11-23,TLT,-0.00096531
2012-11-23,UUP,-0.00948509
2012-11-26,EEM,0.0
2012-11-26,GLD,-0.0010613
2012-11-26,HYG,0.00021679
2012-11-26,SPY,-0.0021225
2012-11-26,TLT,0.00475049
2012-11-26,UUP,0.00045621
2012-11-27,EEM,-0.0084075
2012-11-27,GLD,-0.00424946
2012-11-27,HYG,0.00097379
2012-11-27,SPY,-0.00510458
2012-11-27,TLT,0.00392578
2012-11-27,UUP,0.00319038
2012-11-28,EEM,0.00557197
2012-11-28,GLD,-0.01280306
2012-11-28,HYG,0.000216
2012-11-28,SPY,0.00805263
2012-11-28,TLT,-0.00143583
2012-11-28,UUP,-0.0018174
2012-11-29,EEM,0.00722736
2012-11-29,GLD,0.00378259
2012-11-29,HYG,0.00443196
2012-11-29,SPY,0.00466523
2012-11-29,TLT,0.00015966
2012-11-29,UUP,-0.00136532
2012-11-30,EEM,-0.00047875
2012-11-30,GLD,-0.00675912
2012-11-30,HYG,0.00150764
2012-11-30,SPY,0.00021109
2012-11-30,TLT,-0.00271733
2012-11-30,UUP,-0.0009118
2012-12-03,EEM,-0.00047818
2012-12-03,GLD,0.00048179
2012-12-03,HYG,0.00506713
2012-12-03,SPY,-0.00492446
2012-12-03,TLT,0.00092325
2012-12-03,UUP,-0.00319329
2012-12-04,EEM,0.00287247
2012-12-04,GLD,-0.01029318
2012-12-04,HYG,0.0
2012-12-04,SPY,-0.0014135
2012-12-04,TLT,0.00577587
2012-12-04,UUP,-0.00320363
2012-12-05,EEM,0.01074289
2012-12-05,GLD,-0.00182461
2012-12-05,HYG,0.00161207
2012-12-05,SPY,0.00177017
2012-12-05,TLT,-0.00047898
2012-12-05,UUP,0.00229563
2012-12-06,EEM,0.00755795
2012-12-06,GLD,0.00231541
2012-12-06,HYG,0.0018242
2012-12-06,SPY,0.00339178
2012-12-06,TLT,0.00215432
2012-12-06,UUP,0.00549704
2012-12-07,EEM,0.00304687
2012-12-07,GLD,0.00401218
2012-12-07,HYG,-0.00149999
2012-12-07,SPY,0.00302924
2012-12-07,TLT,-0.00923576
2012-12-07,UUP,0.00182226
2012-12-10,EEM,0.00560902
2012-12-10,GLD,0.00387503
2012-12-10,HYG,0.00085836
2012-12-10,SPY,0.00042063
2012-12-10,TLT,0.00441988
2012-12-10,UUP,-0.00136418
2012-12-11,EEM,0.0051125
2012-12-11,GLD,-0.00090476
2012-12-11,HYG,0.00096443
2012-12-11,SPY,0.00680872
2012-12-11,TLT,-0.00760098
2012-12-11,UUP,-0.00364317
2012-12-12,EEM,0.00300567
2012-12-12,GLD,0.00072448
2012-12-12,HYG,0.00299849
2012-12-12,SPY,0.00048787
2012-12-12,TLT,-0.01161087
2012-12-12,UUP,-0.00182819
2012-12-13,EEM,-0.0043798
2012-12-13,GLD,-0.00844549
2012-12-13,HYG,-0.00352256
2012-12-13,SPY,-0.00613164
2012-12-13,TLT,0.00073422
2012-12-13,UUP,0.00091598
2012-12-14,EEM,0.00439907
2012-12-14,GLD,-0.00146006
2012-12-14,HYG,-0.0007505
2012-12-14,SPY,-0.00371661
2012-12-14,TLT,0.0074996
2012-12-14,UUP,-0.00503213
2012-12-17,EEM,0.00253577
2012-12-17,GLD,0.00188873
2012-12-17,HYG,0.0038606
2012-12-17,SPY,0.01175284
2012-12-17,TLT,-0.01496751
2012-12-17,UUP,0.0
2012-12-18,EEM,0.00698645
2012-12-18,GLD,-0.01435174
2012-12-18,HYG,0.00053368
2012-12-18,SPY,0.01112856
2012-12-18,TLT,-0.0101847
2012-12-18,UUP,-0.00321836
2012-12-19,EEM,-0.00045959
2012-12-19,GLD,-0.00240622
2012-12-19,HYG,-0.00106732
2012-12-19,SPY,-0.00742917
2012-12-19,TLT,0.00331955
2012-12-19,UUP,-0.00046116
2012-12-20,EEM,0.00597578
2012-12-20,GLD,-0.012122
2012-12-20,HYG,0.00352646
2012-12-20,SPY,0.00575258
2012-12-20,TLT,0.00016506
2012-12-20,UUP,-0.00092295
2012-12-21,EEM,-0.01142303
2012-12-21,GLD,0.00375638
2012-12-21,HYG,-0.00287509
2012-12-21,SPY,-0.00907737
2012-12-21,TLT,0.01091465
2012-12-21,UUP,0.00508084
2012-12-24,EEM,-0.00208005
2012-12-24,GLD,0.00180873
2012-12-24,HYG,-0.00363165
2012-12-24,SPY,-0.0030813
2012-12-24,TLT,-0.00179941
2012-12-24,UUP,0.0
2012-12-26,EEM,0.00301067
2012-12-26,GLD,0.00099616
2012-12-26,HYG,0.00242511
2012-12-26,SPY,-0.00421507
2012-12-26,TLT,0.00359716
2012-12-26,UUP,0.0
2012-12-27,EEM,0.00563509
2012-12-27,GLD,0.00236351
2012-12-27,HYG,0.00204298
2012-12-27,SPY,-0.00134051
2012-12-27,TLT,0.00335572
2012-12-27,UUP,0.0
2012-12-28,EEM,0.00367517
2012-12-28,GLD,-0.00384717
2012-12-28,HYG,-0.00268246
2012-12-28,SPY,-0.01080796
2012-12-28,TLT,0.00570879
2012-12-28,UUP,0.00091914
2012-12-31,EEM,0.01487408
2012-12-31,GLD,0.00921896
2012-12-31,HYG,0.00430294
2012-12-31,SPY,0.01699614
2012-12-31,TLT,-0.01727289
2012-12-31,UUP,0.00137723
2013-01-02,EEM,0.01961651
2013-01-02,GLD,0.00709785
2013-01-02,HYG,0.00942711
2013-01-02,SPY,0.02563061
2013-01-02,TLT,-0.013369
2013-01-02,UUP,0.00045872
2013-01-03,EEM,-0.00707646
2013-01-03,GLD,-0.01207331
2013-01-03,HYG,-0.00307754
2013-01-03,SPY,-0.00225969
2013-01-03,TLT,-0.01355024
2013-01-03,UUP,0.00779087
2013-01-04,EEM,0.00200446
2013-01-04,GLD,-0.00471461
2013-01-04,HYG,0.00063883
2013-01-04,SPY,0.00439124
2013-01-04,TLT,0.00390072
2013-01-04,UUP,0.0
2013-01-07,EEM,-0.00755729
2013-01-07,GLD,-0.00629525
2013-01-07,HYG,0.00085072
2013-01-07,SPY,-0.00273228
2013-01-07,TLT,0.00042243
2013-01-07,UUP,-0.00318333
2013-01-08,EEM,-0.00895859
2013-01-08,GLD,0.00708778
2013-01-08,HYG,-0.00074415
2013-01-08,SPY,-0.00287759
2013-01-08,TLT,0.00658538
2013-01-08,UUP,0.00136875
2013-01-09,EEM,0.00429363
2013-01-09,GLD,-0.00043592
2013-01-09,HYG,0.00191549
2013-01-09,SPY,0.00254261
2013-01-09,TLT,-0.0009233
2013-01-09,UUP,0.00318903
2013-01-10,EEM,0.00877596
2013-01-10,GLD,0.00928401
2013-01-10,HYG,0.00169809
2013-01-10,SPY,0.00794945
2013-01-10,TLT,-0.00277
2013-01-10,UUP,-0.00999093
2013-01-11,EEM,-0.00803015
2013-01-11,GLD,-0.0056797
2013-01-11,HYG,0.00180211
2013-01-11,SPY,-6.803e-05
2013-01-11,TLT,0.00892318
2013-01-11,UUP,-0.00275225
2013-01-14,EEM,0.00427227
2013-01-14,GLD,0.00298023
2013-01-14,HYG,-0.00137492
2013-01-14,SPY,-0.00068006
2013-01-14,TLT,-0.00275341
2013-01-14,UUP,-0.00138008
2013-01-15,EEM,-0.0042541
2013-01-15,GLD,0.00631425
2013-01-15,HYG,0.00021159
2013-01-15,SPY,0.00068053
2013-01-15,TLT,0.0046018
2013-01-15,UUP,0.00276366
2013-01-16,EEM,-0.00089969
2013-01-16,GLD,0.00055362
2013-01-16,HYG,-0.00169481
2013-01-16,SPY,-0.00013608
2013-01-16,TLT,0.0020826
2013-01-16,UUP,0.00091882
2013-01-17,EEM,0.0056271
2013-01-17,GLD,0.00430379
2013-01-17,HYG,0.00360737
2013-01-17,SPY,0.00646007
2013-01-17,TLT,-0.00997417
2013-01-17,UUP,-0.00183574
2013-01-18,EEM,0.00223786
2013-01-18,GLD,-0.00159173
2013-01-18,HYG,0.00137416
2013-01-18,SPY,0.00223027
2013-01-18,TLT,0.0077234
2013-01-18,UUP,0.0045978
2013-01-22,EEM,-0.00156322
2013-01-22,GLD,0.00355633
2013-01-22,HYG,0.00063365
2013-01-22,SPY,0.00539325
2013-01-22,TLT,0.00191666
2013-01-22,UUP,-0.00091535
2013-01-23,EEM,-0.00536769
2013-01-23,GLD,-0.00281048
2013-01-23,HYG,-0.00116077
2013-01-23,SPY,0.00160948
2013-01-23,TLT,-0.00149657
2013-01-23,UUP,0.0
2013-01-24,EEM,-0.00359796
2013-01-24,GLD,-0.01096752
2013-01-24,HYG,0.0022182
2013-01-24,SPY,0.00026751
2013-01-24,TLT,-0.00349735
2013-01-24,UUP,0.0
2013-01-25,EEM,-0.00338522
2013-01-25,GLD,-0.00477019
2013-01-25,HYG,-0.00031638
2013-01-25,SPY,0.00562236
2013-01-25,TLT,-0.01370504
2013-01-25,UUP,-0.00229037
2013-01-28,EEM,-0.00702005
2013-01-28,GLD,-0.0022409
2013-01-28,HYG,-0.0005262
2013-01-28,SPY,-0.00119814
2013-01-28,TLT,-0.00364309
2013-01-28,UUP,0.00045904
2013-01-29,EEM,0.01117449
2013-01-29,GLD,0.00436716
2013-01-29,HYG,-0.00168818
2013-01-29,SPY,0.00393168
2013-01-29,TLT,-0.00552745
2013-01-29,UUP,-0.00275362
2013-01-30,EEM,-0.00473596
2013-01-30,GLD,0.00745386
2013-01-30,HYG,-0.00718509
2013-01-30,SPY,-0.00391629
2013-01-30,TLT,-0.00170943
2013-01-30,UUP,-0.00414183
2013-01-31,EEM,0.00203944
2013-01-31,GLD,-0.00610399
2013-01-31,HYG,-0.00308655
2013-01-31,SPY,-0.00246564
2013-01-31,TLT,0.00488194
2013-01-31,UUP,-0.00092392
2013-02-01,EEM,0.00655802
2013-02-01,GLD,0.00155087
2013-02-01,HYG,0.00331583
2013-02-01,SPY,0.01028731
2013-02-01,TLT,-0.01298453
2013-02-01,UUP,-0.00092519
2013-02-04,EEM,-0.01325543
2013-02-04,GLD,0.00340665
2013-02-04,HYG,-0.00417121
2013-02-04,SPY,-0.01124053
2013-02-04,TLT,0.01280935
2013-02-04,UUP,0.00509249
2013-02-05,EEM,0.00113858
2013-02-05,GLD,-0.00024687
2013-02-05,HYG,0.00225565
2013-02-05,SPY,0.01009783
2013-02-05,TLT,-0.00888708
2013-02-05,UUP,-0.00046063
2013-02-06,EEM,-0.00113729
2013-02-06,GLD,0.00265493
2013-02-06,HYG,-0.00150078
2013-02-06,SPY,0.00072814
2013-02-06,TLT,0.00819112
2013-02-06,UUP,0.00322577
2013-02-07,EEM,-0.00887986
2013-02-07,GLD,-0.00338693
2013-02-07,HYG,-0.00193226
2013-02-07,SPY,-0.00132294
2013-02-07,TLT,-0.00222408
2013-02-07,UUP,0.00551229
2013-02-08,EEM,0.0073512
2013-02-08,GLD,-0.00166825
2013-02-08,HYG,0.00021511
2013-02-08,SPY,0.00556437
2013-02-08,TLT,0.00385713
2013-02-08,UUP,0.00045694
2013-02-11,EEM,-0.00045586
2013-02-11,GLD,-0.01157399
2013-02-11,HYG,-0.00010719
2013-02-11,SPY,-0.00019776
2013-02-11,TLT,-0.00076877
2013-02-11,UUP,0.00091305
2013-02-12,EEM,0.00273767
2013-02-12,GLD,0.00118975
2013-02-12,HYG,0.00344055
2013-02-12,SPY,0.00164748
2013-02-12,TLT,-0.00247748
2013-02-12,UUP,-0.00228076
2013-02-13,EEM,0.00500569
2013-02-13,GLD,-0.00525359
2013-02-13,HYG,0.00150062
2013-02-13,SPY,0.00085482
2013-02-13,TLT,-0.0081377
2013-02-13,UUP,0.00045694
2013-02-14,EEM,-0.0004529
2013-02-14,GLD,-0.00440111
2013-02-14,HYG,-0.00042729
2013-02-14,SPY,0.0009203
2013-02-14,TLT,0.00906792
2013-02-14,UUP,0.0027425
2013-02-15,EEM,-0.00362392
2013-02-15,GLD,-0.01635625
2013-02-15,HYG,0.00010672
2013-02-15,SPY,-0.00118197
2013-02-15,TLT,-0.0029095
2013-02-15,UUP,0.00091149
2013-02-19,EEM,0.00204616
2013-02-19,GLD,-0.00276061
2013-02-19,HYG,0.00096387
2013-02-19,SPY,0.00749471
2013-02-19,TLT,-0.00497924
2013-02-19,UUP,0.00045528
2013-02-20,EEM,-0.00884786
2013-02-20,GLD,-0.02504345
2013-02-20,HYG,-0.00096294
2013-02-20,SPY,-0.0124638
2013-02-20,TLT,0.00301912
2013-02-20,UUP,0.00728261
2013-02-21,EEM,-0.01373292
2013-02-21,GLD,0.00779182
2013-02-21,HYG,0.00107023
2013-02-21,SPY,-0.00607866
2013-02-21,TLT,0.00584859
2013-02-21,UUP,0.00406697
2013-02-22,EEM,0.00440933
2013-02-22,GLD,0.00229332
2013-02-22,HYG,0.00245966
2013-02-22,SPY,0.00977253
2013-02-22,TLT,0.00068402
2013-02-22,UUP,0.00045005
2013-02-25,EEM,-0.01340103
2013-02-25,GLD,0.00895597
2013-02-25,HYG,-0.00309392
2013-02-25,SPY,-0.01902701
2013-02-25,TLT,0.01965335
2013-02-25,UUP,0.00404857
2013-02-26,EEM,0.0056203
2013-02-26,GLD,0.01218093
2013-02-26,HYG,0.00492283
2013-02-26,SPY,0.0068457
2013-02-26,TLT,-0.00578248
2013-02-26,UUP,0.00089608
2013-02-27,EEM,0.01094561
2013-02-27,GLD,-0.01056199
2013-02-27,HYG,0.0017029
2013-02-27,SPY,0.01259824
2013-02-27,TLT,-0.00294962
2013-02-27,UUP,-0.00402863
2013-02-28,EEM,-0.00460736
2013-02-28,GLD,-0.01015726
2013-02-28,HYG,-0.00042443
2013-02-28,SPY,-0.00197455
2013-02-28,TLT,0.0018598
2013-02-28,UUP,0.00539317
2013-03-01,EEM,0.00231482
2013-03-01,GLD,-0.00366011
2013-03-01,HYG,0.00198796
2013-03-01,SPY,0.00329786
2013-03-01,TLT,0.00544527
2013-03-01,UUP,0.00312936
2013-03-04,EEM,-0.00946706
2013-03-04,GLD,-0.00091839
2013-03-04,HYG,0.00010622
2013-03-04,SPY,0.00532495
2013-03-04,TLT,-0.00529861
2013-03-04,UUP,-0.00044574
2013-03-05,EEM,0.01212129
2013-03-05,GLD,0.00052529
2013-03-05,HYG,0.00202789
2013-03-05,SPY,0.00895916
2013-03-05,TLT,-0.00287442
2013-03-05,UUP,-0.00133752
2013-03-06,EEM,0.00483654
2013-03-06,GLD,0.0055781
2013-03-06,HYG,-0.00063924
2013-03-06,SPY,0.00136102
2013-03-06,TLT,-0.00907399
2013-03-06,UUP,0.00401784
2013-03-07,EEM,0.00275022
2013-03-07,GLD,-0.00352407
2013-03-07,HYG,0.00149183
2013-03-07,SPY,0.00181223
2013-03-07,TLT,-0.00770085
2013-03-07,UUP,-0.00444642
2013-03-08,EEM,0.00868598
2013-03-08,GLD,0.00013101
2013-03-08,HYG,0.00117005
2013-03-08,SPY,0.00426415
2013-03-08,TLT,-0.0104349
2013-03-08,UUP,0.00759284
2013-03-11,EEM,-0.00543858
2013-03-11,GLD,0.00183353
2013-03-11,HYG,-0.00063727
2013-03-11,SPY,0.00379586
2013-03-11,TLT,0.00095839
2013-03-11,UUP,-0.00221646
2013-03-12,EEM,-0.01139197
2013-03-12,GLD,0.00784363
2013-03-12,HYG,-0.00042498
2013-03-12,SPY,-0.00224351
2013-03-12,TLT,0.00722662
2013-03-12,UUP,-0.00044426
2013-03-13,EEM,-0.00944949
2013-03-13,GLD,-0.00343731
2013-03-13,HYG,0.00021153
2013-03-13,SPY,0.00141327
2013-03-13,TLT,-0.00103731
2013-03-13,UUP,0.00400009
2013-03-14,EEM,0.00418814
2013-03-14,GLD,0.00013009
2013-03-14,HYG,0.00382883
2013-03-14,SPY,0.00532418
2013-03-14,TLT,-0.00302866
2013-03-14,UUP,-0.00398415
2013-03-15,EEM,-0.00903635
2013-03-15,GLD,0.0020823
2013-03-15,HYG,-0.00010513
2013-03-15,SPY,-0.00132066
2013-03-15,TLT,0.0046868
2013-03-15,UUP,-0.00444444
2013-03-18,EEM,-0.01122238
2013-03-18,GLD,0.00896107
2013-03-18,HYG,0.00021128
2013-03-18,SPY,-0.0055184
2013-03-18,TLT,0.00760197
2013-03-18,UUP,0.00625003
2013-03-19,EEM,-0.00709389
2013-03-19,GLD,0.00450506
2013-03-19,HYG,-0.00169471
2013-03-19,SPY,-0.00232322
2013-03-19,TLT,0.00677357
2013-03-19,UUP,0.00310556
2013-03-20,EEM,0.00571527
2013-03-20,GLD,-0.00454899
2013-03-20,HYG,0.00328937
2013-03-20,SPY,0.0069849
2013-03-20,TLT,-0.01115594
2013-03-20,UUP,-0.00221126
2013-03-21,EEM,-0.01018216
2013-03-21,GLD,0.00566393
2013-03-21,HYG,-0.00179747
2013-03-21,SPY,-0.00854254
2013-03-21,TLT,0.00964544
2013-03-21,UUP,0.0
2013-03-22,EEM,0.00382748
2013-03-22,GLD,-0.00447998
2013-03-22,HYG,-0.00074185
2013-03-22,SPY,0.00803312
2013-03-22,TLT,0.00076729
2013-03-22,UUP,-0.00620571
2013-03-25,EEM,-0.00095296
2013-03-25,GLD,-0.00199291
2013-03-25,HYG,-0.00148488
2013-03-25,SPY,-0.00417712
2013-03-25,TLT,-0.00093741
2013-03-25,UUP,0.00713644
2013-03-26,EEM,0.01431301
2013-03-26,GLD,-0.00334968
2013-03-26,HYG,0.00180565
2013-03-26,SPY,0.00800296
2013-03-26,TLT,0.00119474
2013-03-26,UUP,-0.00044298
2013-03-27,EEM,0.00376291
2013-03-27,GLD,0.0041365
2013-03-27,HYG,-0.00169637
2013-03-27,SPY,0.0
2013-03-27,TLT,0.00851983
2013-03-27,UUP,0.00398778
2013-03-28,EEM,0.00210843
2013-03-28,GLD,-0.00585739
2013-03-28,HYG,0.00180529
2013-03-28,SPY,0.0030731
2013-03-28,TLT,-0.0050689
2013-03-28,UUP,-0.00264779
2013-04-01,EEM,-0.01075519
2013-04-01,GLD,0.00142442
2013-04-01,HYG,0.00178926
2013-04-01,SPY,-0.00395764
2013-04-01,TLT,0.00753121
2013-04-01,UUP,-0.0035398
2013-04-02,EEM,0.00047305
2013-04-02,GLD,-0.01448248
2013-04-02,HYG,-0.00074319
2013-04-02,SPY,0.00493428
2013-04-02,TLT,-0.00405406
2013-04-02,UUP,0.00221999
2013-04-03,EEM,-0.01181204
2013-04-03,GLD,-0.01115264
2013-04-03,HYG,0.0
2013-04-03,SPY,-0.01013872
2013-04-03,TLT,0.00899053
2013-04-03,UUP,-0.00221507
2013-04-04,EEM,-0.00286893
2013-04-04,GLD,-0.00291914
2013-04-04,HYG,-0.00031972
2013-04-04,SPY,0.00405829
2013-04-04,TLT,0.01193602
2013-04-04,UUP,-0.00133238
2013-04-05,EEM,-0.00239757
2013-04-05,GLD,0.01676761
2013-04-05,HYG,0.00095837
2013-04-05,SPY,-0.00449152
2013-04-05,TLT,0.02018344
2013-04-05,UUP,-0.00177851
2013-04-08,EEM,0.00168237
2013-04-08,GLD,-0.00425361
2013-04-08,HYG,0.00106295
2013-04-08,SPY,0.00676715
2013-04-08,TLT,-0.00765277
2013-04-08,UUP,0.00267256
2013-04-09,EEM,0.00983705
2013-04-09,GLD,0.00775495
2013-04-09,HYG,0.00318757
2013-04-09,SPY,0.00345708
2013-04-09,TLT,-0.00246161
2013-04-09,UUP,-0.00444257
2013-04-10,EEM,0.00950334
2013-04-10,GLD,-0.01689055
2013-04-10,HYG,0.00317744
2013-04-10,SPY,0.01224857
2013-04-10,TLT,-0.01373629
2013-04-10,UUP,0.00089258
2013-04-11,EEM,0.0009412
2013-04-11,GLD,0.00199007
2013-04-11,HYG,0.0
2013-04-11,SPY,0.00327736
2013-04-11,TLT,0.00191847
2013-04-11,UUP,-0.00267505
2013-04-12,EEM,-0.01528322
2013-04-12,GLD,-0.04700434
2013-04-12,HYG,0.00031707
2013-04-12,SPY,-0.00244992
2013-04-12,TLT,0.01489943
2013-04-12,UUP,-0.00134101
2013-04-15,EEM,-0.02435541
2013-04-15,GLD,-0.08780826
2013-04-15,HYG,-0.00633217
2013-04-15,SPY,-0.02317334
2013-04-15,TLT,0.00869328
2013-04-15,UUP,0.00313326
2013-04-16,EEM,0.02055796
2013-04-16,GLD,0.01134724
2013-04-16,HYG,0.00690305
2013-04-16,SPY,0.01476259
2013-04-16,TLT,-0.00821198
2013-04-16,UUP,-0.008032
2013-04-17,EEM,-0.01582716
2013-04-17,GLD,0.00052705
2013-04-17,HYG,-0.00158244
2013-04-17,SPY,-0.01461124
2013-04-17,TLT,0.00664061
2013-04-17,UUP,0.01079615
2013-04-18,EEM,0.0
2013-04-18,GLD,0.01076246
2013-04-18,HYG,-0.00158503
2013-04-18,SPY,-0.00625409
2013-04-18,TLT,0.002443
2013-04-18,UUP,-0.00044505
2013-04-19,EEM,0.01461985
2013-04-19,GLD,0.00871183
2013-04-19,HYG,-0.0005289
2013-04-19,SPY,0.00869363
2013-04-19,TLT,-0.00211204
2013-04-19,UUP,0.00178098
2013-04-22,EEM,0.00480302
2013-04-22,GLD,0.0179375
2013-04-22,HYG,0.00232902
2013-04-22,SPY,0.00443793
2013-04-22,TLT,0.00073297
2013-04-22,UUP,-0.00044445
2013-04-23,EEM,0.00478
2013-04-23,GLD,-0.00739658
2013-04-23,HYG,0.00390914
2013-04-23,SPY,0.0103093
2013-04-23,TLT,-0.00349931
2013-04-23,UUP,0.00355711
2013-04-24,EEM,0.00594719
2013-04-24,GLD,0.01088538
2013-04-24,HYG,0.00178858
2013-04-24,SPY,0.00063353
2013-04-24,TLT,0.00253153
2013-04-24,UUP,-0.00044287
2013-04-25,EEM,0.00898548
2013-04-25,GLD,0.02356009
2013-04-25,HYG,0.0027308
2013-04-25,SPY,0.00405412
2013-04-25,TLT,-0.0043163
2013-04-25,UUP,-0.00221646
2013-04-26,EEM,-0.0100777
2013-04-26,GLD,-0.00508368
2013-04-26,HYG,-0.00104747
2013-04-26,SPY,-0.0017668
2013-04-26,TLT,0.00916076
2013-04-26,UUP,-0.00444257
2013-04-29,EEM,0.01041697
2013-04-29,GLD,0.00986445
2013-04-29,HYG,0.00188764
2013-04-29,SPY,0.00669869
2013-04-29,TLT,-0.00364786
2013-04-29,UUP,-0.00446198
2013-04-30,EEM,0.01429255
2013-04-30,GLD,0.00330289
2013-04-30,HYG,0.00313912
2013-04-30,SPY,0.00238563
2013-04-30,TLT,0.0005703
2013-04-30,UUP,-0.00493063
2013-05-01,EEM,-0.01085746
2013-05-01,GLD,-0.01162712
2013-05-01,HYG,-0.00190766
2013-05-01,SPY,-0.00876754
2013-05-01,TLT,0.01027296
2013-05-01,UUP,-0.00090102
2013-05-02,EEM,0.00794045
2013-05-02,GLD,0.00574019
2013-05-02,HYG,0.00640723
2013-05-02,SPY,0.00928737
2013-05-02,TLT,-0.00129016
2013-05-02,UUP,0.00676279
2013-05-03,EEM,0.00834122
2013-05-03,GLD,0.00119785
2013-05-03,HYG,0.00156549
2013-05-03,SPY,0.01014093
2013-05-03,TLT,-0.0235777
2013-05-03,UUP,-0.00044774
2013-05-06,EEM,0.00137876
2013-05-06,GLD,0.00042225
2013-05-06,HYG,0.00062559
2013-05-06,SPY,0.00254106
2013-05-06,TLT,-0.00248021
2013-05-06,UUP,0.00224009
2013-05-07,EEM,0.00711313
2013-05-07,GLD,-0.01245156
2013-05-07,HYG,-0.00072971
2013-05-07,SPY,0.0050683
2013-05-07,TLT,-0.0038966
2013-05-07,UUP,0.0
2013-05-08,EEM,0.00774634
2013-05-08,GLD,0.01481694
2013-05-08,HYG,0.00354411
2013-05-08,SPY,0.00455071
2013-05-08,TLT,0.00158125
2013-05-08,UUP,-0.00447017
2013-05-09,EEM,-0.00723439
2013-05-09,GLD,-0.01158226
2013-05-09,HYG,-0.0029079
2013-05-09,SPY,-0.00281625
2013-05-09,TLT,-0.00257553
2013-05-09,UUP,0.00942973
2013-05-10,EEM,-0.00774328
2013-05-10,GLD,-0.00859308
2013-05-10,HYG,-0.00520766
2013-05-10,SPY,0.00325429
2013-05-10,TLT,-0.01074699
2013-05-10,UUP,0.00533819
2013-05-13,EEM,-0.00918053
2013-05-13,GLD,-0.00838118
2013-05-13,HYG,-0.00408374
2013-05-13,SPY,0.00079541
2013-05-13,TLT,-0.00766237
2013-05-13,UUP,0.00176965
2013-05-14,EEM,0.00463286
2013-05-14,GLD,-0.00447876
2013-05-14,HYG,0.00105214
2013-05-14,SPY,0.01033367
2013-05-14,TLT,-0.01086296
2013-05-14,UUP,0.00397525
2013-05-15,EEM,0.00023027
2013-05-15,GLD,-0.0230752
2013-05-15,HYG,0.00010448
2013-05-15,SPY,0.00538667
2013-05-15,TLT,0.00669232
2013-05-15,UUP,0.00263994
2013-05-16,EEM,-0.00345768
2013-05-16,GLD,-0.00401106
2013-05-16,HYG,0.00241543
2013-05-16,SPY,-0.00469566
2013-05-16,TLT,0.01039708
2013-05-16,UUP,-0.0004389
2013-05-17,EEM,0.00439505
2013-05-17,GLD,-0.02252211
2013-05-17,HYG,0.0
2013-05-17,SPY,0.00967734
2013-05-17,TLT,-0.01265176
2013-05-17,UUP,0.00614577
2013-05-20,EEM,0.00253339
2013-05-20,GLD,0.03089942
2013-05-20,HYG,0.0010474
2013-05-20,SPY,-5.985e-05
2013-05-20,TLT,-0.0011962
2013-05-20,UUP,-0.00610823
2013-05-21,EEM,-0.00206767
2013-05-21,GLD,-0.01657779
2013-05-21,HYG,0.00188389
2013-05-21,SPY,0.00143758
2013-05-21,TLT,0.00786916
2013-05-21,UUP,0.00043909
2013-05-22,EEM,-0.0110497
2013-05-22,GLD,-0.00707407
2013-05-22,HYG,-0.00616293
2013-05-22,SPY,-0.00741767
2013-05-22,TLT,-0.01485115
2013-05-22,UUP,0.00438768
2013-05-23,EEM,-0.00744832
2013-05-23,GLD,0.02023646
2013-05-23,HYG,-0.00273238
2013-05-23,SPY,-0.00289248
2013-05-23,TLT,0.00473779
2013-05-23,UUP,-0.00655312
2013-05-24,EEM,-0.00867745
2013-05-24,GLD,-0.00631458
2013-05-24,HYG,-0.00189686
2013-05-24,SPY,-0.0008468
2013-05-24,TLT,0.00137168
2013-05-24,UUP,-0.00131919
2013-05-28,EEM,0.00544126
2013-05-28,GLD,-0.00201846
2013-05-28,HYG,-0.00369506
2013-05-28,SPY,0.00598914
2013-05-28,TLT,-0.02534264
2013-05-28,UUP,0.00704561
2013-05-29,EEM,-0.01270637
2013-05-29,GLD,0.01003818
2013-05-29,HYG,-0.00402715
2013-05-29,SPY,-0.0064943
2013-05-29,TLT,0.01124446
2013-05-29,UUP,-0.00743348
2013-05-30,EEM,0.0
2013-05-30,GLD,0.01386928
2013-05-30,HYG,0.00202076
2013-05-30,SPY,0.00369231
2013-05-30,TLT,-0.00243272
2013-05-30,UUP,-0.00660807
2013-05-31,EEM,-0.01811213
2013-05-31,GLD,-0.02033649
2013-05-31,HYG,-0.01327317
2013-05-31,SPY,-0.01435261
2013-05-31,TLT,-0.00339589
2013-05-31,UUP,0.00266081
2013-06-03,EEM,0.01480585
2013-06-03,GLD,0.01933988
2013-06-03,HYG,-0.00087668
2013-06-03,SPY,0.00550623
2013-06-03,TLT,0.005299
2013-06-03,UUP,-0.00707647
2013-06-04,EEM,-0.012198
2013-06-04,GLD,-0.00937659
2013-06-04,HYG,0.0
2013-06-04,SPY,-0.00480667
2013-06-04,TLT,-0.00923547
2013-06-04,UUP,0.00044534
2013-06-05,EEM,-0.01791763
2013-06-05,GLD,0.00214456
2013-06-05,HYG,-0.00866174
2013-06-05,SPY,-0.014001
2013-06-05,TLT,0.01380587
2013-06-05,UUP,-0.00178078
2013-06-06,EEM,0.00838257
2013-06-06,GLD,0.00745273
2013-06-06,HYG,0.00786399
2013-06-06,SPY,0.00905329
2013-06-06,TLT,-0.00060732
2013-06-06,UUP,-0.01293506
2013-06-07,EEM,-0.00513448
2013-06-07,GLD,-0.02380429
2013-06-07,HYG,0.00064981
2013-06-07,SPY,0.0127204
2013-06-07,TLT,-0.01787823
2013-06-07,UUP,0.00135576
2013-06-10,EEM,-0.01351702
2013-06-10,GLD,0.00495201
2013-06-10,HYG,-0.0020573
2013-06-10,SPY,0.0
2013-06-10,TLT,-0.00477204
2013-06-10,UUP,0.00045127
2013-06-11,EEM,-0.01893367
2013-06-11,GLD,-0.00515158
2013-06-11,HYG,-0.00618513
2013-06-11,SPY,-0.01031576
2013-06-11,TLT,0.0118976
2013-06-11,UUP,-0.00857012
2013-06-12,EEM,-0.00685631
2013-06-12,GLD,0.00750469
2013-06-12,HYG,0.00076362
2013-06-12,SPY,-0.00827695
2013-06-12,TLT,-0.0143024
2013-06-12,UUP,-0.00045507
2013-06-13,EEM,0.02122203
2013-06-13,GLD,-0.00379884
2013-06-13,HYG,0.01145727
2013-06-13,SPY,0.01520867
2013-06-13,TLT,0.01566787
2013-06-13,UUP,-0.00318602
2013-06-14,EEM,-0.01577355
2013-06-14,GLD,0.00515917
2013-06-14,HYG,0.00118654
2013-06-14,SPY,-0.00627263
2013-06-14,TLT,-0.00236604
2013-06-14,UUP,-0.00091347
2013-06-17,EEM,0.00915802
2013-06-17,GLD,-0.00490953
2013-06-17,HYG,-0.00010791
2013-06-17,SPY,0.00772185
2013-06-17,TLT,-0.00527199
2013-06-17,UUP,-0.00182819
2013-06-18,EEM,0.00428525
2013-06-18,GLD,-0.01225984
2013-06-18,HYG,0.00247785
2013-06-18,SPY,0.00790559
2013-06-18,TLT,0.00053032
2013-06-18,UUP,0.00091598
2013-06-19,EEM,-0.03087361
2013-06-19,GLD,-0.01165525
2013-06-19,HYG,-0.01494087
2013-06-19,SPY,-0.01381707
2013-06-19,TLT,-0.01032918
2013-06-19,UUP,0.00914891
2013-06-20,EEM,-0.04480687
2013-06-20,GLD,-0.05352629
2013-06-20,HYG,-0.00982154
2013-06-20,SPY,-0.02477814
2013-06-20,TLT,-0.01641245
2013-06-20,UUP,0.00589315
2013-06-21,EEM,0.01437094
2013-06-21,GLD,0.01173143
2013-06-21,HYG,-0.00650181
2013-06-21,SPY,0.00321032
2013-06-21,TLT,-0.01695781
2013-06-21,UUP,0.00675985
2013-06-24,EEM,-0.02031557
2013-06-24,GLD,-0.00895644
2013-06-24,HYG,-0.01231281
2013-06-24,SPY,-0.01263549
2013-06-24,TLT,0.0041511
2013-06-24,UUP,0.00089527
2013-06-25,EEM,0.02128289
2013-06-25,GLD,-0.00371177
2013-06-25,HYG,0.01426365
2013-06-25,SPY,0.00961358
2013-06-25,TLT,-0.00891114
2013-06-25,UUP,0.00178885
2013-06-26,EEM,0.01576238
2013-06-26,GLD,-0.04203452
2013-06-26,HYG,0.0083044
2013-06-26,SPY,0.00990115
2013-06-26,TLT,0.00648872
2013-06-26,UUP,0.00535736
2013-06-27,EEM,0.02006582
2013-06-27,GLD,-0.01978353
2013-06-27,HYG,0.00483215
2013-06-27,SPY,0.00586979
2013-06-27,TLT,0.01022218
2013-06-27,UUP,-0.00044426
2013-06-28,EEM,0.00574678
2013-06-28,GLD,0.02734171
2013-06-28,HYG,-0.00677641
2013-06-28,SPY,-0.00409744
2013-06-28,TLT,0.00683799
2013-06-28,UUP,0.00222138
2013-07-01,EEM,0.00311708
2013-07-01,GLD,0.01695909
2013-07-01,HYG,0.00542126
2013-07-01,SPY,0.00585978
2013-07-01,TLT,0.00201448
2013-07-01,UUP,-0.00221646
2013-07-02,EEM,-0.01786659
2013-07-02,GLD,-0.00891599
2013-07-02,HYG,-0.00308126
2013-07-02,SPY,-0.00092978
2013-07-02,TLT,-0.00063372
2013-07-02,UUP,0.00666385
2013-07-03,EEM,-0.00922721
2013-07-03,GLD,0.00574756
2013-07-03,HYG,0.00231783
2013-07-03,SPY,0.00043438
2013-07-03,TLT,-0.00299093
2013-07-03,UUP,-0.00397194
2013-07-05,EEM,-0.00638624
2013-07-05,GLD,-0.021948
2013-07-05,HYG,-0.01068114
2013-07-05,SPY,0.01078844
2013-07-05,TLT,-0.03408723
2013-07-05,UUP,0.01462119
2013-07-08,EEM,0.00133884
2013-07-08,GLD,0.01202478
2013-07-08,HYG,0.01380087
2013-07-08,SPY,0.00570489
2013-07-08,TLT,0.00969249
2013-07-08,UUP,-0.00262004
2013-07-09,EEM,0.01310507
2013-07-09,GLD,0.00928793
2013-07-09,HYG,0.00054947
2013-07-09,SPY,0.00719776
2013-07-09,TLT,0.00102508
2013-07-09,UUP,0.00394054
2013-07-10,EEM,-0.00950389
2013-07-10,GLD,0.00273582
2013-07-10,HYG,0.0039498
2013-07-10,SPY,0.00036331
2013-07-10,TLT,-0.00782102
2013-07-10,UUP,-0.00654169
2013-07-11,EEM,0.04904091
2013-07-11,GLD,0.02720133
2013-07-11,HYG,0.01256822
2013-07-11,SPY,0.01362081
2013-07-11,TLT,0.01173056
2013-07-11,UUP,-0.01580328
2013-07-12,EEM,-0.01067107
2013-07-12,GLD,-0.00088539
2013-07-12,HYG,-0.00097115
2013-07-12,SPY,0.00041753
2013-07-12,TLT,-0.00083447
2013-07-12,UUP,0.00223
2013-07-15,EEM,0.01027236
2013-07-15,GLD,0.00040283
2013-07-15,HYG,0.00421326
2013-07-15,SPY,0.00382081
2013-07-15,TLT,0.00529147
2013-07-15,UUP,0.0008901
2013-07-16,EEM,0.0040668
2013-07-16,GLD,0.0057175
2013-07-16,HYG,-0.00247425
2013-07-16,SPY,-0.00374648
2013-07-16,TLT,0.00341642
2013-07-16,UUP,-0.00711433
2013-07-17,EEM,0.00911437
2013-07-17,GLD,-0.01257106
2013-07-17,HYG,0.00733379
2013-07-17,SPY,0.00256675
2013-07-17,TLT,0.00184081
2013-07-17,UUP,0.00223929
2013-07-18,EEM,-0.0117916
2013-07-18,GLD,0.00559522
2013-07-18,HYG,0.00599624
2013-07-18,SPY,0.00547791
2013-07-18,TLT,-0.0124927
2013-07-18,UUP,0.00178735
2013-07-19,EEM,-0.00279223
2013-07-19,GLD,0.00887024
2013-07-19,HYG,-0.00063929
2013-07-19,SPY,0.0017763
2013-07-19,TLT,0.01581338
2013-07-19,UUP,-0.00267624
2013-07-22,EEM,0.0099285
2013-07-22,GLD,0.02981373
2013-07-22,HYG,0.00074579
2013-07-22,SPY,0.00195063
2013-07-22,TLT,0.00146551
2013-07-22,UUP,-0.00447237
2013-07-23,EEM,0.01083942
2013-07-23,GLD,0.00675264
2013-07-23,HYG,-0.00244797
2013-07-23,SPY,-0.00212375
2013-07-23,TLT,-0.00420583
2013-07-23,UUP,-0.00314462
2013-07-24,EEM,-0.01022443
2013-07-24,GLD,-0.01719222
2013-07-24,HYG,-0.00842739
2013-07-24,SPY,-0.00366546
2013-07-24,TLT,-0.01267283
2013-07-24,UUP,0.00360531
2013-07-25,EEM,0.005795
2013-07-25,GLD,0.00933476
2013-07-25,HYG,-0.00225948
2013-07-25,SPY,0.00243278
2013-07-25,TLT,-0.00037213
2013-07-25,UUP,-0.00673556
2013-07-26,EEM,-0.00225452
2013-07-26,GLD,0.0008549
2013-07-26,HYG,0.00043177
2013-07-26,SPY,0.00106619
2013-07-26,TLT,0.00614083
2013-07-26,UUP,-0.00090418
2013-07-29,EEM,-0.01255316
2013-07-29,GLD,-0.00240719
2013-07-29,HYG,-0.00215616
2013-07-29,SPY,-0.00307571
2013-07-29,TLT,-0.00730506
2013-07-29,UUP,0.0
2013-07-30,EEM,-0.00228847
2013-07-30,GLD,-0.00272442
2013-07-30,HYG,0.0014044
2013-07-30,SPY,0.0
2013-07-30,TLT,-0.00037272
2013-07-30,UUP,0.00226239
2013-07-31,EEM,-0.00586126
2013-07-31,GLD,-0.0012488
2013-07-31,HYG,0.00291214
2013-07-31,SPY,0.00071215
2013-07-31,TLT,0.00363446
2013-07-31,UUP,-0.00270866
2013-08-01,EEM,0.01819995
2013-08-01,GLD,-0.01055016
2013-08-01,HYG,-0.00947852
2013-08-01,SPY,0.01155819
2013-08-01,TLT,-0.01926844
2013-08-01,UUP,0.00860116
2013-08-02,EEM,-0.00025129
2013-08-02,GLD,-0.00197457
2013-08-02,HYG,0.00611084
2013-08-02,SPY,0.00169921
2013-08-02,TLT,0.0110095
2013-08-02,UUP,-0.00538601
2013-08-05,EEM,-0.00629574
2013-08-05,GLD,-0.0052232
2013-08-05,HYG,-0.00509657
2013-08-05,SPY,-0.00146255
2013-08-05,TLT,-0.00769777
2013-08-05,UUP,-0.00135392
2013-08-06,EEM,-0.012671
2013-08-06,GLD,-0.01376289
2013-08-06,HYG,-0.00098215
2013-08-06,SPY,-0.00568233
2013-08-06,TLT,0.00293273
2013-08-06,UUP,-0.0027111
2013-08-07,EEM,-0.01078025
2013-08-07,GLD,0.00145197
2013-08-07,HYG,-0.0031646
2013-08-07,SPY,-0.0032407
2013-08-07,TLT,0.00745176
2013-08-07,UUP,-0.00407792
2013-08-08,EEM,0.01920082
2013-08-08,GLD,0.02182843
2013-08-08,HYG,0.00219001
2013-08-08,SPY,0.00366482
2013-08-08,TLT,0.00271558
2013-08-08,UUP,-0.00318478
2013-08-09,EEM,0.0020367
2013-08-09,GLD,0.0
2013-08-09,HYG,0.00010878
2013-08-09,SPY,-0.00288549
2013-08-09,TLT,0.00158676
2013-08-09,UUP,0.00091274
2013-08-12,EEM,0.00940011
2013-08-12,GLD,0.01789377
2013-08-12,HYG,-0.00087344
2013-08-12,SPY,-0.00118075
2013-08-12,TLT,-0.00680523
2013-08-12,UUP,0.00273604
2013-08-13,EEM,0.00604103
2013-08-13,GLD,-0.0107644
2013-08-13,HYG,0.0
2013-08-13,SPY,0.00295603
2013-08-13,TLT,-0.01445582
2013-08-13,UUP,0.00500228
2013-08-14,EEM,0.00325222
2013-08-14,GLD,0.0098638
2013-08-14,HYG,-0.00196689
2013-08-14,SPY,-0.00512975
2013-08-14,TLT,0.00152341
2013-08-14,UUP,-0.0004524
2013-08-15,EEM,-0.01147118
2013-08-15,GLD,0.02085273
2013-08-15,HYG,-0.00514757
2013-08-15,SPY,-0.01398553
2013-08-15,TLT,-0.01350349
2013-08-15,UUP,-0.00679034
2013-08-16,EEM,-0.00857737
2013-08-16,GLD,0.00675829
2013-08-16,HYG,-0.00341261
2013-08-16,SPY,-0.00330549
2013-08-16,TLT,-0.00347125
2013-08-16,UUP,0.00182309
2013-08-19,EEM,-0.01882971
2013-08-19,GLD,-0.00429935
2013-08-19,HYG,-0.0066277
2013-08-19,SPY,-0.00639261
2013-08-19,TLT,-0.00870636
2013-08-19,UUP,-0.00045507
2013-08-20,EEM,-0.0018151
2013-08-20,GLD,0.0033331
2013-08-20,HYG,0.00922944
2013-08-20,SPY,0.00491587
2013-08-20,TLT,0.00770876
2013-08-20,UUP,-0.00455145
2013-08-21,EEM,-0.02338265
2013-08-21,GLD,-0.00286893
2013-08-21,HYG,-0.00363586
2013-08-21,SPY,-0.00615965
2013-08-21,TLT,-0.01094284
2013-08-21,UUP,0.00502962
2013-08-22,EEM,0.01622775
2013-08-22,GLD,0.00560302
2013-08-22,HYG,0.00541879
2013-08-22,SPY,0.00911469
2013-08-22,TLT,0.01018339
2013-08-22,UUP,0.00227484
2013-08-23,EEM,0.01177985
2013-08-23,GLD,0.01573674
2013-08-23,HYG,0.00417906
2013-08-23,SPY,0.00337229
2013-08-23,TLT,0.01085604
2013-08-23,UUP,-0.00181585
2013-08-26,EEM,-0.01086645
2013-08-26,GLD,0.00407712
2013-08-26,HYG,0.00010994
2013-08-26,SPY,-0.00372113
2013-08-26,TLT,0.00498507
2013-08-26,UUP,0.0
2013-08-27,EEM,-0.02301877
2013-08-27,GLD,0.00959766
2013-08-27,HYG,-0.00646217
2013-08-27,SPY,-0.01608394
2013-08-27,TLT,0.01259458
2013-08-27,UUP,-0.00318333
2013-08-28,EEM,0.00214194
2013-08-28,GLD,-0.00029246
2013-08-28,HYG,0.00374836
2013-08-28,SPY,0.00355128
2013-08-28,TLT,-0.00810347
2013-08-28,UUP,0.00410593
2013-08-29,EEM,0.00801512
2013-08-29,GLD,-0.00614448
2013-08-29,HYG,0.00406275
2013-08-29,SPY,0.00158577
2013-08-29,TLT,0.00798001
2013-08-29,UUP,0.00681513
2013-08-30,EEM,0.00768611
2013-08-30,GLD,-0.00919997
2013-08-30,HYG,-0.00087503
2013-08-30,SPY,-0.00316734
2013-08-30,TLT,-0.00113089
2013-08-30,UUP,0.00135372
2013-09-03,EEM,0.00631253
2013-09-03,GLD,0.01337099
2013-09-03,HYG,-0.00528203
2013-09-03,SPY,0.00452172
2013-09-03,TLT,-0.01410441
2013-09-03,UUP,0.00315454
2013-09-04,EEM,0.0177729
2013-09-04,GLD,-0.01290129
2013-09-04,HYG,0.00376159
2013-09-04,SPY,0.00827321
2013-09-04,TLT,-0.0022067
2013-09-04,UUP,-0.00359387
2013-09-05,EEM,0.01181296
2013-09-05,GLD,-0.01826828
2013-09-05,HYG,-0.00506991
2013-09-05,SPY,0.00126699
2013-09-05,TLT,-0.01394389
2013-09-05,UUP,0.00676279
2013-09-06,EEM,0.01472111
2013-09-06,GLD,0.01475036
2013-09-06,HYG,0.00332314
2013-09-06,SPY,0.00048206
2013-09-06,TLT,0.00497425
2013-09-06,UUP,-0.00582158
2013-09-09,EEM,0.026263
2013-09-09,GLD,-0.00178897
2013-09-09,HYG,0.00253893
2013-09-09,SPY,0.00957616
2013-09-09,TLT,0.00048461
2013-09-09,UUP,-0.00495496
2013-09-10,EEM,0.00755532
2013-09-10,GLD,-0.0162049
2013-09-10,HYG,0.0035252
2013-09-10,SPY,0.00739718
2013-09-10,TLT,-0.00698325
2013-09-10,UUP,0.0
2013-09-11,EEM,0.0007261
2013-09-11,GLD,-0.00030369
2013-09-11,HYG,0.00131709
2013-09-11,SPY,0.00313837
2013-09-11,TLT,0.00888798
2013-09-11,UUP,-0.00362163
2013-09-12,EEM,-0.01160309
2013-09-12,GLD,-0.03059984
2013-09-12,HYG,-0.00120593
2013-09-12,SPY,-0.00265628
2013-09-12,TLT,-0.0013546
2013-09-12,UUP,0.0
2013-09-13,EEM,0.00660356
2013-09-13,GLD,0.00117492
2013-09-13,HYG,-0.00076778
2013-09-13,SPY,0.00224921
2013-09-13,TLT,0.00387776
2013-09-13,UUP,-0.0009087
2013-09-16,EEM,0.01117569
2013-09-16,GLD,-0.01071822
2013-09-16,HYG,0.00549046
2013-09-16,SPY,0.00578756
2013-09-16,TLT,-0.00666369
2013-09-16,UUP,-0.0022736
2013-09-17,EEM,-0.00216237
2013-09-17,GLD,0.00039544
2013-09-17,HYG,0.00327632
2013-09-17,SPY,0.00446217
2013-09-17,TLT,0.00826344
2013-09-17,UUP,-0.00182319
2013-09-18,EEM,0.04189724
2013-09-18,GLD,0.04355727
2013-09-18,HYG,0.00958016
2013-09-18,SPY,0.01157414
2013-09-18,TLT,0.01234205
2013-09-18,UUP,-0.01141556
2013-09-19,EEM,-0.00531513
2013-09-19,GLD,-0.00196951
2013-09-19,HYG,-0.00291182
2013-09-19,SPY,-0.00167585
2013-09-19,TLT,-0.00590528
2013-09-19,UUP,0.00138561
2013-09-20,EEM,-0.02230499
2013-09-20,GLD,-0.02876661
2013-09-20,HYG,-0.00118972
2013-09-20,SPY,-0.00699136
2013-09-20,TLT,0.00526948
2013-09-20,UUP,0.00046137
2013-09-23,EEM,0.00356444
2013-09-23,GLD,-0.0032041
2013-09-23,HYG,-0.00010785
2013-09-23,SPY,-0.00462734
2013-09-23,TLT,0.00733936
2013-09-23,UUP,0.00046084
2013-09-24,EEM,-0.00852492
2013-09-24,GLD,0.00086241
2013-09-24,HYG,-0.00216523
2013-09-24,SPY,-0.00235353
2013-09-24,TLT,0.01078553
2013-09-24,UUP,0.00184346
2013-09-25,EEM,-0.0076425
2013-09-25,GLD,0.00885156
2013-09-25,HYG,-0.00173702
2013-09-25,SPY,-0.00289096
2013-09-25,TLT,0.00205959
2013-09-25,UUP,-0.00321984
2013-09-26,EEM,0.00409169
2013-09-26,GLD,-0.00776452
2013-09-26,HYG,-0.00054294
2013-09-26,SPY,0.00384535
2013-09-26,TLT,-0.00700617
2013-09-26,UUP,0.00230718
2013-09-27,EEM,-0.01174523
2013-09-27,GLD,0.0092339
2013-09-27,HYG,-0.0010884
2013-09-27,SPY,-0.00459647
2013-09-27,TLT,0.00244609
2013-09-27,UUP,-0.00368332
2013-09-30,EEM,-0.01139955
2013-09-30,GLD,-0.00612552
2013-09-30,HYG,-0.00283105
2013-09-30,SPY,-0.0053282
2013-09-30,TLT,-0.00150157
2013-09-30,UUP,-0.0004618
2013-10-01,EEM,0.01987255
2013-10-01,GLD,-0.02800746
2013-10-01,HYG,0.00433503
2013-10-01,SPY,0.00791614
2013-10-01,TLT,-0.00303311
2013-10-01,UUP,-0.00092477
2013-10-02,EEM,0.00384895
2013-10-02,GLD,0.01982504
2013-10-02,HYG,0.00043614
2013-10-02,SPY,-0.00094512
2013-10-02,TLT,0.00151184
2013-10-02,UUP,-0.00370207
2013-10-03,EEM,-0.00383419
2013-10-03,GLD,0.00094446
2013-10-03,HYG,0.00065589
2013-10-03,SPY,-0.009221
2013-10-03,TLT,-0.00160516
2013-10-03,UUP,-0.00092874
2013-10-04,EEM,0.01299028
2013-10-04,GLD,-0.00511088
2013-10-04,HYG,0.00174616
2013-10-04,SPY,0.0075768
2013-10-04,TLT,-0.0007561
2013-10-04,UUP,0.00464889
2013-10-07,EEM,-0.00854927
2013-10-07,GLD,0.00877263
2013-10-07,HYG,-0.00261451
2013-10-07,SPY,-0.0086446
2013-10-07,TLT,0.00406769
2013-10-07,UUP,-0.00277645
2013-10-08,EEM,-0.00958091
2013-10-08,GLD,-0.00188027
2013-10-08,HYG,-0.00043755
2013-10-08,SPY,-0.01164664
2013-10-08,TLT,0.00028287
2013-10-08,UUP,0.00046394
2013-10-09,EEM,0.00749716
2013-10-09,GLD,-0.0101256
2013-10-09,HYG,0.00087423
2013-10-09,SPY,0.000725
2013-10-09,TLT,-0.00800597
2013-10-09,UUP,0.00463821
2013-10-10,EEM,0.02352376
2013-10-10,GLD,-0.01459047
2013-10-10,HYG,0.00458646
2013-10-10,SPY,0.02155815
2013-10-10,TLT,0.00161418
2013-10-10,UUP,0.00184666
2013-10-11,EEM,0.00445603
2013-10-11,GLD,-0.01343847
2013-10-11,HYG,0.00184677
2013-10-11,SPY,0.00644338
2013-10-11,TLT,-0.00028472
2013-10-11,UUP,-0.00184325
2013-10-14,EEM,0.00583712
2013-10-14,GLD,0.00187605
2013-10-14,HYG,0.00151917
2013-10-14,SPY,0.00399396
2013-10-14,TLT,-0.00806019
2013-10-14,UUP,-0.00184655
2013-10-15,EEM,-0.00974921
2013-10-15,GLD,0.00732721
2013-10-15,HYG,-0.00032511
2013-10-15,SPY,-0.00725418
2013-10-15,TLT,-0.00066832
2013-10-15,UUP,0.00370004
2013-10-16,EEM,0.00796986
2013-10-16,GLD,-0.00153562
2013-10-16,HYG,0.00530935
2013-10-16,SPY,0.01396546
2013-10-16,TLT,0.01253132
2013-10-16,UUP,-0.00046063
2013-10-17,EEM,0.00627887
2013-10-17,GLD,0.03140681
2013-10-17,HYG,0.00484981
2013-10-17,SPY,0.0066834
2013-10-17,TLT,0.00906928
2013-10-17,UUP,-0.01106504
2013-10-18,EEM,0.00092456
2013-10-18,GLD,-0.00447339
2013-10-18,HYG,0.00203781
2013-10-18,SPY,0.00675443
2013-10-18,TLT,0.00215273
2013-10-18,UUP,0.0
2013-10-21,EEM,-0.0016162
2013-10-21,GLD,0.00102487
2013-10-21,HYG,-0.00224761
2013-10-21,SPY,5.78e-05
2013-10-21,TLT,-0.00317618
2013-10-21,UUP,0.00093242
2013-10-22,EEM,0.00971302
2013-10-22,GLD,0.01858555
2013-10-22,HYG,0.00300395
2013-10-22,SPY,0.00579081
2013-10-22,TLT,0.01115333
2013-10-22,UUP,-0.00558931
2013-10-23,EEM,-0.0233623
2013-10-23,GLD,-0.00502547
2013-10-23,HYG,0.00085588
2013-10-23,SPY,-0.00478835
2013-10-23,TLT,0.00389192
2013-10-23,UUP,0.00046829
2013-10-24,EEM,-0.00211035
2013-10-24,GLD,0.00940237
2013-10-24,HYG,0.00032036
2013-10-24,SPY,0.00332217
2013-10-24,TLT,-0.00387683
2013-10-24,UUP,-0.00140442
2013-10-25,EEM,0.00470021
2013-10-25,GLD,0.00431111
2013-10-25,HYG,0.00032075
2013-10-25,SPY,0.00456764
2013-10-25,TLT,0.00370742
2013-10-25,UUP,0.00046894
2013-10-28,EEM,0.00584792
2013-10-28,GLD,0.00076645
2013-10-28,HYG,-0.00021322
2013-10-28,SPY,0.00159104
2013-10-28,TLT,-0.00341718
2013-10-28,UUP,0.00187435
2013-10-29,EEM,0.00325547
2013-10-29,GLD,-0.00605081
2013-10-29,HYG,0.00160227
2013-10-29,SPY,0.00533406
2013-10-29,TLT,0.00129718
2013-10-29,UUP,0.00280621
2013-10-30,EEM,-0.00556293
2013-10-30,GLD,-0.00131
2013-10-30,HYG,-0.00405315
2013-10-30,SPY,-0.00496675
2013-10-30,TLT,-0.00601485
2013-10-30,UUP,0.00186571
2013-10-31,EEM,-0.01025662
2013-10-31,GLD,-0.01435191
2013-10-31,HYG,0.00053562
2013-10-31,SPY,-0.00283642
2013-10-31,TLT,0.00214111
2013-10-31,UUP,0.0069835
2013-11-01,EEM,0.00047098
2013-11-01,GLD,-0.00618444
2013-11-01,HYG,-0.00172088
2013-11-01,SPY,0.00238954
2013-11-01,TLT,-0.01082441
2013-11-01,UUP,0.00554765
2013-11-04,EEM,0.00612071
2013-11-04,GLD,-0.00110279
2013-11-04,HYG,0.00172385
2013-11-04,SPY,0.00351834
2013-11-04,TLT,0.00094161
2013-11-04,UUP,-0.00275847
2013-11-05,EEM,-0.02012178
2013-11-05,GLD,-0.00197145
2013-11-05,HYG,-0.00268808
2013-11-05,SPY,-0.00316688
2013-11-05,TLT,-0.01194826
2013-11-05,UUP,0.00230515
2013-11-06,EEM,0.0031039
2013-11-06,GLD,0.00505689
2013-11-06,HYG,0.00291113
2013-11-06,SPY,0.00510562
2013-11-06,TLT,0.00047594
2013-11-06,UUP,-0.00321984
2013-11-07,EEM,-0.01809052
2013-11-07,GLD,-0.00817605
2013-11-07,HYG,0.0006454
2013-11-07,SPY,-0.01264312
2013-11-07,TLT,0.00847063
2013-11-07,UUP,0.00461446
2013-11-08,EEM,-0.00218171
2013-11-08,GLD,-0.01490175
2013-11-08,HYG,-0.00171956
2013-11-08,SPY,0.01349117
2013-11-08,TLT,-0.02406545
2013-11-08,UUP,0.00597176
2013-11-11,EEM,-0.00510236
2013-11-11,GLD,-0.00329897
2013-11-11,HYG,-0.00376756
2013-11-11,SPY,0.00016907
2013-11-11,TLT,-0.00377105
2013-11-11,UUP,-0.00273999
2013-11-12,EEM,-0.00537227
2013-11-12,GLD,-0.01146368
2013-11-12,HYG,-0.00140498
2013-11-12,SPY,-0.00202988
2013-11-12,TLT,0.00465891
2013-11-12,UUP,0.00045809
2013-11-13,EEM,0.00171851
2013-11-13,GLD,0.00326665
2013-11-13,HYG,0.0037873
2013-11-13,SPY,0.00802414
2013-11-13,TLT,0.00367176
2013-11-13,UUP,-0.00228838
2013-11-14,EEM,0.01617649
2013-11-14,GLD,0.0115588
2013-11-14,HYG,0.00291054
2013-11-14,SPY,0.00498936
2013-11-14,TLT,0.00616098
2013-11-14,UUP,0.0
2013-11-15,EEM,0.01905481
2013-11-15,GLD,0.00040237
2013-11-15,HYG,0.00150435
2013-11-15,SPY,0.00435095
2013-11-15,TLT,0.00200922
2013-11-15,UUP,-0.0018348
2013-11-18,EEM,0.00899402
2013-11-18,GLD,-0.01142212
2013-11-18,HYG,-0.00289732
2013-11-18,SPY,-0.00349898
2013-11-18,TLT,0.00601504
2013-11-18,UUP,-0.00137881
2013-11-19,EEM,-0.00609917
2013-11-19,GLD,0.0004068
2013-11-19,HYG,-0.00043046
2013-11-19,SPY,-0.00217339
2013-11-19,TLT,-0.00759281
2013-11-19,UUP,-0.0004602
2013-11-20,EEM,-0.01368879
2013-11-20,GLD,-0.02301744
2013-11-20,HYG,-0.00096859
2013-11-20,SPY,-0.00312829
2013-11-20,TLT,-0.01702378
2013-11-20,UUP,0.00460426
2013-11-21,EEM,-0.00095749
2013-11-21,GLD,-0.0014985
2013-11-21,HYG,0.0034486
2013-11-21,SPY,0.00806857
2013-11-21,TLT,0.00165382
2013-11-21,UUP,0.0
2013-11-22,EEM,0.00718584
2013-11-22,GLD,-0.00016679
2013-11-22,HYG,0.00075173
2013-11-22,SPY,0.00500274
2013-11-22,TLT,0.00932522
2013-11-22,UUP,-0.00412485
2013-11-25,EEM,-0.01284194
2013-11-25,GLD,0.00450301
2013-11-25,HYG,0.0015029
2013-11-25,SPY,-0.00099551
2013-11-25,TLT,0.00288648
2013-11-25,UUP,0.00138071
2013-11-26,EEM,0.00337269
2013-11-26,GLD,-0.00531296
2013-11-26,HYG,0.00075045
2013-11-26,SPY,0.0002764
2013-11-26,TLT,0.00374263
2013-11-26,UUP,-0.00321688
2013-11-27,EEM,0.00648257
2013-11-27,GLD,-0.00300451
2013-11-27,HYG,-0.00064228
2013-11-27,SPY,0.0024355
2013-11-27,TLT,-0.00172057
2013-11-27,UUP,0.00138295
2013-11-29,EEM,0.01025769
2013-11-29,GLD,0.01038003
2013-11-29,HYG,0.00107053
2013-11-29,SPY,-0.0006626
2013-11-29,TLT,0.0002874
2013-11-29,UUP,-0.00092083
2013-12-02,EEM,-0.02101539
2013-12-02,GLD,-0.02584917
2013-12-02,HYG,0.000323
2013-12-02,SPY,-0.00259648
2013-12-02,TLT,-0.00777852
2013-12-02,UUP,0.00322577
2013-12-03,EEM,-0.003377
2013-12-03,GLD,0.00323182
2013-12-03,HYG,-0.00096779
2013-12-03,SPY,-0.00432069
2013-12-03,TLT,0.00367781
2013-12-03,UUP,-0.0032154
2013-12-04,EEM,-0.00120951
2013-12-04,GLD,0.0169549
2013-12-04,HYG,-0.00258282
2013-12-04,SPY,-0.00011152
2013-12-04,TLT,-0.00954529
2013-12-04,UUP,-0.00046063
2013-12-05,EEM,-0.00581566
2013-12-05,GLD,-0.01383791
2013-12-05,HYG,-0.00075583
2013-12-05,SPY,-0.00439548
2013-12-05,TLT,-0.00282344
2013-12-05,UUP,-0.00507157
2013-12-06,EEM,0.02217876
2013-12-06,GLD,0.00211327
2013-12-06,HYG,0.00280826
2013-12-06,SPY,0.01117724
2013-12-06,TLT,0.00478419
2013-12-06,UUP,0.0
2013-12-09,EEM,0.00143107
2013-12-09,GLD,0.00986924
2013-12-09,HYG,0.00366131
2013-12-09,SPY,0.00254174
2013-12-09,TLT,0.00233119
2013-12-09,UUP,-0.0009268
2013-12-10,EEM,0.0004756
2013-12-10,GLD,0.01754092
2013-12-10,HYG,0.0
2013-12-10,SPY,-0.00358282
2013-12-10,TLT,0.00717374
2013-12-10,UUP,-0.00278289
2013-12-11,EEM,-0.0221319
2013-12-11,GLD,-0.00788047
2013-12-11,HYG,-0.00300427
2013-12-11,SPY,-0.01123051
2013-12-11,TLT,-0.00769997
2013-12-11,UUP,-0.00046513
2013-12-12,EEM,-0.00584083
2013-12-12,GLD,-0.02126427
2013-12-12,HYG,-0.00182955
2013-12-12,SPY,-0.00330153
2013-12-12,TLT,-0.00378307
2013-12-12,UUP,0.00372253
2013-12-13,EEM,0.00244778
2013-12-13,GLD,0.00921461
2013-12-13,HYG,0.0016172
2013-12-13,SPY,-0.00011264
2013-12-13,TLT,0.00486825
2013-12-13,UUP,0.00046372
2013-12-16,EEM,0.00659394
2013-12-16,GLD,0.00259679
2013-12-16,HYG,0.00086103
2013-12-16,SPY,0.0062323
2013-12-16,TLT,-0.00368166
2013-12-16,UUP,-0.0018534
2013-12-17,EEM,-0.0087341
2013-12-17,GLD,-0.00868912
2013-12-17,HYG,0.00010681
2013-12-17,SPY,-0.00318047
2013-12-17,TLT,0.00447301
2013-12-17,UUP,0.0
2013-12-18,EEM,0.01990423
2013-12-18,GLD,-0.00876528
2013-12-18,HYG,0.00172146
2013-12-18,SPY,0.01707231
2013-12-18,TLT,-0.00503425
2013-12-18,UUP,0.00417826
2013-12-19,EEM,-0.01840194
2013-12-19,GLD,-0.02372248
2013-12-19,HYG,-0.00107334
2013-12-19,SPY,-0.00115539
2013-12-19,TLT,-0.00097272
2013-12-19,UUP,0.00231144
2013-12-20,EEM,-0.00147982
2013-12-20,GLD,0.00975442
2013-12-20,HYG,0.00064439
2013-12-20,SPY,0.00581666
2013-12-20,TLT,0.01538929
2013-12-20,UUP,-0.00092253
2013-12-23,EEM,0.00741076
2013-12-23,GLD,-0.00319133
2013-12-23,HYG,0.00075153
2013-12-23,SPY,0.00534242
2013-12-23,TLT,-0.00565999
2013-12-23,UUP,-0.00184655
2013-12-24,EEM,0.00588495
2013-12-24,GLD,0.00458595
2013-12-24,HYG,-0.00053617
2013-12-24,SPY,0.00219175
2013-12-24,TLT,-0.00800665
2013-12-24,UUP,0.00092477
2013-12-26,EEM,-0.00853194
2013-12-26,GLD,0.00551248
2013-12-26,HYG,0.00093884
2013-12-26,SPY,0.00508339
2013-12-26,TLT,-0.00385397
2013-12-26,UUP,-0.0004618
2013-12-27,EEM,0.01549044
2013-12-27,GLD,0.00325514
2013-12-27,HYG,-0.00010809
2013-12-27,SPY,-5.381e-05
2013-12-27,TLT,-0.00283989
2013-12-27,UUP,-0.00184932
2013-12-30,EEM,0.00435814
2013-12-30,GLD,-0.0147712
2013-12-30,HYG,0.00086283
2013-12-30,SPY,-0.00016359
2013-12-30,TLT,0.00687606
2013-12-30,UUP,-0.00463187
2013-12-31,EEM,0.00771472
2013-12-31,GLD,0.0063264
2013-12-31,HYG,0.00064664
2013-12-31,SPY,0.00473329
2013-12-31,TLT,-0.00634209
2013-12-31,UUP,0.00139603
2014-01-02,EEM,-0.03851676
2014-01-02,GLD,0.01619012
2014-01-02,HYG,0.00172232
2014-01-02,SPY,-0.0095838
2014-01-02,TLT,0.00304403
2014-01-02,UUP,0.00604092
2014-01-03,EEM,-0.00174158
2014-01-03,GLD,0.01093221
2014-01-03,HYG,-0.00032284
2014-01-03,SPY,-0.00016422
2014-01-03,TLT,0.0
2014-01-03,UUP,0.00415703
2014-01-06,EEM,-0.00947168
2014-01-06,GLD,0.00176041
2014-01-06,HYG,0.00215057
2014-01-06,SPY,-0.00289779
2014-01-06,TLT,0.00420816
2014-01-06,UUP,-0.00275995
2014-01-07,EEM,0.00427778
2014-01-07,GLD,-0.00569038
2014-01-07,HYG,0.0
2014-01-07,SPY,0.00614167
2014-01-07,TLT,0.0025341
2014-01-07,UUP,0.00276759
2014-01-08,EEM,-0.00325754
2014-01-08,GLD,-0.00589124
2014-01-08,HYG,-0.00064329
2014-01-08,SPY,0.00021784
2014-01-08,TLT,-0.00272163
2014-01-08,UUP,0.00183997
2014-01-09,EEM,-0.00527871
2014-01-09,GLD,0.0028784
2014-01-09,HYG,0.0015033
2014-01-09,SPY,0.00065432
2014-01-09,TLT,0.00584895
2014-01-09,UUP,-0.00091829
2014-01-10,EEM,0.01769012
2014-01-10,GLD,0.01519503
2014-01-10,HYG,0.00300088
2014-01-10,SPY,0.00272279
2014-01-10,TLT,0.01192124
2014-01-10,UUP,-0.00413601
2014-01-13,EEM,-0.01191964
2014-01-13,GLD,0.00631959
2014-01-13,HYG,-0.00106848
2014-01-13,SPY,-0.01330517
2014-01-13,TLT,0.00498013
2014-01-13,UUP,-0.00230728
2014-01-14,EEM,0.01080671
2014-01-14,GLD,-0.00933728
2014-01-14,HYG,0.00149743
2014-01-14,SPY,0.01089739
2014-01-14,TLT,-0.0045743
2014-01-14,UUP,0.00184997
2014-01-15,EEM,-0.00024843
2014-01-15,GLD,-0.00191839
2014-01-15,HYG,0.00202953
2014-01-15,SPY,0.00538991
2014-01-15,TLT,-0.00105405
2014-01-15,UUP,0.00461691
2014-01-16,EEM,-0.00547138
2014-01-16,GLD,0.00108639
2014-01-16,HYG,-0.00042557
2014-01-16,SPY,-0.00129953
2014-01-16,TLT,0.00670923
2014-01-16,UUP,-0.00091914
2014-01-17,EEM,-0.00500132
2014-01-17,GLD,0.00951665
2014-01-17,HYG,0.0002136
2014-01-17,SPY,-0.00422913
2014-01-17,TLT,0.00418908
2014-01-17,UUP,0.00367993
2014-01-21,EEM,-0.00150797
2014-01-21,GLD,-0.0101712
2014-01-21,HYG,0.00127884
2014-01-21,SPY,0.00294004
2014-01-21,TLT,0.00075894
2014-01-21,UUP,-0.00183322
2014-01-22,EEM,0.01334008
2014-01-22,GLD,-0.00426061
2014-01-22,HYG,-0.00149049
2014-01-22,SPY,0.00065197
2014-01-22,TLT,-0.00246397
2014-01-22,UUP,0.00137723
2014-01-23,EEM,-0.02458995
2014-01-23,GLD,0.0218139
2014-01-23,HYG,-0.0012804
2014-01-23,SPY,-0.00819321
2014-01-23,TLT,0.01415078
2014-01-23,UUP,-0.01008692
2014-01-24,EEM,-0.02622859
2014-01-24,GLD,0.00410543
2014-01-24,HYG,-0.00662112
2014-01-24,SPY,-0.02133588
2014-01-24,TLT,0.00646139
2014-01-24,UUP,0.00138956
2014-01-27,EEM,-0.00392279
2014-01-27,GLD,-0.0108758
2014-01-27,HYG,-0.00032307
2014-01-27,SPY,-0.00491914
2014-01-27,TLT,-0.00697802
2014-01-27,UUP,0.0
2014-01-28,EEM,0.00630075
2014-01-28,GLD,-8.269e-05
2014-01-28,HYG,0.0044097
2014-01-28,SPY,0.00595436
2014-01-28,TLT,0.00243532
2014-01-28,UUP,0.00046254
2014-01-29,EEM,-0.01434928
2014-01-29,GLD,0.01256721
2014-01-29,HYG,-0.00299751
2014-01-29,SPY,-0.00960497
2014-01-29,TLT,0.00822555
2014-01-29,UUP,0.0
2014-01-30,EEM,0.0092645
2014-01-30,GLD,-0.02204625
2014-01-30,HYG,0.00171732
2014-01-30,SPY,0.01060015
2014-01-30,TLT,-0.00287382
2014-01-30,UUP,0.00647221
2014-01-31,EEM,0.00157342
2014-01-31,GLD,0.00267179
2014-01-31,HYG,-0.00032104
2014-01-31,SPY,-0.00585789
2014-01-31,TLT,0.00669343
2014-01-31,UUP,0.00275625
2014-02-03,EEM,-0.02827964
2014-02-03,GLD,0.01024235
2014-02-03,HYG,-0.00299553
2014-02-03,SPY,-0.02250544
2014-02-03,TLT,0.01218523
2014-02-03,UUP,-0.00320656
2014-02-04,EEM,0.02021034
2014-02-04,GLD,-0.00272009
2014-02-04,HYG,0.00118856
2014-02-04,SPY,0.00700446
2014-02-04,TLT,-0.0106113
2014-02-04,UUP,0.00091914
2014-02-05,EEM,-0.00369778
2014-02-05,GLD,0.00247957
2014-02-05,HYG,0.0
2014-02-05,SPY,-0.001254
2014-02-05,TLT,-0.00924538
2014-02-05,UUP,-0.00137755
2014-02-06,EEM,0.02094369
2014-02-06,GLD,-0.00041226
2014-02-06,HYG,0.00356249
2014-02-06,SPY,0.01318674
2014-02-06,TLT,-0.0042929
2014-02-06,UUP,-0.00137934
2014-02-07,EEM,0.00571297
2014-02-07,GLD,0.00767074
2014-02-07,HYG,0.00505667
2014-02-07,SPY,0.01239587
2014-02-07,TLT,0.00084384
2014-02-07,UUP,-0.0032227
2014-02-10,EEM,-0.01110286
2014-02-10,GLD,0.00613899
2014-02-10,HYG,0.00064236
2014-02-10,SPY,0.00183636
2014-02-10,TLT,0.00280916
2014-02-10,UUP,-0.0009237
2014-02-11,EEM,0.02167113
2014-02-11,GLD,0.01171496
2014-02-11,HYG,0.00171162
2014-02-11,SPY,0.01094434
2014-02-11,TLT,-0.00578971
2014-02-11,UUP,0.0
2014-02-12,EEM,0.00025574
2014-02-12,GLD,0.00056288
2014-02-12,HYG,-0.00160217
2014-02-12,SPY,0.00049458
2014-02-12,TLT,-0.00516567
2014-02-12,UUP,0.00092456
2014-02-13,EEM,0.00102167
2014-02-13,GLD,0.00851883
2014-02-13,HYG,0.00288882
2014-02-13,SPY,0.00516215
2014-02-13,TLT,0.00566365
2014-02-13,UUP,-0.00554285
2014-02-14,EEM,0.01225131
2014-02-14,GLD,0.01322818
2014-02-14,HYG,0.00159884
2014-02-14,SPY,0.00551963
2014-02-14,TLT,0.00056436
2014-02-14,UUP,-0.00185781
2014-02-18,EEM,-0.00932934
2014-02-18,GLD,0.00196618
2014-02-18,HYG,0.00138512
2014-02-18,SPY,0.0011953
2014-02-18,TLT,0.00225188
2014-02-18,UUP,-0.00186126
2014-02-19,EEM,-0.00687177
2014-02-19,GLD,-0.00886974
2014-02-19,HYG,-0.00255258
2014-02-19,SPY,-0.00662213
2014-02-19,TLT,-0.00421323
2014-02-19,UUP,0.00279726
2014-02-20,EEM,0.00358766
2014-02-20,GLD,0.010533
2014-02-20,HYG,0.00309141
2014-02-20,SPY,0.00590123
2014-02-20,TLT,-0.00244379
2014-02-20,UUP,0.00139473
2014-02-21,EEM,0.00689496
2014-02-21,GLD,-0.00015671
2014-02-21,HYG,0.0008507
2014-02-21,SPY,-0.00114073
2014-02-21,TLT,0.00527756
2014-02-21,UUP,-0.00092863
2014-02-24,EEM,0.0
2014-02-24,GLD,0.01105192
2014-02-24,HYG,0.00223032
2014-02-24,SPY,0.00554671
2014-02-24,TLT,-0.0025311
2014-02-24,UUP,-0.00046459
2014-02-25,EEM,-0.0114127
2014-02-25,GLD,0.00170557
2014-02-25,HYG,0.00116533
2014-02-25,SPY,-0.00037841
2014-02-25,TLT,0.00892845
2014-02-25,UUP,-0.00139494
2014-02-26,EEM,0.00076959
2014-02-26,GLD,-0.00851332
2014-02-26,HYG,0.00169293
2014-02-26,SPY,5.383e-05
2014-02-26,TLT,0.00530958
2014-02-26,UUP,0.00372448
2014-02-27,EEM,0.01896965
2014-02-27,GLD,0.00070249
2014-02-27,HYG,0.00190268
2014-02-27,SPY,0.00524805
2014-02-27,TLT,0.00546732
2014-02-27,UUP,-0.00185522
2014-02-28,EEM,-0.00679281
2014-02-28,GLD,-0.00452414
2014-02-28,HYG,0.00105429
2014-02-28,SPY,0.00252909
2014-02-28,TLT,0.00055251
2014-02-28,UUP,-0.00650561
2014-03-03,EEM,-0.01773026
2014-03-03,GLD,0.02092141
2014-03-03,HYG,-0.00092145
2014-03-03,SPY,-0.00703209
2014-03-03,TLT,0.00667558
2014-03-03,UUP,0.00374168
2014-03-04,EEM,0.01701895
2014-03-04,GLD,-0.01235705
2014-03-04,HYG,0.0036027
2014-03-04,SPY,0.01405569
2014-03-04,TLT,-0.01504224
2014-03-04,UUP,0.00093199
2014-03-05,EEM,0.0007608
2014-03-05,GLD,0.00163201
2014-03-05,HYG,-0.00179485
2014-03-05,SPY,0.00090598
2014-03-05,TLT,0.00214233
2014-03-05,UUP,-0.00046535
2014-03-06,EEM,0.01418811
2014-03-06,GLD,0.00993094
2014-03-06,HYG,-0.00148018
2014-03-06,SPY,0.00229051
2014-03-06,TLT,-0.00984993
2014-03-06,UUP,-0.00558931
2014-03-07,EEM,-0.01274044
2014-03-07,GLD,-0.00829686
2014-03-07,HYG,-0.0038135
2014-03-07,SPY,0.00042531
2014-03-07,TLT,-0.00628732
2014-03-07,UUP,0.00093679
2014-03-10,EEM,-0.00683222
2014-03-10,GLD,0.00030993
2014-03-10,HYG,0.00010658
2014-03-10,SPY,-0.00053144
2014-03-10,TLT,0.00141612
2014-03-10,UUP,0.00046796
2014-03-11,EEM,-0.01121008
2014-03-11,GLD,0.00565318
2014-03-11,HYG,-0.00106369
2014-03-11,SPY,-0.0049428
2014-03-11,TLT,0.00264136
2014-03-11,UUP,0.0
2014-03-12,EEM,0.00206135
2014-03-12,GLD,0.01463109
2014-03-12,HYG,0.00170284
2014-03-12,SPY,0.00026713
2014-03-12,TLT,0.00695932
2014-03-12,UUP,-0.00280632
2014-03-13,EEM,-0.01799963
2014-03-13,GLD,0.00341539
2014-03-13,HYG,-0.00265686
2014-03-13,SPY,-0.0112134
2014-03-13,TLT,0.01345053
2014-03-13,UUP,0.00046895
2014-03-14,EEM,0.00549914
2014-03-14,GLD,0.00673171
2014-03-14,HYG,-0.00074494
2014-03-14,SPY,-0.00280802
2014-03-14,TLT,0.00018484
2014-03-14,UUP,-0.00234395
2014-03-17,EEM,0.01223911
2014-03-17,GLD,-0.01096925
2014-03-17,HYG,0.00138603
2014-03-17,SPY,0.00904357
2014-03-17,TLT,-0.00746431
2014-03-17,UUP,-0.00093998
2014-03-18,EEM,0.01389268
2014-03-18,GLD,-0.00774844
2014-03-18,HYG,0.00298086
2014-03-18,SPY,0.0071384
2014-03-18,TLT,0.0036211
2014-03-18,UUP,0.00047048
2014-03-19,EEM,-0.02131467
2014-03-19,GLD,-0.01936915
2014-03-19,HYG,-0.00509505
2014-03-19,SPY,-0.00532893
2014-03-19,TLT,-0.00777095
2014-03-19,UUP,0.00752228
2014-03-20,EEM,0.00440813
2014-03-20,GLD,-0.00179558
2014-03-20,HYG,0.00341428
2014-03-20,SPY,0.00583936
2014-03-20,TLT,-0.00177097
2014-03-20,UUP,0.00326641
2014-03-21,EEM,0.0061949
2014-03-21,GLD,0.00477085
2014-03-21,HYG,-0.00063876
2014-03-21,SPY,-0.00387848
2014-03-21,TLT,0.01083403
2014-03-21,UUP,-0.00139527
2014-03-24,EEM,0.00974869
2014-03-24,GLD,-0.01782518
2014-03-24,HYG,0.00031954
2014-03-24,SPY,-0.00413557
2014-03-24,TLT,0.00711441
2014-03-24,UUP,-0.00279455
2014-03-25,EEM,0.01143287
2014-03-25,GLD,0.00182282
2014-03-25,HYG,0.00202112
2014-03-25,SPY,0.00474608
2014-03-25,TLT,-0.00376144
2014-03-25,UUP,0.00046697
2014-03-26,EEM,0.00226088
2014-03-26,GLD,-0.00791077
2014-03-26,HYG,0.000212
2014-03-26,SPY,-0.00719204
2014-03-26,TLT,0.00782707
2014-03-26,UUP,0.0
2014-03-27,EEM,0.01303256
2014-03-27,GLD,-0.00653861
2014-03-27,HYG,-0.00148577
2014-03-27,SPY,-0.00210882
2014-03-27,TLT,0.00502582
2014-03-27,UUP,0.00280097
2014-03-28,EEM,0.00791685
2014-03-28,GLD,-0.00024078
2014-03-28,HYG,0.00170073
2014-03-28,SPY,0.00493027
2014-03-28,TLT,-0.00563684
2014-03-28,UUP,0.0
2014-03-31,EEM,0.00662731
2014-03-31,GLD,-0.00762682
2014-03-31,HYG,0.00148545
2014-03-31,SPY,0.00819457
2014-03-31,TLT,-0.002469
2014-03-31,UUP,-0.00093112
2014-04-01,EEM,0.01170425
2014-04-01,GLD,-0.0017798
2014-04-01,HYG,0.00186261
2014-04-01,SPY,0.00663037
2014-04-01,TLT,-0.00854631
2014-04-01,UUP,0.0
2014-04-02,EEM,0.0019282
2014-04-02,GLD,0.00753708
2014-04-02,HYG,-0.00106227
2014-04-02,SPY,0.00334632
2014-04-02,TLT,-0.00574629
2014-04-02,UUP,0.00186408
2014-04-03,EEM,-0.0038491
2014-04-03,GLD,-0.00321752
2014-04-03,HYG,0.00042594
2014-04-03,SPY,-0.00132294
2014-04-03,TLT,0.00438124
2014-04-03,UUP,0.00279065
2014-04-04,EEM,-0.00265605
2014-04-04,GLD,0.01331505
2014-04-04,HYG,0.00233841
2014-04-04,SPY,-0.01182246
2014-04-04,TLT,0.00668333
2014-04-04,UUP,-0.00092745
2014-04-07,EEM,0.00435814
2014-04-07,GLD,-0.005256
2014-04-07,HYG,-0.00212148
2014-04-07,SPY,-0.01105125
2014-04-07,TLT,0.00599279
2014-04-07,UUP,-0.00232142
2014-04-08,EEM,0.01157188
2014-04-08,GLD,0.00944674
2014-04-08,HYG,0.00233871
2014-04-08,SPY,0.00412295
2014-04-08,TLT,0.00238287
2014-04-08,UUP,-0.00651469
2014-04-09,EEM,0.00762659
2014-04-09,GLD,0.00182412
2014-04-09,HYG,0.0015904
2014-04-09,SPY,0.01075037
2014-04-09,TLT,-0.00493732
2014-04-09,UUP,-0.00374694
2014-04-10,EEM,-0.01064322
2014-04-10,GLD,0.00546234
2014-04-10,HYG,-0.0028587
2014-04-10,SPY,-0.0210057
2014-04-10,TLT,0.00928096
2014-04-10,UUP,-0.00047026
2014-04-11,EEM,0.0
2014-04-11,GLD,-0.00062989
2014-04-11,HYG,-0.00424715
2014-04-11,SPY,-0.00900849
2014-04-11,TLT,0.00810212
2014-04-11,UUP,0.00047048
2014-04-14,EEM,-0.00215194
2014-04-14,GLD,0.00724808
2014-04-14,HYG,0.00319899
2014-04-14,SPY,0.00787829
2014-04-14,TLT,-0.00261875
2014-04-14,UUP,0.00282072
2014-04-15,EEM,-0.01509323
2014-04-15,GLD,-0.01845914
2014-04-15,HYG,0.00106288
2014-04-15,SPY,0.00688752
2014-04-15,TLT,0.0062478
2014-04-15,UUP,0.00093767
2014-04-16,EEM,0.01264879
2014-04-16,GLD,0.00039846
2014-04-16,HYG,0.00053107
2014-04-16,SPY,0.01047777
2014-04-16,TLT,0.00125954
2014-04-16,UUP,0.00093679
2014-04-17,EEM,0.00912776
2014-04-17,GLD,-0.00629282
2014-04-17,HYG,-0.00116753
2014-04-17,SPY,0.00139692
2014-04-17,TLT,-0.01096388
2014-04-17,UUP,0.0
2014-04-21,EEM,-0.00618882
2014-04-21,GLD,-0.00408819
2014-04-21,HYG,0.0
2014-04-21,SPY,0.00348722
2014-04-21,TLT,-0.00081811
2014-04-21,UUP,0.00093591
2014-04-22,EEM,-0.00263466
2014-04-22,GLD,-0.0037025
2014-04-22,HYG,0.00106298
2014-04-22,SPY,0.00454463
2014-04-22,TLT,0.00336496
2014-04-22,UUP,-0.00093504
2014-04-23,EEM,-0.0072045
2014-04-23,GLD,-0.00016155
2014-04-23,HYG,0.00031821
2014-04-23,SPY,-0.00234207
2014-04-23,TLT,0.0057099
2014-04-23,UUP,0.0
2014-04-24,EEM,0.00096742
2014-04-24,GLD,0.00646409
2014-04-24,HYG,0.0002117
2014-04-24,SPY,0.00202737
2014-04-24,TLT,0.0018923
2014-04-24,UUP,-0.00140376
2014-04-25,EEM,-0.01353299
2014-04-25,GLD,0.00698461
2014-04-25,HYG,-0.00031843
2014-04-25,SPY,-0.00819906
2014-04-25,TLT,0.00143941
2014-04-25,UUP,0.0
2014-04-28,EEM,0.00489926
2014-04-28,GLD,-0.00438494
2014-04-28,HYG,-0.00021133
2014-04-28,SPY,0.00316731
2014-04-28,TLT,-0.00485001
2014-04-28,UUP,-0.00093723
2014-04-29,EEM,0.00950764
2014-04-29,GLD,-0.00016013
2014-04-29,HYG,0.00148484
2014-04-29,SPY,0.00465524
2014-04-29,TLT,-0.00135412
2014-04-29,UUP,0.00093811
2014-04-30,EEM,-0.00193181
2014-04-30,GLD,-0.00512574
2014-04-30,HYG,-0.00021122
2014-04-30,SPY,0.00298298
2014-04-30,TLT,0.00415793
2014-04-30,UUP,-0.00281158
2014-05-01,EEM,0.00120978
2014-05-01,GLD,-0.00338108
2014-05-01,HYG,-0.00103315
2014-05-01,SPY,0.00010561
2014-05-01,TLT,0.01072751
2014-05-01,UUP,-0.00046993
2014-05-02,EEM,0.00555839
2014-05-02,GLD,0.01017766
2014-05-02,HYG,0.00234508
2014-05-02,SPY,-0.0014331
2014-05-02,TLT,0.00616021
2014-05-02,UUP,0.0
2014-05-05,EEM,-0.00552767
2014-05-05,GLD,0.00927558
2014-05-05,HYG,-0.0004252
2014-05-05,SPY,0.00191404
2014-05-05,TLT,-0.00603287
2014-05-05,UUP,-0.00047026
2014-05-06,EEM,0.00459167
2014-05-06,GLD,-0.00190142
2014-05-06,HYG,0.00021265
2014-05-06,SPY,-0.00870394
2014-05-06,TLT,0.00401636
2014-05-06,UUP,-0.00470366
2014-05-07,EEM,0.00529226
2014-05-07,GLD,-0.0143674
2014-05-07,HYG,0.00148935
2014-05-07,SPY,0.00588947
2014-05-07,TLT,-0.00355585
2014-05-07,UUP,0.0004726
2014-05-08,EEM,-0.0023928
2014-05-08,GLD,0.0
2014-05-08,HYG,-0.00021237
2014-05-08,SPY,-0.00106424
2014-05-08,TLT,-0.00428304
2014-05-08,UUP,0.00236178
2014-05-09,EEM,-0.00167904
2014-05-09,GLD,-0.00056374
2014-05-09,HYG,0.00095594
2014-05-09,SPY,0.00149195
2014-05-09,TLT,-0.00322597
2014-05-09,UUP,0.00612632
2014-05-12,EEM,0.01681903
2014-05-12,GLD,0.00676877
2014-05-12,HYG,0.00106106
2014-05-12,SPY,0.00973562
2014-05-12,TLT,-0.00404489
2014-05-12,UUP,0.00093679
2014-05-13,EEM,0.00378029
2014-05-13,GLD,-0.00272134
2014-05-13,HYG,0.00159069
2014-05-13,SPY,0.00089556
2014-05-13,TLT,0.00866416
2014-05-13,UUP,0.00233978
2014-05-14,EEM,0.00706227
2014-05-14,GLD,0.00971107
2014-05-14,HYG,0.00052834
2014-05-14,SPY,-0.00473809
2014-05-14,TLT,0.01082832
2014-05-14,UUP,-0.00046676
2014-05-15,EEM,-0.00935005
2014-05-15,GLD,-0.00826644
2014-05-15,HYG,-0.00095177
2014-05-15,SPY,-0.00877997
2014-05-15,TLT,0.00796707
2014-05-15,UUP,-0.00093427
2014-05-16,EEM,0.0132136
2014-05-16,GLD,-0.00216395
2014-05-16,HYG,0.00201192
2014-05-16,SPY,0.00346863
2014-05-16,TLT,-0.0028099
2014-05-16,UUP,0.0
2014-05-19,EEM,0.0
2014-05-19,GLD,0.00064258
2014-05-19,HYG,0.0014792
2014-05-19,SPY,0.00366935
2014-05-19,TLT,-0.00739853
2014-05-19,UUP,0.0
2014-05-20,EEM,-0.00815086
2014-05-20,GLD,0.00088297
2014-05-20,HYG,-0.00126578
2014-05-20,SPY,-0.00630487
2014-05-20,TLT,0.00221779
2014-05-20,UUP,0.00046741
2014-05-21,EEM,0.00774839
2014-05-21,GLD,-0.00240599
2014-05-21,HYG,-0.00010595
2014-05-21,SPY,0.00842408
2014-05-21,TLT,-0.00610901
2014-05-21,UUP,0.0
2014-05-22,EEM,0.00698987
2014-05-22,GLD,0.00225098
2014-05-22,HYG,0.00073952
2014-05-22,SPY,0.00243266
2014-05-22,TLT,-0.00142469
2014-05-22,UUP,0.00186909
2014-05-23,EEM,-0.00185137
2014-05-23,GLD,-0.00128336
2014-05-23,HYG,0.00031702
2014-05-23,SPY,0.00400848
2014-05-23,TLT,0.00535239
2014-05-23,UUP,0.00186571
2014-05-27,EEM,-0.00857642
2014-05-27,GLD,-0.02136377
2014-05-27,HYG,0.00095036
2014-05-27,SPY,0.00614677
2014-05-27,TLT,0.00585615
2014-05-27,UUP,-0.00046535
2014-05-28,EEM,0.00584528
2014-05-28,GLD,-0.00533444
2014-05-28,HYG,0.00031545
2014-05-28,SPY,-0.00073131
2014-05-28,TLT,0.01234996
2014-05-28,UUP,0.00279444
2014-05-29,EEM,0.00278903
2014-05-29,GLD,-0.00214517
2014-05-29,HYG,0.00094846
2014-05-29,SPY,0.00517292
2014-05-29,TLT,-0.00531513
2014-05-29,UUP,-0.00046437
2014-05-30,EEM,-0.0136762
2014-05-30,GLD,-0.00421698
2014-05-30,HYG,0.00105418
2014-05-30,SPY,0.00161143
2014-05-30,TLT,-0.00043823
2014-05-30,UUP,-0.00232336
2014-06-02,EEM,0.00305531
2014-06-02,GLD,-0.00606164
2014-06-02,HYG,-0.00318118
2014-06-02,SPY,0.00114192
2014-06-02,TLT,-0.0074337
2014-06-02,UUP,0.0037261
2014-06-03,EEM,0.0056232
2014-06-03,GLD,0.00258985
2014-06-03,HYG,0.00010646
2014-06-03,SPY,-0.00051842
2014-06-03,TLT,-0.01230541
2014-06-03,UUP,-0.0009282
2014-06-04,EEM,-0.00559176
2014-06-04,GLD,-0.00208316
2014-06-04,HYG,0.0
2014-06-04,SPY,0.00202279
2014-06-04,TLT,-0.00026861
2014-06-04,UUP,0.00092906
2014-06-05,EEM,0.01054376
2014-06-05,GLD,0.00751504
2014-06-05,HYG,0.00243731
2014-06-05,SPY,0.0065218
2014-06-05,TLT,0.00044849
2014-06-05,UUP,-0.00417653
2014-06-06,EEM,0.0099696
2014-06-06,GLD,-0.00041441
2014-06-06,HYG,0.00285577
2014-06-06,SPY,0.00478307
2014-06-06,TLT,0.0
2014-06-06,UUP,0.00046621
2014-06-09,EEM,0.00367314
2014-06-09,GLD,0.00033166
2014-06-09,HYG,0.00116014
2014-06-09,SPY,0.00102368
2014-06-09,TLT,-0.00143438
2014-06-09,UUP,0.0037261
2014-06-10,EEM,0.00526072
2014-06-10,GLD,0.00613343
2014-06-10,HYG,-0.00052651
2014-06-10,SPY,0.00010246
2014-06-10,TLT,-0.00367905
2014-06-10,UUP,0.00185619
2014-06-11,EEM,-0.00341291
2014-06-11,GLD,0.00016479
2014-06-11,HYG,0.00010474
2014-06-11,SPY,-0.00347669
2014-06-11,TLT,0.00180157
2014-06-11,UUP,0.0
2014-06-12,EEM,-0.00479463
2014-06-12,GLD,0.01013093
2014-06-12,HYG,-0.00063239
2014-06-12,SPY,-0.00708005
2014-06-12,TLT,0.00890116
2014-06-12,UUP,-0.00231583
2014-06-13,EEM,0.00045891
2014-06-13,GLD,0.00260926
2014-06-13,HYG,0.00116033
2014-06-13,SPY,0.00304856
2014-06-13,TLT,-0.00053493
2014-06-13,UUP,0.0
2014-06-16,EEM,-0.00458599
2014-06-16,GLD,-0.00439168
2014-06-16,HYG,-0.00052692
2014-06-16,SPY,0.00082441
2014-06-16,TLT,0.00249669
2014-06-16,UUP,-0.00278579
2014-06-17,EEM,0.00023
2014-06-17,GLD,-0.0011436
2014-06-17,HYG,-0.00073727
2014-06-17,SPY,0.00277915
2014-06-17,TLT,-0.00791588
2014-06-17,UUP,0.00279357
2014-06-18,EEM,0.01105496
2014-06-18,GLD,0.0031894
2014-06-18,HYG,0.00453404
2014-06-18,SPY,0.00733958
2014-06-18,TLT,0.00771035
2014-06-18,UUP,-0.00324984
2014-06-19,EEM,-0.00569494
2014-06-19,GLD,0.03480887
2014-06-19,HYG,-0.00020959
2014-06-19,SPY,0.00112081
2014-06-19,TLT,-0.01281158
2014-06-19,UUP,-0.0018631
2014-06-20,EEM,-0.00206164
2014-06-20,GLD,-0.00346622
2014-06-20,HYG,0.00094505
2014-06-20,SPY,0.00203073
2014-06-20,TLT,0.0075704
2014-06-20,UUP,0.00046643
2014-06-23,EEM,-0.0020659
2014-06-23,GLD,0.00276679
2014-06-23,HYG,-0.00010557
2014-06-23,SPY,-0.00030668
2014-06-23,TLT,-0.00313114
2014-06-23,UUP,-0.00186561
2014-06-24,EEM,-0.0004603
2014-06-24,GLD,0.00102487
2014-06-24,HYG,-0.00083868
2014-06-24,SPY,-0.00602364
2014-06-24,TLT,0.01013971
2014-06-24,UUP,0.00093471
2014-06-25,EEM,0.00211089
2014-06-25,GLD,7.871e-05
2014-06-25,HYG,0.00146983
2014-06-25,SPY,0.00451979
2014-06-25,TLT,0.00257522
2014-06-25,UUP,-0.00093383
2014-06-26,EEM,0.00115758
2014-06-26,GLD,-0.00204736
2014-06-26,HYG,-0.00104825
2014-06-26,SPY,-0.00071606
2014-06-26,TLT,0.00478481
2014-06-26,UUP,0.00046751
2014-06-27,EEM,0.00231191
2014-06-27,GLD,-0.00055235
2014-06-27,HYG,0.0
2014-06-27,SPY,0.0019445
2014-06-27,TLT,-0.00149926
2014-06-27,UUP,-0.00326957
2014-06-30,EEM,-0.00276785
2014-06-30,GLD,0.01089523
2014-06-30,HYG,-0.00083996
2014-06-30,SPY,-0.00051055
2014-06-30,TLT,0.00247276
2014-06-30,UUP,-0.00374891
2014-07-01,EEM,0.00948384
2014-07-01,GLD,-0.00265539
2014-07-01,HYG,0.00026397
2014-07-01,SPY,0.00669278
2014-07-01,TLT,-0.00837215
2014-07-01,UUP,0.00047048
2014-07-02,EEM,0.00595769
2014-07-02,GLD,0.0
2014-07-02,HYG,0.00063317
2014-07-02,SPY,0.0010153
2014-07-02,TLT,-0.01068766
2014-07-02,UUP,0.00188052
2014-07-03,EEM,0.00592275
2014-07-03,GLD,-0.00422861
2014-07-03,HYG,-0.00147639
2014-07-03,SPY,0.00491806
2014-07-03,TLT,-0.00360123
2014-07-03,UUP,0.00375408
2014-07-07,EEM,-0.00067927
2014-07-07,GLD,-0.00110103
2014-07-07,HYG,-0.00073832
2014-07-07,SPY,-0.00348098
2014-07-07,TLT,0.00731882
2014-07-07,UUP,0.00046741
2014-07-08,EEM,-0.00453219
2014-07-08,GLD,0.00039366
2014-07-08,HYG,0.000211
2014-07-08,SPY,-0.00643056
2014-07-08,TLT,0.0112117
2014-07-08,UUP,-0.00046719
2014-07-09,EEM,0.00569117
2014-07-09,GLD,0.00605963
2014-07-09,HYG,-0.00073972
2014-07-09,SPY,0.00448461
2014-07-09,TLT,0.00079829
2014-07-09,UUP,-0.00233748
2014-07-10,EEM,-0.00543249
2014-07-10,GLD,0.00547557
2014-07-10,HYG,-0.00306456
2014-07-10,SPY,-0.00395684
2014-07-10,TLT,0.00026579
2014-07-10,UUP,0.00140573
2014-07-11,EEM,-0.00113809
2014-07-11,GLD,0.00186717
2014-07-11,HYG,0.00169685
2014-07-11,SPY,0.00137494
2014-07-11,TLT,0.00637953
2014-07-11,UUP,0.00046796
2014-07-14,EEM,0.00774693
2014-07-14,GLD,-0.02376143
2014-07-14,HYG,-0.00031847
2014-07-14,SPY,0.00503519
2014-07-14,TLT,-0.00431407
2014-07-14,UUP,-0.00046774
2014-07-15,EEM,-0.00067842
2014-07-15,GLD,-0.0094655
2014-07-15,HYG,-0.00158757
2014-07-15,SPY,-0.00187231
2014-07-15,TLT,-0.00203379
2014-07-15,UUP,0.00327548
2014-07-16,EEM,0.00248882
2014-07-16,GLD,0.0035333
2014-07-16,HYG,-0.00159134
2014-07-16,SPY,0.00370156
2014-07-16,TLT,0.00531656
2014-07-16,UUP,0.00233225
2014-07-17,EEM,-0.01873162
2014-07-17,GLD,0.01696403
2014-07-17,HYG,-0.00700977
2014-07-17,SPY,-0.01136605
2014-07-17,TLT,0.0126031
2014-07-17,UUP,-0.00046545
2014-07-18,EEM,0.01563915
2014-07-18,GLD,-0.0075537
2014-07-18,HYG,0.00417123
2014-07-18,SPY,0.01021887
2014-07-18,TLT,-0.00322032
2014-07-18,UUP,0.0
2014-07-21,EEM,0.00339691
2014-07-21,GLD,0.00166494
2014-07-21,HYG,-0.00170378
2014-07-21,SPY,-0.00187108
2014-07-21,TLT,0.00497753
2014-07-21,UUP,-0.00046535
2014-07-22,EEM,0.00925302
2014-07-22,GLD,-0.00474908
2014-07-22,HYG,0.0013865
2014-07-22,SPY,0.0043577
2014-07-22,TLT,0.00208465
2014-07-22,UUP,0.00326043
2014-07-23,EEM,0.00089439
2014-07-23,GLD,-0.00095431
2014-07-23,HYG,0.0019177
2014-07-23,SPY,0.00222003
2014-07-23,TLT,-0.0013006
2014-07-23,UUP,0.00046416
2014-07-24,EEM,0.00446828
2014-07-24,GLD,-0.01010989
2014-07-24,HYG,0.00180856
2014-07-24,SPY,5.02e-05
2014-07-24,TLT,-0.00746607
2014-07-24,UUP,0.00139204
2014-07-25,EEM,-0.00400377
2014-07-25,GLD,0.01158024
2014-07-25,HYG,-0.00169877
2014-07-25,SPY,-0.00468127
2014-07-25,TLT,0.01180894
2014-07-25,UUP,0.00185371
2014-07-28,EEM,0.00692298
2014-07-28,GLD,-0.00166944
2014-07-28,HYG,-0.00297729
2014-07-28,SPY,0.00040449
2014-07-28,TLT,-0.00138357
2014-07-28,UUP,0.0
2014-07-29,EEM,-0.00598811
2014-07-29,GLD,-0.003026
2014-07-29,HYG,-0.00138693
2014-07-29,SPY,-0.00429772
2014-07-29,TLT,0.0036362
2014-07-29,UUP,0.00184997
2014-07-30,EEM,-0.00490878
2014-07-30,GLD,-0.00295523
2014-07-30,HYG,-0.00416484
2014-07-30,SPY,0.00015303
2014-07-30,TLT,-0.01388751
2014-07-30,UUP,0.00230835
2014-07-31,EEM,-0.01748869
2014-07-31,GLD,-0.01153571
2014-07-31,HYG,-0.00815124
2014-07-31,SPY,-0.01974856
2014-07-31,TLT,-0.00297452
2014-07-31,UUP,0.00138199
2014-08-01,EEM,0.00547689
2014-08-01,GLD,0.00802332
2014-08-01,HYG,-9.748e-05
2014-08-01,SPY,-0.00305572
2014-08-01,TLT,0.00774161
2014-08-01,UUP,-0.00138008
2014-08-04,EEM,0.00930586
2014-08-04,GLD,-0.00313555
2014-08-04,HYG,0.00608401
2014-08-04,SPY,0.00722136
2014-08-04,TLT,-0.00261929
2014-08-04,UUP,-0.00046063
2014-08-05,EEM,-0.01529121
2014-08-05,GLD,-0.00096778
2014-08-05,HYG,-0.00194352
2014-08-05,SPY,-0.00969669
2014-08-05,TLT,0.00323829
2014-08-05,UUP,0.0023042
2014-08-06,EEM,-0.00685089
2014-08-06,GLD,0.01453133
2014-08-06,HYG,0.00238029
2014-08-06,SPY,0.00031256
2014-08-06,TLT,0.00061061
2014-08-06,UUP,-0.00137934
2014-08-07,EEM,-0.00390903
2014-08-07,GLD,0.00405826
2014-08-07,HYG,0.00064774
2014-08-07,SPY,-0.00541466
2014-08-07,TLT,0.00932953
2014-08-07,UUP,0.00138125
2014-08-08,EEM,0.00900255
2014-08-08,GLD,7.927e-05
2014-08-08,HYG,0.00312817
2014-08-08,SPY,0.0115687
2014-08-08,TLT,-0.00215993
2014-08-08,UUP,-0.0022989
2014-08-11,EEM,0.01281181
2014-08-11,GLD,-0.00182267
2014-08-11,HYG,0.0047318
2014-08-11,SPY,0.00289826
2014-08-11,TLT,-8.686e-05
2014-08-11,UUP,0.00046084
2014-08-12,EEM,0.00112972
2014-08-12,GLD,0.00023816
2014-08-12,HYG,-0.00021419
2014-08-12,SPY,-0.00139344
2014-08-12,TLT,-0.00649243
2014-08-12,UUP,0.00092125
2014-08-13,EEM,0.0054151
2014-08-13,GLD,0.00166679
2014-08-13,HYG,0.00289039
2014-08-13,SPY,0.00676929
2014-08-13,TLT,0.00653486
2014-08-13,UUP,0.00092041
2014-08-14,EEM,0.001571
2014-08-14,GLD,0.00087164
2014-08-14,HYG,0.0019215
2014-08-14,SPY,0.00472163
2014-08-14,TLT,0.00805173
2014-08-14,UUP,-0.00045968
2014-08-15,EEM,-0.00268925
2014-08-15,GLD,-0.00657109
2014-08-15,HYG,0.00202446
2014-08-15,SPY,-0.00020413
2014-08-15,TLT,0.01090645
2014-08-15,UUP,-0.00184007
2014-08-18,EEM,0.00966081
2014-08-18,GLD,-0.00414412
2014-08-18,HYG,0.00287088
2014-08-18,SPY,0.00837881
2014-08-18,TLT,-0.00993969
2014-08-18,UUP,0.00184346
2014-08-19,EEM,0.00467303
2014-08-19,GLD,-0.00224071
2014-08-19,HYG,-0.0003176
2014-08-19,SPY,0.00521938
2014-08-19,TLT,-0.00308911
2014-08-19,UUP,0.00367993
2014-08-20,EEM,-0.00199324
2014-08-20,GLD,-0.00368944
2014-08-20,HYG,0.00074156
2014-08-20,SPY,0.00267139
2014-08-20,TLT,-0.00163557
2014-08-20,UUP,0.00458274
2014-08-21,EEM,-0.0042166
2014-08-21,GLD,-0.01078734
2014-08-21,HYG,0.0
2014-08-21,SPY,0.00291566
2014-08-21,TLT,0.00560406
2014-08-21,UUP,-0.00136854
2014-08-22,EEM,-0.00267453
2014-08-22,GLD,0.00252283
2014-08-22,HYG,-0.00243697
2014-08-22,SPY,-0.00155384
2014-08-22,TLT,0.00557301
2014-08-22,UUP,0.0022843
2014-08-25,EEM,0.00737468
2014-08-25,GLD,-0.00365293
2014-08-25,HYG,0.00212484
2014-08-25,SPY,0.00507046
2014-08-25,TLT,0.00375148
2014-08-25,UUP,0.00273469
2014-08-26,EEM,0.00598889
2014-08-26,GLD,0.00496986
2014-08-26,HYG,0.00074179
2014-08-26,SPY,0.00064908
2014-08-26,TLT,-0.00322762
2014-08-26,UUP,0.00090901
2014-08-27,EEM,0.00507193
2014-08-27,GLD,-0.0002432
2014-08-27,HYG,-0.00095354
2014-08-27,SPY,-0.00039885
2014-08-27,TLT,0.00852148
2014-08-27,UUP,-0.00227071
2014-08-28,EEM,-0.00987293
2014-08-28,GLD,0.00551411
2014-08-28,HYG,-0.0014842
2014-08-28,SPY,-0.00054942
2014-08-28,TLT,0.00523877
2014-08-28,UUP,0.0
2014-08-29,EEM,-0.00155093
2014-08-29,GLD,-0.00112903
2014-08-29,HYG,0.00074297
2014-08-29,SPY,0.00284807
2014-08-29,TLT,0.00067232
2014-08-29,UUP,0.00227588
2014-09-02,EEM,-0.00155356
2014-09-02,GLD,-0.01784272
2014-09-02,HYG,0.00117301
2014-09-02,SPY,-0.00049857
2014-09-02,TLT,-0.01725086
2014-09-02,UUP,0.003179
2014-09-03,EEM,0.01311415
2014-09-03,GLD,0.00411015
2014-09-03,HYG,-0.00255607
2014-09-03,SPY,-0.00054778
2014-09-03,TLT,0.0055687
2014-09-03,UUP,-0.00090541
2014-09-04,EEM,-0.00263287
2014-09-04,GLD,-0.00548504
2014-09-04,HYG,-0.00330863
2014-09-04,SPY,-0.001447
2014-09-04,TLT,-0.01218278
2014-09-04,UUP,0.0104213
2014-09-05,EEM,0.00857898
2014-09-05,GLD,0.0047744
2014-09-05,HYG,-0.00117831
2014-09-05,SPY,0.00449557
2014-09-05,TLT,-0.00189744
2014-09-05,UUP,0.0
2014-09-08,EEM,-0.01177739
2014-09-08,GLD,-0.01089623
2014-09-08,HYG,-0.00096453
2014-09-08,SPY,-0.0025854
2014-09-08,TLT,0.00043198
2014-09-08,UUP,0.00582962
2014-09-09,EEM,-0.0123595
2014-09-09,GLD,0.00115961
2014-09-09,HYG,-0.00461561
2014-09-09,SPY,-0.00633145
2014-09-09,TLT,-0.00077713
2014-09-09,UUP,-0.00178336
2014-09-10,EEM,-0.00424559
2014-09-10,GLD,-0.00504675
2014-09-10,HYG,0.00043125
2014-09-10,SPY,0.00376261
2014-09-10,TLT,-0.00631014
2014-09-10,UUP,0.00178655
2014-09-11,EEM,-0.00673284
2014-09-11,GLD,-0.00656911
2014-09-11,HYG,0.0
2014-09-11,SPY,0.00114995
2014-09-11,TLT,-0.00330569
2014-09-11,UUP,0.00089168
2014-09-12,EEM,-0.01061872
2014-09-12,GLD,-0.00912366
2014-09-12,HYG,-0.00118588
2014-09-12,SPY,-0.00584158
2014-09-12,TLT,-0.01047309
2014-09-12,UUP,-0.00089089
2014-09-15,EEM,-0.00502401
2014-09-15,GLD,0.00219634
2014-09-15,HYG,-0.00183406
2014-09-15,SPY,-0.00075318
2014-09-15,TLT,0.00149979
2014-09-15,UUP,0.0
2014-09-16,EEM,0.01308204
2014-09-16,GLD,0.0016015
2014-09-16,HYG,0.00205405
2014-09-16,SPY,0.00753837
2014-09-16,TLT,-0.00405114
2014-09-16,UUP,-0.00178336
2014-09-17,EEM,-0.00928843
2014-09-17,GLD,-0.01085585
2014-09-17,HYG,0.00323647
2014-09-17,SPY,0.00134673
2014-09-17,TLT,-0.00256389
2014-09-17,UUP,0.00625272
2014-09-18,EEM,0.00137224
2014-09-18,GLD,0.00204184
2014-09-18,HYG,0.00032302
2014-09-18,SPY,0.00533011
2014-09-18,TLT,0.00319091
2014-09-18,UUP,-0.00443842
2014-09-19,EEM,-0.00753613
2014-09-19,GLD,-0.0058584
2014-09-19,HYG,0.00150487
2014-09-19,SPY,-0.00090091
2014-09-19,TLT,0.0127253
2014-09-19,UUP,0.00534989
2014-09-22,EEM,-0.01518659
2014-09-22,GLD,-0.00204969
2014-09-22,HYG,-0.00182504
2014-09-22,SPY,-0.00772317
2014-09-22,TLT,0.00122156
2014-09-22,UUP,-0.00088694
2014-09-23,EEM,-0.00560719
2014-09-23,GLD,0.00641849
2014-09-23,HYG,-0.00505448
2014-09-23,SPY,-0.00572419
2014-09-23,TLT,0.00618834
2014-09-23,UUP,0.0
2014-09-24,EEM,0.01433275
2014-09-24,GLD,-0.00467683
2014-09-24,HYG,-0.00302601
2014-09-24,SPY,0.00782781
2014-09-24,TLT,-0.00554418
2014-09-24,UUP,0.00443862
2014-09-25,EEM,-0.02177458
2014-09-25,GLD,0.00290471
2014-09-25,HYG,-0.00683001
2014-09-25,SPY,-0.0161355
2014-09-25,TLT,0.01184612
2014-09-25,UUP,0.0017675
2014-09-26,EEM,0.00449929
2014-09-26,GLD,-0.00281116
2014-09-26,HYG,-0.00065497
2014-09-26,SPY,0.00794542
2014-09-26,TLT,-0.0014635
2014-09-26,UUP,0.00573458
2014-09-29,EEM,-0.02027339
2014-09-29,GLD,-0.00025627
2014-09-29,HYG,-0.00207481
2014-09-29,SPY,-0.00181937
2014-09-29,TLT,0.0080171
2014-09-29,UUP,-0.00087721
2014-09-30,EEM,0.0
2014-09-30,GLD,-0.00700675
2014-09-30,HYG,0.00645771
2014-09-30,SPY,-0.00263213
2014-09-30,TLT,-0.00564388
2014-09-30,UUP,0.00395102
2014-10-01,EEM,-0.02045222
2014-10-01,GLD,0.00481884
2014-10-01,HYG,0.00110292
2014-10-01,SPY,-0.0135518
2014-10-01,TLT,0.0193912
2014-10-01,UUP,-0.00087473
2014-10-02,EEM,0.00540411
2014-10-02,GLD,-0.0002569
2014-10-02,HYG,0.00196347
2014-10-02,SPY,0.00015454
2014-10-02,TLT,-0.00871206
2014-10-02,UUP,-0.00306342
2014-10-03,EEM,0.00855077
2014-10-03,GLD,-0.01824565
2014-10-03,HYG,0.0033757
2014-10-03,SPY,0.01100901
2014-10-03,TLT,0.00426581
2014-10-03,UUP,0.01316943
2014-10-06,EEM,0.01308153
2014-10-06,GLD,0.01238983
2014-10-06,HYG,0.00108469
2014-10-06,SPY,-0.0011702
2014-10-06,TLT,0.00059485
2014-10-06,UUP,-0.01126521
2014-10-07,EEM,-0.0088476
2014-10-07,GLD,0.00284411
2014-10-07,HYG,-0.00379349
2014-10-07,SPY,-0.01543669
2014-10-07,TLT,0.01350105
2014-10-07,UUP,-0.00175279
2014-10-08,EEM,0.01495778
2014-10-08,GLD,0.00953937
2014-10-08,HYG,0.00478778
2014-10-08,SPY,0.01748954
2014-10-08,TLT,0.00025118
2014-10-08,UUP,-0.00438981
2014-10-09,EEM,-0.01568807
2014-10-09,GLD,0.00144716
2014-10-09,HYG,-0.01061262
2014-10-09,SPY,-0.019833
2014-10-09,TLT,-0.00435495
2014-10-09,UUP,0.00308629
2014-10-10,EEM,-0.02173405
2014-10-10,GLD,-0.00042505
2014-10-10,HYG,-0.00810027
2014-10-10,SPY,-0.01141465
2014-10-10,TLT,0.00992715
2014-10-10,UUP,0.00483517
2014-10-13,EEM,0.01012112
2014-10-13,GLD,0.00790884
2014-10-13,HYG,-0.00496617
2014-10-13,SPY,-0.01642674
2014-10-13,TLT,0.0060799
2014-10-13,UUP,-0.00568681
2014-10-14,EEM,0.00586504
2014-10-14,GLD,0.00059062
2014-10-14,HYG,0.00332778
2014-10-14,SPY,0.00154732
2014-10-14,TLT,0.0065413
2014-10-14,UUP,0.00439967
2014-10-15,EEM,-0.01263362
2014-10-15,GLD,0.00337298
2014-10-15,HYG,0.00022102
2014-10-15,SPY,-0.00676612
2014-10-15,TLT,0.00789653
2014-10-15,UUP,-0.01051251
2014-10-16,EEM,-0.00910437
2014-10-16,GLD,0.00193296
2014-10-16,HYG,0.0056362
2014-10-16,SPY,-0.00085828
2014-10-16,TLT,-0.00636629
2014-10-16,UUP,0.0
2014-10-17,EEM,0.0111749
2014-10-17,GLD,-0.00192923
2014-10-17,HYG,0.00846092
2014-10-17,SPY,0.01181093
2014-10-17,TLT,-0.00558523
2014-10-17,UUP,0.00309878
2014-10-20,EEM,0.00294662
2014-10-20,GLD,0.00680734
2014-10-20,HYG,0.00719208
2014-10-20,SPY,0.00970941
2014-10-20,TLT,0.00363454
2014-10-20,UUP,-0.00353053
2014-10-21,EEM,0.00416286
2014-10-21,GLD,0.00183634
2014-10-21,HYG,0.00811447
2014-10-21,SPY,0.01981077
2014-10-21,TLT,-0.00798262
2014-10-21,UUP,0.00531445
2014-10-22,EEM,-0.00658404
2014-10-22,GLD,-0.00566573
2014-10-22,HYG,-0.00654713
2014-10-22,SPY,-0.00711033
2014-10-22,TLT,0.00107828
2014-10-22,UUP,0.00440528
2014-10-23,EEM,-0.00024492
2014-10-23,GLD,-0.00687112
2014-10-23,HYG,-0.00043169
2014-10-23,SPY,0.0116248
2014-10-23,TLT,-0.00886712
2014-10-23,UUP,0.00087711
2014-10-24,EEM,0.00711969
2014-10-24,GLD,-0.00143434
2014-10-24,HYG,0.00280978
2014-10-24,SPY,0.00769491
2014-10-24,TLT,0.00100299
2014-10-24,UUP,-0.00175279
2014-10-27,EEM,-0.00780123
2014-10-27,GLD,-0.00245037
2014-10-27,HYG,-0.00409523
2014-10-27,SPY,-0.00137446
2014-10-27,TLT,0.00183812
2014-10-27,UUP,-0.00263395
2014-10-28,EEM,0.02014755
2014-10-28,GLD,0.00033882
2014-10-28,HYG,0.00162301
2014-10-28,SPY,0.01147033
2014-10-28,TLT,-0.00625308
2014-10-28,UUP,-0.0017605
2014-10-29,EEM,0.00144516
2014-10-29,GLD,-0.01430986
2014-10-29,HYG,-0.00075613
2014-10-29,SPY,-0.00151203
2014-10-29,TLT,0.00226505
2014-10-29,UUP,0.00749555
2014-10-30,EEM,0.00937946
2014-10-30,GLD,-0.01048021
2014-10-30,HYG,-0.00043245
2014-10-30,SPY,0.00641077
2014-10-30,TLT,0.00083715
2014-10-30,UUP,0.00262598
2014-10-31,EEM,0.00428841
2014-10-31,GLD,-0.0219637
2014-10-31,HYG,0.00086544
2014-10-31,SPY,0.01143535
2014-10-31,TLT,-0.00259269
2014-10-31,UUP,0.0078567
2014-11-03,EEM,-0.00830328
2014-11-03,GLD,-0.00452691
2014-11-03,HYG,0.00210597
2014-11-03,SPY,0.00054516
2014-11-03,TLT,-9e-08
2014-11-03,UUP,0.00476407
2014-11-04,EEM,0.00095711
2014-11-04,GLD,0.00062416
2014-11-04,HYG,-0.00314134
2014-11-04,SPY,-0.003469
2014-11-04,TLT,0.00311033
2014-11-04,UUP,-0.00258626
2014-11-05,EEM,-0.00884319
2014-11-05,GLD,-0.0216539
2014-11-05,HYG,-0.00021749
2014-11-05,SPY,0.00631621
2014-11-05,TLT,-0.00142525
2014-11-05,UUP,0.00475368
2014-11-06,EEM,-0.01229826
2014-11-06,GLD,0.00081971
2014-11-06,HYG,0.00260823
2014-11-06,SPY,0.00400266
2014-11-06,TLT,-0.0064613
2014-11-06,UUP,0.00688167
2014-11-07,EEM,0.00634786
2014-11-07,GLD,0.02812162
2014-11-07,HYG,0.00097569
2014-11-07,SPY,0.0009354
2014-11-07,TLT,0.01148763
2014-11-07,UUP,-0.00598028
2014-11-10,EEM,0.0026685
2014-11-10,GLD,-0.02221831
2014-11-10,HYG,0.00043283
2014-11-10,SPY,0.00314762
2014-11-10,TLT,-0.00918587
2014-11-10,UUP,0.00300813
2014-11-11,EEM,-0.00096787
2014-11-11,GLD,0.01430384
2014-11-11,HYG,0.00227333
2014-11-11,SPY,0.00098061
2014-11-11,TLT,0.00067387
2014-11-11,UUP,-0.00385603
2014-11-12,EEM,-0.00193786
2014-11-12,GLD,-0.00481972
2014-11-12,HYG,-0.00323989
2014-11-12,SPY,-0.00107751
2014-11-12,TLT,-0.00084222
2014-11-12,UUP,0.00344074
2014-11-13,EEM,-0.00266885
2014-11-13,GLD,0.00152465
2014-11-13,HYG,-0.00411693
2014-11-13,SPY,0.0011277
2014-11-13,TLT,0.00236048
2014-11-13,UUP,-0.00085719
2014-11-14,EEM,0.00827239
2014-11-14,GLD,0.02507391
2014-11-14,HYG,-0.0050053
2014-11-14,SPY,0.00024449
2014-11-14,TLT,0.0048774
2014-11-14,UUP,-0.00257396
2014-11-17,EEM,-0.01061771
2014-11-17,GLD,-0.00366907
2014-11-17,HYG,-0.00010952
2014-11-17,SPY,0.00063683
2014-11-17,TLT,-0.00251015
2014-11-17,UUP,0.00516121
2014-11-18,EEM,0.00536601
2014-11-18,GLD,0.00876808
2014-11-18,HYG,-0.00196795
2014-11-18,SPY,0.00577342
2014-11-18,TLT,0.00276829
2014-11-18,UUP,-0.00470699
2014-11-19,EEM,-0.00048529
2014-11-19,GLD,-0.01190789
2014-11-19,HYG,-0.00022004
2014-11-19,SPY,-0.00160499
2014-11-19,TLT,-0.00635866
2014-11-19,UUP,0.00171963
2014-11-20,EEM,-0.00169906
2014-11-20,GLD,0.01038002
2014-11-20,HYG,0.00011016
2014-11-20,SPY,0.00175402
2014-11-20,TLT,0.00522045
2014-11-20,UUP,-0.00128729
2014-11-21,EEM,0.03185024
2014-11-21,GLD,0.0046143
2014-11-21,HYG,0.00547966
2014-11-21,SPY,0.00535086
2014-11-21,TLT,0.00603044
2014-11-21,UUP,0.0081648
2014-11-24,EEM,-0.00824701
2014-11-24,GLD,-0.00242654
2014-11-24,HYG,-0.00010931
2014-11-24,SPY,0.00280611
2014-11-24,TLT,0.00083377
2014-11-24,UUP,-0.00255741
2014-11-25,EEM,-0.0064148
2014-11-25,GLD,0.00234555
2014-11-25,HYG,0.00163464
2014-11-25,SPY,-0.0007236
2014-11-25,TLT,0.00831956
2014-11-25,UUP,-0.0021368
2014-11-26,EEM,0.01267319
2014-11-26,GLD,-0.00190669
2014-11-26,HYG,0.00130641
2014-11-26,SPY,0.00255915
2014-11-26,TLT,0.00272255
2014-11-26,UUP,-0.00299773
2014-11-28,EEM,-0.02007088
2014-11-28,GLD,-0.02648492
2014-11-28,HYG,-0.00956456
2014-11-28,SPY,-0.00211947
2014-11-28,TLT,0.00789939
2014-11-28,UUP,0.00816139
2014-12-01,EEM,-0.01710818
2014-12-01,GLD,0.03987157
2014-12-01,HYG,-0.01006403
2014-12-01,SPY,-0.00694959
2014-12-01,TLT,-0.00583418
2014-12-01,UUP,-0.00468674
2014-12-02,EEM,-0.00024499
2014-12-02,GLD,-0.01235205
2014-12-02,HYG,0.0054564
2014-12-02,SPY,0.00646383
2014-12-02,TLT,-0.00971171
2014-12-02,UUP,0.00813344
2014-12-03,EEM,0.00269699
2014-12-03,GLD,0.01033527
2014-12-03,HYG,0.00166171
2014-12-03,SPY,0.0038631
2014-12-03,TLT,0.00390564
2014-12-03,UUP,0.00297246
2014-12-04,EEM,0.00171206
2014-12-04,GLD,-0.00386834
2014-12-04,HYG,-0.00066409
2014-12-04,SPY,-0.00110647
2014-12-04,TLT,0.00836212
2014-12-04,UUP,-0.00381022
2014-12-05,EEM,-0.0019531
2014-12-05,GLD,-0.01251292
2014-12-05,HYG,-0.00077364
2014-12-05,SPY,0.00163756
2014-12-05,TLT,-0.00582908
2014-12-05,UUP,0.00764959
2014-12-08,EEM,-0.01467707
2014-12-08,GLD,0.01179759
2014-12-08,HYG,-0.00509449
2014-12-08,SPY,-0.00668284
2014-12-08,TLT,0.01222212
2014-12-08,UUP,-0.00210876
2014-12-09,EEM,-0.00943389
2014-12-09,GLD,0.02081537
2014-12-09,HYG,-0.00055598
2014-12-09,SPY,-0.00067757
2014-12-09,TLT,0.00513963
2014-12-09,UUP,-0.0046492
2014-12-10,EEM,-0.01478705
2014-12-10,GLD,-0.00194605
2014-12-10,HYG,-0.01147004
2014-12-10,SPY,-0.01603136
2014-12-10,TLT,0.00730545
2014-12-10,UUP,-0.00552019
2014-12-11,EEM,-0.00839487
2014-12-11,GLD,-0.00228888
2014-12-11,HYG,-0.00360518
2014-12-11,SPY,0.00506997
2014-12-11,TLT,0.0041098
2014-12-11,UUP,0.00384295
2014-12-12,EEM,-0.01641876
2014-12-12,GLD,-0.00237912
2014-12-12,HYG,-0.01356649
2014-12-12,SPY,-0.01616131
2014-12-12,TLT,0.01356171
2014-12-12,UUP,-0.00340288
2014-12-15,EEM,-0.0143451
2014-12-15,GLD,-0.02572187
2014-12-15,HYG,-0.00057337
2014-12-15,SPY,-0.00686978
2014-12-15,TLT,-0.00205858
2014-12-15,UUP,0.00213397
2014-12-16,EEM,-0.00158774
2014-12-16,GLD,0.00489551
2014-12-16,HYG,-0.00355502
2014-12-16,SPY,-0.00801947
2014-12-16,TLT,0.01237716
2014-12-16,UUP,-0.00724007
2014-12-17,EEM,0.02298675
2014-12-17,GLD,-0.00591562
2014-12-17,HYG,0.02037071
2014-12-17,SPY,0.01960525
2014-12-17,TLT,-0.00901275
2014-12-17,UUP,0.01244109
2014-12-18,EEM,0.01366653
2014-12-18,GLD,0.0077011
2014-12-18,HYG,0.00800812
2014-12-18,SPY,0.02472844
2014-12-18,TLT,-0.01779337
2014-12-18,UUP,0.00296607
2014-12-19,EEM,0.00700001
2014-12-19,GLD,-0.00330009
2014-12-19,HYG,0.00962307
2014-12-19,SPY,0.0042544
2014-12-19,TLT,0.013446
2014-12-19,UUP,0.00422475
2014-12-22,EEM,0.01390328
2014-12-22,GLD,-0.01934298
2014-12-22,HYG,-0.00243838
2014-12-22,SPY,0.00460053
2014-12-22,TLT,0.0013505
2014-12-22,UUP,0.00084122
2014-12-23,EEM,-0.00914169
2014-12-23,GLD,0.00168809
2014-12-23,HYG,0.00355527
2014-12-23,SPY,0.00134934
2014-12-23,TLT,-0.01983429
2014-12-23,UUP,0.00504425
2014-12-24,EEM,0.0023063
2014-12-24,GLD,0.00026609
2014-12-24,HYG,0.00340151
2014-12-24,SPY,9.636e-05
2014-12-24,TLT,0.00544279
2014-12-24,UUP,-0.00125473
2014-12-26,EEM,0.00792682
2014-12-26,GLD,0.01826732
2014-12-26,HYG,-0.00310217
2014-12-26,SPY,0.00322493
2014-12-26,TLT,0.00371127
2014-12-26,UUP,0.00041877
2014-12-29,EEM,-0.00608848
2014-12-29,GLD,-0.01010192
2014-12-29,HYG,0.0005554
2014-12-29,SPY,0.00134297
2014-12-29,TLT,0.00747474
2014-12-29,UUP,0.00251147
2014-12-30,EEM,0.00204163
2014-12-30,GLD,0.01346001
2014-12-30,HYG,-0.00199951
2014-12-30,SPY,-0.00536583
2014-12-30,TLT,0.00271304
2014-12-30,UUP,-0.00250518
2014-12-31,EEM,0.00076426
2014-12-31,GLD,-0.01406246
2014-12-31,HYG,-0.00267118
2014-12-31,SPY,-0.00992302
2014-12-31,TLT,0.00190914
2014-12-31,UUP,0.00334875
2015-01-02,EEM,-0.01323497
2015-01-02,GLD,0.00440218
2015-01-02,HYG,0.0
2015-01-02,SPY,-0.00053518
2015-01-02,TLT,0.01111853
2015-01-02,UUP,0.00959525
2015-01-05,EEM,-0.0177972
2015-01-05,GLD,0.01507715
2015-01-05,HYG,-0.00926301
2015-01-05,SPY,-0.0180594
2015-01-05,TLT,0.01570823
2015-01-05,UUP,0.00206625
2015-01-06,EEM,-0.00420186
2015-01-06,GLD,0.01139896
2015-01-06,HYG,-0.0038304
2015-01-06,SPY,-0.00941927
2015-01-06,TLT,0.0180174
2015-01-06,UUP,0.00206171
2015-01-07,EEM,0.02162459
2015-01-07,GLD,-0.00589141
2015-01-07,HYG,0.00621954
2015-01-07,SPY,0.01246105
2015-01-07,TLT,-0.00197495
2015-01-07,UUP,0.00370369
2015-01-08,EEM,0.01703665
2015-01-08,GLD,-0.00420852
2015-01-08,HYG,0.00752996
2015-01-08,SPY,0.01774503
2015-01-08,TLT,-0.01324287
2015-01-08,UUP,0.00410004
2015-01-09,EEM,-0.00329955
2015-01-09,GLD,0.0113852
2015-01-09,HYG,0.00501965
2015-01-09,SPY,-0.00801332
2015-01-09,TLT,0.01095215
2015-01-09,UUP,-0.00449154
2015-01-12,EEM,-0.0081487
2015-01-12,GLD,0.01108644
2015-01-12,HYG,-0.00122041
2015-01-12,SPY,-0.00783352
2015-01-12,TLT,0.00572241
2015-01-12,UUP,0.0
2015-01-13,EEM,0.00872922
2015-01-13,GLD,-0.00337377
2015-01-13,HYG,0.0
2015-01-13,SPY,-0.00281276
2015-01-13,TLT,0.0
2015-01-13,UUP,0.00287117
2015-01-14,EEM,-0.00559943
2015-01-14,GLD,-0.00160801
2015-01-14,HYG,-0.0023342
2015-01-14,SPY,-0.00603718
2015-01-14,TLT,0.00758595
2015-01-14,UUP,-0.00204503
2015-01-15,EEM,0.00230367
2015-01-15,GLD,0.0251759
2015-01-15,HYG,-0.00612594
2015-01-15,SPY,-0.00916088
2015-01-15,TLT,0.0157357
2015-01-15,UUP,0.00327857
2015-01-16,EEM,0.00842684
2015-01-16,GLD,0.01306428
2015-01-16,HYG,0.00381033
2015-01-16,SPY,0.01311485
2015-01-16,TLT,-0.01274904
2015-01-16,UUP,0.00449356
2015-01-20,EEM,-0.00151955
2015-01-20,GLD,0.01371205
2015-01-20,HYG,-0.00178647
2015-01-20,SPY,0.00213227
2015-01-20,TLT,0.01328891
2015-01-20,UUP,0.00406678
2015-01-21,EEM,0.02206482
2015-01-21,GLD,0.0002416
2015-01-21,HYG,0.00536908
2015-01-21,SPY,0.00504769
2015-01-21,TLT,-0.01155952
2015-01-21,UUP,-0.00283522
2015-01-22,EEM,0.01910665
2015-01-22,GLD,0.00804959
2015-01-22,HYG,0.00133457
2015-01-22,SPY,0.01487159
2015-01-22,TLT,-0.00359748
2015-01-22,UUP,0.01502848
2015-01-23,EEM,-0.00754811
2015-01-23,GLD,-0.00798531
2015-01-23,HYG,0.0
2015-01-23,SPY,-0.00548318
2015-01-23,TLT,0.01391839
2015-01-23,UUP,0.00880344
2015-01-26,EEM,0.00049065
2015-01-26,GLD,-0.00998153
2015-01-26,HYG,0.0045555
2015-01-26,SPY,0.00234192
2015-01-26,TLT,-0.00304249
2015-01-26,UUP,-0.00158671
2015-01-27,EEM,-0.00539466
2015-01-27,GLD,0.01146438
2015-01-27,HYG,-0.00077426
2015-01-27,SPY,-0.01319077
2015-01-27,TLT,0.00156323
2015-01-27,UUP,-0.0095351
2015-01-28,EEM,-0.01084808
2015-01-28,GLD,-0.00787784
2015-01-28,HYG,-0.00210327
2015-01-28,SPY,-0.01282443
2015-01-28,TLT,0.01634808
2015-01-28,UUP,0.00601689
2015-01-29,EEM,0.0
2015-01-29,GLD,-0.02155239
2015-01-29,HYG,0.00354869
2015-01-29,SPY,0.0092439
2015-01-29,TLT,-0.00658067
2015-01-29,UUP,0.00079737
2015-01-30,EEM,-0.02741794
2015-01-30,GLD,0.02227554
2015-01-30,HYG,-0.00276239
2015-01-30,SPY,-0.01257509
2015-01-30,TLT,0.01773784
2015-01-30,UUP,0.00119515
2015-02-02,EEM,0.01793953
2015-02-02,GLD,-0.00834345
2015-02-02,HYG,0.00383894
2015-02-02,SPY,0.01238417
2015-02-02,TLT,-0.00377562
2015-02-02,UUP,-0.00198952
2015-02-03,EEM,0.01888228
2015-02-03,GLD,-0.01119094
2015-02-03,HYG,0.00565372
2015-02-03,SPY,0.01446085
2015-02-03,TLT,-0.02116601
2015-02-03,UUP,-0.01156298
2015-02-04,EEM,-0.0049423
2015-02-04,GLD,0.00437835
2015-02-04,HYG,-0.00418834
2015-02-04,SPY,-0.00380762
2015-02-04,TLT,0.0017083
2015-02-04,UUP,0.00605077
2015-02-05,EEM,0.00595961
2015-02-05,GLD,0.00172725
2015-02-05,HYG,0.00586619
2015-02-05,SPY,0.01009517
2015-02-05,TLT,-0.01097868
2015-02-05,UUP,-0.00721739
2015-02-06,EEM,-0.01703241
2015-02-06,GLD,-0.0258642
2015-02-06,HYG,0.00076982
2015-02-06,SPY,-0.00276505
2015-02-06,TLT,-0.01770123
2015-02-06,UUP,0.0121163
2015-02-09,EEM,-0.00150677
2015-02-09,GLD,0.00446729
2015-02-09,HYG,-0.0024185
2015-02-09,SPY,-0.0044762
2015-02-09,TLT,-0.00160406
2015-02-09,UUP,-0.00079801
2015-02-10,EEM,-0.00251497
2015-02-10,GLD,-0.00587394
2015-02-10,HYG,0.00341624
2015-02-10,SPY,0.01065357
2015-02-10,TLT,-0.0079543
2015-02-10,UUP,0.00119811
2015-02-11,EEM,-0.00731257
2015-02-11,GLD,-0.01181735
2015-02-11,HYG,-0.00032919
2015-02-11,SPY,0.00057998
2015-02-11,TLT,0.00185058
2015-02-11,UUP,0.00358993
2015-02-12,EEM,0.02133632
2015-02-12,GLD,0.00230628
2015-02-12,HYG,-0.00010997
2015-02-12,SPY,0.00961714
2015-02-12,TLT,-0.00330922
2015-02-12,UUP,-0.00953898
2015-02-13,EEM,0.01143969
2015-02-13,GLD,0.0054543
2015-02-13,HYG,0.00142949
2015-02-13,SPY,0.00411583
2015-02-13,TLT,-0.01026846
2015-02-13,UUP,-0.00040111
2015-02-17,EEM,-0.00221262
2015-02-17,GLD,-0.01669776
2015-02-17,HYG,-0.00065881
2015-02-17,SPY,0.00157371
2015-02-17,TLT,-0.01505586
2015-02-17,UUP,-0.00120454
2015-02-18,EEM,-0.00024651
2015-02-18,GLD,0.00284453
2015-02-18,HYG,0.00340403
2015-02-18,SPY,9.484e-05
2015-02-18,TLT,0.00593949
2015-02-18,UUP,0.00040194
2015-02-19,EEM,-0.00419018
2015-02-19,GLD,-0.00343815
2015-02-19,HYG,-0.00229821
2015-02-19,SPY,-0.00071385
2015-02-19,TLT,-0.00661294
2015-02-19,UUP,0.00361599
2015-02-20,EEM,0.00668281
2015-02-20,GLD,-0.00569263
2015-02-20,HYG,0.00274255
2015-02-20,SPY,0.00600063
2015-02-20,TLT,0.00293226
2015-02-20,UUP,-0.00080075
2015-02-23,EEM,-0.01008087
2015-02-23,GLD,0.00130119
2015-02-23,HYG,0.00076542
2015-02-23,SPY,-0.00014202
2015-02-23,TLT,0.01145897
2015-02-23,UUP,0.00280464
2015-02-24,EEM,0.01440627
2015-02-24,GLD,-0.00147274
2015-02-24,HYG,0.00098386
2015-02-24,SPY,0.00284089
2015-02-24,TLT,0.01312618
2015-02-24,UUP,-0.00199765
2015-02-25,EEM,-0.00195877
2015-02-25,GLD,0.00381741
2015-02-25,HYG,0.00327664
2015-02-25,SPY,-0.00084965
2015-02-25,TLT,0.00431833
2015-02-25,UUP,-0.00200164
2015-02-26,EEM,0.00024524
2015-02-26,GLD,0.00319795
2015-02-26,HYG,-0.00021841
2015-02-26,SPY,-0.00118176
2015-02-26,TLT,-0.01366783
2015-02-26,UUP,0.01042924
2015-02-27,EEM,-0.00073583
2015-02-27,GLD,0.00077543
2015-02-27,HYG,0.00021845
2015-02-27,SPY,-0.00340587
2015-02-27,TLT,0.00840795
2015-02-27,UUP,0.00039699
2015-03-02,EEM,-0.00147292
2015-03-02,GLD,-0.00413226
2015-03-02,HYG,-0.00018635
2015-03-02,SPY,0.00631337
2015-03-02,TLT,-0.01862701
2015-03-02,UUP,0.00198408
2015-03-03,EEM,-0.00761993
2015-03-03,GLD,-0.00181534
2015-03-03,HYG,-0.00284282
2015-03-03,SPY,-0.00410401
2015-03-03,TLT,-0.00362549
2015-03-03,UUP,-0.00039614
2015-03-04,EEM,-0.01089914
2015-03-04,GLD,-0.0031177
2015-03-04,HYG,-0.0018643
2015-03-04,SPY,-0.0042153
2015-03-04,TLT,0.00031663
2015-03-04,UUP,0.00515067
2015-03-05,EEM,-0.00150286
2015-03-05,GLD,-0.00095561
2015-03-05,HYG,0.00186778
2015-03-05,SPY,0.00109387
2015-03-05,TLT,-0.00126621
2015-03-05,UUP,0.00473001
2015-03-06,EEM,-0.0153
2015-03-06,GLD,-0.02730434
2015-03-06,HYG,-0.00635928
2015-03-06,SPY,-0.0140643
2015-03-06,TLT,-0.0220915
2015-03-06,UUP,0.01216163
2015-03-09,EEM,-0.00382072
2015-03-09,GLD,0.00098338
2015-03-09,HYG,-0.00209678
2015-03-09,SPY,0.00414417
2015-03-09,TLT,0.00923085
2015-03-09,UUP,0.0
2015-03-10,EEM,-0.02224454
2015-03-10,GLD,-0.00491206
2015-03-10,HYG,-0.00387053
2015-03-10,SPY,-0.0162219
2015-03-10,TLT,0.01315808
2015-03-10,UUP,0.01046508
2015-03-11,EEM,0.0075836
2015-03-11,GLD,-0.00601327
2015-03-11,HYG,0.00277504
2015-03-11,SPY,-0.00234153
2015-03-11,TLT,0.00728545
2015-03-11,UUP,0.01112405
2015-03-12,EEM,0.00622867
2015-03-12,GLD,-0.00027087
2015-03-12,HYG,0.00199304
2015-03-12,SPY,0.01271415
2015-03-12,TLT,-0.00070742
2015-03-12,UUP,-0.00531137
2015-03-13,EEM,-0.01212266
2015-03-13,GLD,0.00144505
2015-03-13,HYG,-0.00342517
2015-03-13,SPY,-0.00613236
2015-03-13,TLT,-0.00306801
2015-03-13,UUP,0.01029771
2015-03-16,EEM,0.01201037
2015-03-16,GLD,-0.00063131
2015-03-16,HYG,-0.00099725
2015-03-16,SPY,0.01336039
2015-03-16,TLT,0.009627
2015-03-16,UUP,-0.00755001
2015-03-17,EEM,0.01160976
2015-03-17,GLD,-0.00541466
2015-03-17,HYG,-0.00499428
2015-03-17,SPY,-0.00297233
2015-03-17,TLT,0.0082849
2015-03-17,UUP,0.00038021
2015-03-18,EEM,0.02448374
2015-03-18,GLD,0.01959898
2015-03-18,HYG,0.00892257
2015-03-18,SPY,0.01202147
2015-03-18,TLT,0.01930271
2015-03-18,UUP,-0.01977169
2015-03-19,EEM,-0.01692815
2015-03-19,GLD,-0.00071195
2015-03-19,HYG,-0.00795873
2015-03-19,SPY,-0.00456148
2015-03-19,TLT,-0.00509573
2015-03-19,UUP,0.0151278
2015-03-20,EEM,0.01494067
2015-03-20,GLD,0.01139905
2015-03-20,HYG,0.00779987
2015-03-20,SPY,0.00882683
2015-03-20,TLT,0.00527464
2015-03-20,UUP,-0.01337404
2015-03-23,EEM,0.00299405
2015-03-23,GLD,0.00633971
2015-03-23,HYG,0.00077385
2015-03-23,SPY,-0.00194879
2015-03-23,TLT,-0.00121693
2015-03-23,UUP,-0.01084419
2015-03-24,EEM,0.00398003
2015-03-24,GLD,0.0024499
2015-03-24,HYG,0.00154689
2015-03-24,SPY,-0.00561889
2015-03-24,TLT,0.00966857
2015-03-24,UUP,0.00313223
2015-03-25,EEM,-0.01585731
2015-03-25,GLD,0.00139656
2015-03-25,HYG,-0.00264782
2015-03-25,SPY,-0.01465412
2015-03-25,TLT,-0.00844485
2015-03-25,UUP,-0.00273221
2015-03-26,EEM,-0.00931553
2015-03-26,GLD,0.00653709
2015-03-26,HYG,-0.00011053
2015-03-26,SPY,-0.00238107
2015-03-26,TLT,-0.01558895
2015-03-26,UUP,0.00352258
2015-03-27,EEM,0.00279588
2015-03-27,GLD,-0.00363704
2015-03-27,HYG,0.00077443
2015-03-27,SPY,0.00228966
2015-03-27,TLT,0.0124371
2015-03-27,UUP,0.00077996
2015-03-30,EEM,0.01925994
2015-03-30,GLD,-0.01138534
2015-03-30,HYG,0.00276354
2015-03-30,SPY,0.01220007
2015-03-30,TLT,-0.00495967
2015-03-30,UUP,0.00779413
2015-03-31,EEM,-0.00223761
2015-03-31,GLD,-0.00079118
2015-03-31,HYG,-0.00121246
2015-03-31,SPY,-0.00873969
2015-03-31,TLT,0.00214731
2015-03-31,UUP,0.00154691
2015-04-01,EEM,0.01245945
2015-04-01,GLD,0.0170684
2015-04-01,HYG,0.00206176
2015-04-01,SPY,-0.00353634
2015-04-01,TLT,0.01313431
2015-04-01,UUP,0.00038602
2015-04-02,EEM,0.01501338
2015-04-02,GLD,-0.00276816
2015-04-02,HYG,0.0007744
2015-04-02,SPY,0.00359756
2015-04-02,TLT,-0.01059533
2015-04-02,UUP,-0.00771893
2015-04-06,EEM,0.01285172
2015-04-06,GLD,0.01223112
2015-04-06,HYG,0.00254212
2015-04-06,SPY,0.00673343
2015-04-06,TLT,-0.00558431
2015-04-06,UUP,-0.00777915
2015-04-07,EEM,-0.00502767
2015-04-07,GLD,-0.00497045
2015-04-07,HYG,0.0052933
2015-04-07,SPY,-0.00264672
2015-04-07,TLT,0.00838486
2015-04-07,UUP,0.01136816
2015-04-08,EEM,0.02093373
2015-04-08,GLD,-0.00551201
2015-04-08,HYG,-0.00021978
2015-04-08,SPY,0.00337731
2015-04-08,TLT,0.00030533
2015-04-08,UUP,0.00155042
2015-04-09,EEM,0.0098987
2015-04-09,GLD,-0.00692823
2015-04-09,HYG,-0.00098676
2015-04-09,SPY,0.0044233
2015-04-09,TLT,-0.01296472
2015-04-09,UUP,0.01044888
2015-04-10,EEM,0.00070017
2015-04-10,GLD,0.01133691
2015-04-10,HYG,0.00230617
2015-04-10,SPY,0.00545749
2015-04-10,TLT,0.00146804
2015-04-10,UUP,0.00229785
2015-04-13,EEM,-0.00583043
2015-04-13,GLD,-0.00715704
2015-04-13,HYG,-0.00186271
2015-04-13,SPY,-0.00452343
2015-04-13,TLT,0.00138902
2015-04-13,UUP,0.0015285
2015-04-14,EEM,0.00445694
2015-04-14,GLD,-0.00607953
2015-04-14,HYG,0.00043936
2015-04-14,SPY,0.00191321
2015-04-14,TLT,0.00708794
2015-04-14,UUP,-0.00763058
2015-04-15,EEM,0.00700625
2015-04-15,GLD,0.0086508
2015-04-15,HYG,0.00394911
2015-04-15,SPY,0.00448699
2015-04-15,TLT,-0.00084205
2015-04-15,UUP,-0.00461362
2015-04-16,EEM,0.00788487
2015-04-16,GLD,-0.00346532
2015-04-16,HYG,-0.00207625
2015-04-16,SPY,-0.00028483
2015-04-16,TLT,-0.00497661
2015-04-16,UUP,-0.00772498
2015-04-17,EEM,-0.01748729
2015-04-17,GLD,0.00495523
2015-04-17,HYG,-0.00306676
2015-04-17,SPY,-0.01150353
2015-04-17,TLT,0.01146539
2015-04-17,UUP,-0.0023355
2015-04-20,EEM,-0.00093672
2015-04-20,GLD,-0.00761243
2015-04-20,HYG,0.00219749
2015-04-20,SPY,0.00913663
2015-04-20,TLT,-0.00882452
2015-04-20,UUP,0.00585255
2015-04-21,EEM,0.00586004
2015-04-21,GLD,0.0057531
2015-04-21,HYG,0.00065806
2015-04-21,SPY,-0.00119132
2015-04-21,TLT,-0.00452899
2015-04-21,UUP,0.00116354
2015-04-22,EEM,0.01072034
2015-04-22,GLD,-0.01343383
2015-04-22,HYG,-0.00098641
2015-04-22,SPY,0.00491423
2015-04-22,TLT,-0.01526556
2015-04-22,UUP,0.0
2015-04-23,EEM,0.00737835
2015-04-23,GLD,0.00729159
2015-04-23,HYG,-0.00032872
2015-04-23,SPY,0.00251622
2015-04-23,TLT,0.0043064
2015-04-23,UUP,-0.00736147
2015-04-24,EEM,0.00366188
2015-04-24,GLD,-0.01404152
2015-04-24,HYG,0.00164551
2015-04-24,SPY,0.00232044
2015-04-24,TLT,0.00623716
2015-04-24,UUP,-0.00390311
2015-04-27,EEM,0.00387714
2015-04-27,GLD,0.02016806
2015-04-27,HYG,0.00032797
2015-04-27,SPY,-0.00415766
2015-04-27,TLT,0.0
2015-04-27,UUP,-0.00313486
2015-04-28,EEM,0.00159019
2015-04-28,GLD,0.00867077
2015-04-28,HYG,-0.00153221
2015-04-28,SPY,0.00317881
2015-04-28,TLT,-0.01379137
2015-04-28,UUP,-0.00628927
2015-04-29,EEM,-0.01247474
2015-04-29,GLD,-0.00704891
2015-04-29,HYG,-0.0018644
2015-04-29,SPY,-0.00411514
2015-04-29,TLT,-0.01225567
2015-04-29,UUP,-0.00870263
2015-04-30,EEM,-0.01515814
2015-04-30,GLD,-0.01766082
2015-04-30,HYG,-0.00054916
2015-04-30,SPY,-0.0100202
2015-04-30,TLT,0.00175001
2015-04-30,UUP,-0.0059854
2015-05-01,EEM,0.00606308
2015-05-01,GLD,-0.00343703
2015-05-01,HYG,0.00223038
2015-05-01,SPY,0.01084144
2015-05-01,TLT,-0.01346134
2015-05-01,UUP,0.00481726
2015-05-04,EEM,0.00579518
2015-05-04,GLD,0.00902013
2015-05-04,HYG,-0.00022004
2015-05-04,SPY,0.00284709
2015-05-04,TLT,-0.00943533
2015-05-04,UUP,0.00279652
2015-05-05,EEM,-0.01083166
2015-05-05,GLD,0.00280455
2015-05-05,HYG,-0.00132252
2015-05-05,SPY,-0.01145147
2015-05-05,TLT,-0.00138441
2015-05-05,UUP,-0.00278872
2015-05-06,EEM,-0.01234912
2015-05-06,GLD,-0.00052436
2015-05-06,HYG,-0.00297841
2015-05-06,SPY,-0.00411699
2015-05-06,TLT,-0.01712034
2015-05-06,UUP,-0.01118673
2015-05-07,EEM,-0.00141507
2015-05-07,GLD,-0.00821968
2015-05-07,HYG,-0.00011067
2015-05-07,SPY,0.00398983
2015-05-07,TLT,0.01343726
2015-05-07,UUP,0.00525255
2015-05-08,EEM,0.01275693
2015-05-08,GLD,0.00484926
2015-05-08,HYG,0.00785724
2015-05-08,SPY,0.01316587
2015-05-08,TLT,0.00270088
2015-05-08,UUP,0.001206
2015-05-11,EEM,-0.00956371
2015-05-11,GLD,-0.00386069
2015-05-11,HYG,-0.00625879
2015-05-11,SPY,-0.00477236
2015-05-11,TLT,-0.02432444
2015-05-11,UUP,0.00321145
2015-05-12,EEM,-0.003297
2015-05-12,GLD,0.00854401
2015-05-12,HYG,-0.00011036
2015-05-12,SPY,-0.00299188
2015-05-12,TLT,0.00259314
2015-05-12,UUP,-0.00560218
2015-05-13,EEM,0.00189027
2015-05-13,GLD,0.01790396
2015-05-13,HYG,-0.00143668
2015-05-13,SPY,0.00019088
2015-05-13,TLT,-0.00801024
2015-05-13,UUP,-0.00885322
2015-05-14,EEM,0.00990535
2015-05-14,GLD,0.00540538
2015-05-14,HYG,0.00486859
2015-05-14,SPY,0.01042777
2015-05-14,TLT,0.00269158
2015-05-14,UUP,-0.00324823
2015-05-15,EEM,0.00770691
2015-05-15,GLD,0.00298684
2015-05-15,HYG,0.00220244
2015-05-15,SPY,0.00108354
2015-05-15,TLT,0.02005005
2015-05-15,UUP,-0.00162918
2015-05-18,EEM,-0.01019717
2015-05-18,GLD,-8.51e-05
2015-05-18,HYG,-0.00164775
2015-05-18,SPY,0.00310713
2015-05-18,TLT,-0.01677754
2015-05-18,UUP,0.00979185
2015-05-19,EEM,0.00163908
2015-05-19,GLD,-0.01386996
2015-05-19,HYG,-0.00154077
2015-05-19,SPY,-0.00032867
2015-05-19,TLT,-0.00886639
2015-05-19,UUP,0.01171724
2015-05-20,EEM,-0.00070154
2015-05-20,GLD,0.00163951
2015-05-20,HYG,-0.00121253
2015-05-20,SPY,-0.00070395
2015-05-20,TLT,0.00168787
2015-05-20,UUP,0.00199694
2015-05-21,EEM,-0.00350857
2015-05-21,GLD,-0.00335975
2015-05-21,HYG,0.00143471
2015-05-21,SPY,0.00291225
2015-05-21,TLT,0.01398614
2015-05-21,UUP,-0.00159439
2015-05-22,EEM,0.00328674
2015-05-22,GLD,-0.00077798
2015-05-22,HYG,0.00077094
2015-05-22,SPY,-0.0023887
2015-05-22,TLT,0.00041505
2015-05-22,UUP,0.00918165
2015-05-26,EEM,-0.01591041
2015-05-26,GLD,-0.01461933
2015-05-26,HYG,-0.00209167
2015-05-26,SPY,-0.01075187
2015-05-26,TLT,0.01710959
2015-05-26,UUP,0.01107601
2015-05-27,EEM,0.00023731
2015-05-27,GLD,-0.00017561
2015-05-27,HYG,0.00220682
2015-05-27,SPY,0.00949234
2015-05-27,TLT,0.0022868
2015-05-27,UUP,0.00039124
2015-05-28,EEM,-0.01307326
2015-05-28,GLD,0.00114143
2015-05-28,HYG,-0.00043985
2015-05-28,SPY,-0.00112855
2015-05-28,TLT,-0.00244387
2015-05-28,UUP,-0.00273764
2015-05-29,EEM,-0.00963404
2015-05-29,GLD,0.00070165
2015-05-29,HYG,0.00143187
2015-05-29,SPY,-0.0062128
2015-05-29,TLT,0.00220467
2015-05-29,UUP,-0.00156875
2015-06-01,EEM,-0.00389086
2015-06-01,GLD,-0.00087641
2015-06-01,HYG,0.0016789
2015-06-01,SPY,0.00203688
2015-06-01,TLT,-0.01074758
2015-06-01,UUP,0.00589181
2015-06-02,EEM,0.00390606
2015-06-02,GLD,0.00403508
2015-06-02,HYG,-0.0018752
2015-06-02,SPY,-0.00099297
2015-06-02,TLT,-0.01395205
2015-06-02,UUP,-0.01522849
2015-06-03,EEM,-0.00510691
2015-06-03,GLD,-0.00716407
2015-06-03,HYG,-0.00541482
2015-06-03,SPY,0.00264953
2015-06-03,TLT,-0.01607472
2015-06-03,UUP,-0.00674074
2015-06-04,EEM,-0.01515515
2015-06-04,GLD,-0.0070398
2015-06-04,HYG,-0.00322263
2015-06-04,SPY,-0.00844627
2015-06-04,TLT,0.0130188
2015-06-04,UUP,0.00119763
2015-06-05,EEM,-0.0044677
2015-06-05,GLD,-0.00531725
2015-06-05,HYG,-0.00300917
2015-06-05,SPY,-0.00171361
2015-06-05,TLT,-0.0121795
2015-06-05,UUP,0.00877203
2015-06-08,EEM,-0.00024939
2015-06-08,GLD,0.00294014
2015-06-08,HYG,0.0
2015-06-08,SPY,-0.00614939
2015-06-08,TLT,-0.00110572
2015-06-08,UUP,-0.01146252
2015-06-09,EEM,-0.00598475
2015-06-09,GLD,0.00222084
2015-06-09,HYG,-0.00167739
2015-06-09,SPY,-0.00014397
2015-06-09,TLT,-0.00791677
2015-06-09,UUP,-0.00119955
2015-06-10,EEM,0.01455065
2015-06-10,GLD,0.00850912
2015-06-10,HYG,0.00134374
2015-06-10,SPY,0.01199343
2015-06-10,TLT,-0.00875273
2015-06-10,UUP,-0.0056046
2015-06-11,EEM,-0.0049453
2015-06-11,GLD,-0.00457019
2015-06-11,HYG,0.00201365
2015-06-11,SPY,0.00322364
2015-06-11,TLT,0.02103575
2015-06-11,UUP,0.00281828
2015-06-12,EEM,0.0
2015-06-12,GLD,-0.00026487
2015-06-12,HYG,-0.00368395
2015-06-12,SPY,-0.00765524
2015-06-12,TLT,0.0
2015-06-12,UUP,-0.00080309
2015-06-15,EEM,-0.01118294
2015-06-15,GLD,0.00441579
2015-06-15,HYG,-0.00470558
2015-06-15,SPY,-0.00428564
2015-06-15,TLT,0.00161102
2015-06-15,UUP,-0.00080328
2015-06-16,EEM,0.00025128
2015-06-16,GLD,-0.00360506
2015-06-16,HYG,0.00562882
2015-06-16,SPY,0.00545175
2015-06-16,TLT,0.00787187
2015-06-16,UUP,0.00201022
2015-06-17,EEM,0.00603029
2015-06-17,GLD,0.00467701
2015-06-17,HYG,-0.00089595
2015-06-17,SPY,0.00161723
2015-06-17,TLT,-0.0077267
2015-06-17,UUP,-0.00882817
2015-06-18,EEM,0.00924083
2015-06-18,GLD,0.01291174
2015-06-18,HYG,0.00369757
2015-06-18,SPY,0.01039937
2015-06-18,TLT,-0.00490887
2015-06-18,UUP,-0.00323894
2015-06-19,EEM,-0.00866126
2015-06-19,GLD,-0.00173428
2015-06-19,HYG,0.00055757
2015-06-19,SPY,-0.00443893
2015-06-19,TLT,0.01284304
2015-06-19,UUP,0.002437
2015-06-22,EEM,0.01447795
2015-06-22,GLD,-0.01285618
2015-06-22,HYG,0.00200786
2015-06-22,SPY,0.00512312
2015-06-22,TLT,-0.02040616
2015-06-22,UUP,0.00202598
2015-06-23,EEM,0.00984253
2015-06-23,GLD,-0.00659979
2015-06-23,HYG,-0.00066779
2015-06-23,SPY,0.0007076
2015-06-23,TLT,-0.00600085
2015-06-23,UUP,0.01172672
2015-06-24,EEM,-0.00706614
2015-06-24,GLD,-0.00265748
2015-06-24,HYG,-0.0026731
2015-06-24,SPY,-0.00726263
2015-06-24,TLT,0.00862403
2015-06-24,UUP,-0.00199854
2015-06-25,EEM,-0.00343632
2015-06-25,GLD,-0.00133221
2015-06-25,HYG,-0.00301626
2015-06-25,SPY,-0.00304066
2015-06-25,TLT,-0.00350539
2015-06-25,UUP,-0.00160187
2015-06-26,EEM,-0.00942686
2015-06-26,GLD,0.00106719
2015-06-26,HYG,-0.00291278
2015-06-26,SPY,-0.00019033
2015-06-26,TLT,-0.01124062
2015-06-26,UUP,0.00280792
2015-06-29,EEM,-0.02228902
2015-06-29,GLD,0.00453094
2015-06-29,HYG,-0.00685538
2015-06-29,SPY,-0.02097051
2015-06-29,TLT,0.02646876
2015-06-29,UUP,-0.00560003
2015-06-30,EEM,0.01485643
2015-06-30,GLD,-0.00619083
2015-06-30,HYG,0.00475307
2015-06-30,SPY,0.00209337
2015-06-30,TLT,-0.00693301
2015-06-30,UUP,0.00683835
2015-07-01,EEM,-0.00075693
2015-07-01,GLD,-0.00347067
2015-07-01,HYG,0.00016904
2015-07-01,SPY,0.00801553
2015-07-01,TLT,-0.01349816
2015-07-01,UUP,0.0079904
2015-07-02,EEM,0.00479897
2015-07-02,GLD,-0.00196465
2015-07-02,HYG,0.00373215
2015-07-02,SPY,-0.00091568
2015-07-02,TLT,0.0032871
2015-07-02,UUP,-0.00237826
2015-07-06,EEM,-0.02790362
2015-07-06,GLD,0.00268428
2015-07-06,HYG,-0.00326775
2015-07-06,SPY,-0.00284602
2015-07-06,TLT,0.01853424
2015-07-06,UUP,0.00198663
2015-07-07,EEM,-0.01499871
2015-07-07,GLD,-0.01160089
2015-07-07,HYG,0.00079089
2015-07-07,SPY,0.00628873
2015-07-07,TLT,0.00939457
2015-07-07,UUP,0.00317215
2015-07-08,EEM,-0.03439221
2015-07-08,GLD,0.00297936
2015-07-08,HYG,-0.00496918
2015-07-08,SPY,-0.01677703
2015-07-08,TLT,0.00863728
2015-07-08,UUP,-0.00395265
2015-07-09,EEM,0.01930403
2015-07-09,GLD,0.0024305
2015-07-09,HYG,0.00226985
2015-07-09,SPY,0.00180888
2015-07-09,TLT,-0.01970247
2015-07-09,UUP,0.00317458
2015-07-10,EEM,0.02534001
2015-07-10,GLD,0.00116736
2015-07-10,HYG,0.00577714
2015-07-10,SPY,0.01259121
2015-07-10,TLT,-0.01585842
2015-07-10,UUP,-0.00712032
2015-07-13,EEM,0.0067639
2015-07-13,GLD,-0.00448471
2015-07-13,HYG,0.00090037
2015-07-13,SPY,0.01103747
2015-07-13,TLT,-0.00310194
2015-07-13,UUP,0.00996028
2015-07-14,EEM,0.00180894
2015-07-14,GLD,-0.00225246
2015-07-14,HYG,-0.00101204
2015-07-14,SPY,0.00433791
2015-07-14,TLT,0.00328448
2015-07-14,UUP,-0.00157794
2015-07-15,EEM,-0.01134905
2015-07-15,GLD,-0.00523744
2015-07-15,HYG,0.0
2015-07-15,SPY,-0.00033197
2015-07-15,TLT,0.01059691
2015-07-15,UUP,0.00434602
2015-07-16,EEM,0.01252288
2015-07-16,GLD,-0.0036311
2015-07-16,HYG,0.00157653
2015-07-16,SPY,0.0080241
2015-07-16,TLT,0.00690529
2015-07-16,UUP,0.00550759
2015-07-17,EEM,-0.00128868
2015-07-17,GLD,-0.01011298
2015-07-17,HYG,-0.0026995
2015-07-17,SPY,0.00084805
2015-07-17,TLT,0.00516507
2015-07-17,UUP,0.00234729
2015-07-20,EEM,-0.00644975
2015-07-20,GLD,-0.02715145
2015-07-20,HYG,-0.00462149
2015-07-20,SPY,0.00051748
2015-07-20,TLT,-0.00421199
2015-07-20,UUP,0.00039042
2015-07-21,EEM,0.00025986
2015-07-21,GLD,-0.00312199
2015-07-21,HYG,-0.00181379
2015-07-21,SPY,-0.0039513
2015-07-21,TLT,0.00541355
2015-07-21,UUP,-0.00702308
2015-07-22,EEM,-0.01427837
2015-07-22,GLD,-0.00540951
2015-07-22,HYG,-0.0064683
2015-07-22,SPY,-0.00179434
2015-07-22,TLT,0.0062262
2015-07-22,UUP,0.00235753
2015-07-23,EEM,-0.00974439
2015-07-23,GLD,-0.00448474
2015-07-23,HYG,-0.00057144
2015-07-23,SPY,-0.00563018
2015-07-23,TLT,0.01245804
2015-07-23,UUP,-0.00392003
2015-07-24,EEM,-0.01436166
2015-07-24,GLD,0.00977664
2015-07-24,HYG,-0.00285685
2015-07-24,SPY,-0.01037184
2015-07-24,TLT,0.00247723
2015-07-24,UUP,0.00157422
2015-07-27,EEM,-0.01888848
2015-07-27,GLD,-0.00465114
2015-07-27,HYG,-0.0042399
2015-07-27,SPY,-0.00581737
2015-07-27,TLT,0.00535512
2015-07-27,UUP,-0.00785854
2015-07-28,EEM,0.010176
2015-07-28,GLD,0.00152581
2015-07-28,HYG,0.0054094
2015-07-28,SPY,0.01228289
2015-07-28,TLT,-0.00729306
2015-07-28,UUP,0.0007921
2015-07-29,EEM,0.00980111
2015-07-29,GLD,0.00142831
2015-07-29,HYG,0.00583875
2015-07-29,SPY,0.00687933
2015-07-29,TLT,-0.00371405
2015-07-29,UUP,0.00554011
2015-07-30,EEM,-0.00997585
2015-07-30,GLD,-0.00855759
2015-07-30,HYG,0.00295853
2015-07-30,SPY,0.00023712
2015-07-30,TLT,0.00770474
2015-07-30,UUP,0.00393545
2015-07-31,EEM,0.01089348
2015-07-31,GLD,0.00632976
2015-07-31,HYG,-0.00170189
2015-07-31,SPY,-0.00151785
2015-07-31,TLT,0.00739991
2015-07-31,UUP,-0.00313582
2015-08-03,EEM,-0.0167025
2015-08-03,GLD,-0.00791005
2015-08-03,HYG,-0.0018723
2015-08-03,SPY,-0.00337317
2015-08-03,TLT,0.0105262
2015-08-03,UUP,0.00235929
2015-08-04,EEM,0.0035613
2015-08-04,GLD,0.00201728
2015-08-04,HYG,0.0005716
2015-08-04,SPY,-0.00195409
2015-08-04,TLT,-0.00793217
2015-08-04,UUP,0.00509997
2015-08-05,EEM,0.00027313
2015-08-05,GLD,-0.00364296
2015-08-05,HYG,-0.0013722
2015-08-05,SPY,0.00329527
2015-08-05,TLT,-0.00750584
2015-08-05,UUP,-0.00039015
2015-08-06,EEM,-0.00873357
2015-08-06,GLD,0.00442605
2015-08-06,HYG,-0.00412154
2015-08-06,SPY,-0.00818753
2015-08-06,TLT,0.00887873
2015-08-06,UUP,-0.0019524
2015-08-07,EEM,-0.00055085
2015-08-07,GLD,0.00249068
2015-08-07,HYG,-0.00310409
2015-08-07,SPY,-0.00191969
2015-08-07,TLT,0.01311779
2015-08-07,UUP,-0.00156498
2015-08-10,EEM,0.01680473
2015-08-10,GLD,0.01022455
2015-08-10,HYG,0.00288268
2015-08-10,SPY,0.0125987
2015-08-10,TLT,-0.01238597
2015-08-10,UUP,-0.0047023
2015-08-11,EEM,-0.0219454
2015-08-11,GLD,0.00510784
2015-08-11,HYG,-0.00459958
2015-08-11,SPY,-0.00902275
2015-08-11,TLT,0.01587976
2015-08-11,UUP,0.0
2015-08-12,EEM,-0.01551234
2015-08-12,GLD,0.01402219
2015-08-12,HYG,-0.00138655
2015-08-12,SPY,0.00119823
2015-08-12,TLT,-0.0054506
2015-08-12,UUP,-0.01062997
2015-08-13,EEM,-0.00168848
2015-08-13,GLD,-0.00825986
2015-08-13,HYG,-0.00127277
2015-08-13,SPY,-0.00124475
2015-08-13,TLT,-0.00322423
2015-08-13,UUP,0.00159176
2015-08-14,EEM,0.00140928
2015-08-14,GLD,-9.36e-05
2015-08-14,HYG,0.00057955
2015-08-14,SPY,0.00364208
2015-08-14,TLT,0.00234503
2015-08-14,UUP,0.00278106
2015-08-17,EEM,-0.01097627
2015-08-17,GLD,0.00262048
2015-08-17,HYG,0.0
2015-08-17,SPY,0.00558702
2015-08-17,TLT,0.00451759
2015-08-17,UUP,0.00158491
2015-08-18,EEM,-0.01081414
2015-08-18,GLD,-0.00018666
2015-08-18,HYG,-0.0012731
2015-08-18,SPY,-0.00289691
2015-08-18,TLT,-0.00787046
2015-08-18,UUP,0.00237347
2015-08-19,EEM,-0.01237035
2015-08-19,GLD,0.01344415
2015-08-19,HYG,-0.00092758
2015-08-19,SPY,-0.00790523
2015-08-19,TLT,0.00987514
2015-08-19,UUP,-0.00631408
2015-08-20,EEM,-0.01572999
2015-08-20,GLD,0.01741133
2015-08-20,HYG,-0.00487298
2015-08-20,SPY,-0.02088133
2015-08-20,TLT,0.01009984
2015-08-20,UUP,-0.00556009
2015-08-21,EEM,-0.03077827
2015-08-21,GLD,0.00624769
2015-08-21,HYG,-0.00361437
2015-08-21,SPY,-0.03010257
2015-08-21,TLT,0.00301539
2015-08-21,UUP,-0.00958469
2015-08-24,EEM,-0.04366425
2015-08-24,GLD,-0.00539907
2015-08-24,HYG,-0.00819093
2015-08-24,SPY,-0.04210682
2015-08-24,TLT,-0.00031702
2015-08-24,UUP,-0.01653225
2015-08-25,EEM,0.01277151
2015-08-25,GLD,-0.01239478
2015-08-25,HYG,0.00200571
2015-08-25,SPY,-0.01176812
2015-08-25,TLT,-0.01606454
2015-08-25,UUP,0.00697013
2015-08-26,EEM,0.03310214
2015-08-26,GLD,-0.01364974
2015-08-26,HYG,0.00835956
2015-08-26,SPY,0.03839412
2015-08-26,TLT,-0.01930341
2015-08-26,UUP,0.01221497
2015-08-27,EEM,0.04424797
2015-08-27,GLD,0.00055731
2015-08-27,HYG,0.00747377
2015-08-27,SPY,0.02473535
2015-08-27,TLT,0.00057428
2015-08-27,UUP,0.00643609
2015-08-28,EEM,-0.01285827
2015-08-28,GLD,0.00900393
2015-08-28,HYG,0.00092691
2015-08-28,SPY,4.99e-05
2015-08-28,TLT,0.00295031
2015-08-28,UUP,0.00319733
2015-08-31,EEM,0.00177631
2015-08-31,GLD,0.00110398
2015-08-31,HYG,-0.00138968
2015-08-31,SPY,-0.00807908
2015-08-31,TLT,-0.00768234
2015-08-31,UUP,-0.00159366
2015-09-01,EEM,-0.03871156
2015-09-01,GLD,0.00349198
2015-09-01,HYG,-0.00322653
2015-09-01,SPY,-0.02984719
2015-09-01,TLT,0.00720559
2015-09-01,UUP,-0.0059854
2015-09-02,EEM,0.01444835
2015-09-02,GLD,-0.0053113
2015-09-02,HYG,0.00408957
2015-09-02,SPY,0.01898059
2015-09-02,TLT,-0.00860427
2015-09-02,UUP,0.00521863
2015-09-03,EEM,0.00393961
2015-09-03,GLD,-0.00718106
2015-09-03,HYG,0.00139685
2015-09-03,SPY,0.0007161
2015-09-03,TLT,0.00487691
2015-09-03,UUP,0.00479235
2015-09-04,EEM,-0.02988267
2015-09-04,GLD,-0.00324553
2015-09-04,HYG,-0.00104553
2015-09-04,SPY,-0.01513615
2015-09-04,TLT,0.00913013
2015-09-04,UUP,-0.00119249
2015-09-08,EEM,0.03173617
2015-09-08,GLD,0.00027908
2015-09-08,HYG,0.00546745
2015-09-08,SPY,0.0251307
2015-09-08,TLT,-0.0147535
2015-09-08,UUP,-0.00358127
2015-09-09,EEM,-0.00512633
2015-09-09,GLD,-0.01292782
2015-09-09,HYG,-0.00127261
2015-09-09,SPY,-0.01337168
2015-09-09,TLT,0.00479867
2015-09-09,UUP,0.0
2015-09-10,EEM,0.01030579
2015-09-10,GLD,0.0023556
2015-09-10,HYG,0.00243288
2015-09-10,SPY,0.00544189
2015-09-10,TLT,-0.00675187
2015-09-10,UUP,-0.00399361
2015-09-11,EEM,0.00390053
2015-09-11,GLD,-0.002068
2015-09-11,HYG,-0.00034703
2015-09-11,SPY,0.00454412
2015-09-11,TLT,0.00629993
2015-09-11,UUP,-0.00441059
2015-09-14,EEM,-0.00149429
2015-09-14,GLD,0.00056516
2015-09-14,HYG,-0.00173368
2015-09-14,SPY,-0.00371065
2015-09-14,TLT,0.00156547
2015-09-14,UUP,0.00040266
2015-09-15,EEM,0.0095777
2015-09-15,GLD,-0.00301261
2015-09-15,HYG,-0.00023237
2015-09-15,SPY,0.01249976
2015-09-15,TLT,-0.01916428
2015-09-15,UUP,0.00402585
2015-09-16,EEM,0.0243107
2015-09-16,GLD,0.01331441
2015-09-16,HYG,-0.00359048
2015-09-16,SPY,0.00866668
2015-09-16,TLT,-0.00377391
2015-09-16,UUP,-0.00280652
2015-09-17,EEM,-0.00231537
2015-09-17,GLD,0.01025073
2015-09-17,HYG,0.00081368
2015-09-17,SPY,-0.00224825
2015-09-17,TLT,0.01220555
2015-09-17,UUP,-0.01045459
2015-09-18,EEM,-0.01856662
2015-09-18,GLD,0.00737935
2015-09-18,HYG,-0.00278762
2015-09-18,SPY,-0.01634149
2015-09-18,TLT,0.01538484
2015-09-18,UUP,0.01015851
2015-09-21,EEM,-0.00177375
2015-09-21,GLD,-0.00622654
2015-09-21,HYG,-0.00186366
2015-09-21,SPY,0.0051676
2015-09-21,TLT,-0.01629827
2015-09-21,UUP,0.00603383
2015-09-22,EEM,-0.01865572
2015-09-22,GLD,-0.00681837
2015-09-22,HYG,-0.00723579
2015-09-22,SPY,-0.01297967
2015-09-22,TLT,0.013904
2015-09-22,UUP,0.00439824
2015-09-23,EEM,-0.01599242
2015-09-23,GLD,0.00398924
2015-09-23,HYG,-0.0017629
2015-09-23,SPY,-0.00159847
2015-09-23,TLT,-8.189e-05
2015-09-23,UUP,0.0
2015-09-24,EEM,-0.00429337
2015-09-24,GLD,0.02097576
2015-09-24,HYG,-0.00494566
2015-09-24,SPY,-0.00361604
2015-09-24,TLT,0.00681585
2015-09-24,UUP,-0.00318478
2015-09-25,EEM,-0.00215572
2015-09-25,GLD,-0.00615441
2015-09-25,HYG,-0.00508888
2015-09-25,SPY,-0.00025907
2015-09-25,TLT,-0.00864611
2015-09-25,UUP,0.00159748
2015-09-28,EEM,-0.02129652
2015-09-28,GLD,-0.01265822
2015-09-28,HYG,-0.01534424
2015-09-28,SPY,-0.02509716
2015-09-28,TLT,0.01711372
2015-09-28,UUP,-0.0011962
2015-09-29,EEM,0.00473058
2015-09-29,GLD,-0.00405824
2015-09-29,HYG,-0.00012136
2015-09-29,SPY,0.00058491
2015-09-29,TLT,0.00283142
2015-09-29,UUP,-0.00159675
2015-09-30,EEM,0.02887626
2015-09-30,GLD,-0.01037232
2015-09-30,HYG,0.0062833
2015-09-30,SPY,0.01865841
2015-09-30,TLT,-0.00346841
2015-09-30,UUP,0.00359846
2015-10-01,EEM,0.00549104
2015-10-01,GLD,-0.00121652
2015-10-01,HYG,-0.00641858
2015-10-01,SPY,0.00260968
2015-10-01,TLT,0.00426593
2015-10-01,UUP,-0.00039823
2015-10-02,EEM,0.02669906
2015-10-02,GLD,0.02117488
2015-10-02,HYG,0.00097184
2015-10-02,SPY,0.01493705
2015-10-02,TLT,0.00605797
2015-10-02,UUP,-0.00239144
2015-10-05,EEM,0.0215723
2015-10-05,GLD,-0.00201855
2015-10-05,HYG,0.01200856
2015-10-05,SPY,0.01779493
2015-10-05,TLT,-0.01356745
2015-10-05,UUP,0.00039944
2015-10-06,EEM,-0.00173578
2015-10-06,GLD,0.01002118
2015-10-06,HYG,0.00551339
2015-10-06,SPY,-0.00342615
2015-10-06,TLT,0.00431318
2015-10-06,UUP,-0.00678892
2015-10-07,EEM,0.02665909
2015-10-07,GLD,-0.00145643
2015-10-07,HYG,0.01025138
2015-10-07,SPY,0.00819096
2015-10-07,TLT,-0.00332182
2015-10-07,UUP,0.00120602
2015-10-08,EEM,0.01072542
2015-10-08,GLD,-0.00510481
2015-10-08,HYG,0.00413037
2015-10-08,SPY,0.00902636
2015-10-08,TLT,-0.00837527
2015-10-08,UUP,-0.00240969
2015-10-09,EEM,0.00363019
2015-10-09,GLD,0.01585123
2015-10-09,HYG,0.00011676
2015-10-09,SPY,0.00059616
2015-10-09,TLT,0.00262408
2015-10-09,UUP,-0.00483084
2015-10-12,EEM,-0.0075127
2015-10-12,GLD,0.00396856
2015-10-12,HYG,-0.00187895
2015-10-12,SPY,0.00094384
2015-10-12,TLT,0.0076051
2015-10-12,UUP,-0.00080899
2015-10-13,EEM,-0.01625996
2015-10-13,GLD,0.00494118
2015-10-13,HYG,-0.00235513
2015-10-13,SPY,-0.00630188
2015-10-13,TLT,0.00170432
2015-10-13,UUP,-0.00161947
2015-10-14,EEM,0.00769455
2015-10-14,GLD,0.01743248
2015-10-14,HYG,-0.00070808
2015-10-14,SPY,-0.00479426
2015-10-14,TLT,0.00875137
2015-10-14,UUP,-0.00851581
2015-10-15,EEM,0.02432117
2015-10-15,GLD,-0.00456899
2015-10-15,HYG,0.00236179
2015-10-15,SPY,0.01535465
2015-10-15,TLT,-0.00490028
2015-10-15,UUP,0.00654392
2015-10-16,EEM,0.00082825
2015-10-16,GLD,-0.00706155
2015-10-16,HYG,0.00459379
2015-10-16,SPY,0.00454678
2015-10-16,TLT,0.00032283
2015-10-16,UUP,0.00162539
2015-10-19,EEM,-0.01020688
2015-10-19,GLD,-0.00417816
2015-10-19,HYG,0.00269726
2015-10-19,SPY,0.00049135
2015-10-19,TLT,-0.00274297
2015-10-19,UUP,0.00283973
2015-10-20,EEM,-0.00027884
2015-10-20,GLD,0.00633821
2015-10-20,HYG,0.00093572
2015-10-20,SPY,-0.00127785
2015-10-20,TLT,-0.00614935
2015-10-20,UUP,-0.00080899
2015-10-21,EEM,-0.01449676
2015-10-21,GLD,-0.00887075
2015-10-21,HYG,-0.0010511
2015-10-21,SPY,-0.00620357
2015-10-21,TLT,0.00993186
2015-10-21,UUP,0.00121451
2015-10-22,EEM,0.02065075
2015-10-22,GLD,-0.00035801
2015-10-22,HYG,0.00035082
2015-10-22,SPY,0.01689335
2015-10-22,TLT,0.00169278
2015-10-22,UUP,0.01455735
2015-10-23,EEM,0.00582055
2015-10-23,GLD,-0.00170116
2015-10-23,HYG,0.00350733
2015-10-23,SPY,0.01096176
2015-10-23,TLT,-0.00853028
2015-10-23,UUP,0.00836987
2015-10-26,EEM,-0.00909362
2015-10-26,GLD,-0.0006278
2015-10-26,HYG,-0.00104864
2015-10-26,SPY,-0.00245791
2015-10-26,TLT,0.00665569
2015-10-26,UUP,-0.00316212
2015-10-27,EEM,-0.01140166
2015-10-27,GLD,0.00224356
2015-10-27,HYG,-0.00326592
2015-10-27,SPY,-0.00193192
2015-10-27,TLT,0.0025
2015-10-27,UUP,0.00079286
2015-10-28,EEM,-0.01153267
2015-10-28,GLD,-0.00805875
2015-10-28,HYG,0.00269149
2015-10-28,SPY,0.01137435
2015-10-28,TLT,-0.00402164
2015-10-28,UUP,0.00832022
2015-10-29,EEM,-0.00939102
2015-10-29,GLD,-0.00956849
2015-10-29,HYG,-0.00256711
2015-10-29,SPY,-0.00057425
2015-10-29,TLT,-0.01590923
2015-10-29,UUP,-0.00432211
2015-10-30,EEM,0.00172333
2015-10-30,GLD,-0.00382791
2015-10-30,HYG,0.00116916
2015-10-30,SPY,-0.00430955
2015-10-30,TLT,0.0075499
2015-10-30,UUP,-0.00355177
2015-11-02,EEM,0.01978779
2015-11-02,GLD,-0.00649594
2015-11-02,HYG,0.00310023
2015-11-02,SPY,0.01183074
2015-11-02,TLT,-0.00459579
2015-11-02,UUP,-0.00079201
2015-11-03,EEM,0.01321689
2015-11-03,GLD,-0.01482635
2015-11-03,HYG,0.00105353
2015-11-03,SPY,0.00289933
2015-11-03,TLT,-0.00819972
2015-11-03,UUP,0.00277453
2015-11-04,EEM,-0.00804882
2015-11-04,GLD,-0.00944104
2015-11-04,HYG,-0.00292304
2015-11-04,SPY,-0.00303316
2015-11-04,TLT,0.0011575
2015-11-04,UUP,0.00830021
2015-11-05,EEM,0.00167896
2015-11-05,GLD,-0.00311411
2015-11-05,HYG,-0.00386946
2015-11-05,SPY,-0.00099834
2015-11-05,TLT,-0.00264251
2015-11-05,UUP,0.00078411
2015-11-06,EEM,-0.0139666
2015-11-06,GLD,-0.01457782
2015-11-06,HYG,-0.00482695
2015-11-06,SPY,-0.00052329
2015-11-06,TLT,-0.01465585
2015-11-06,UUP,0.01175087
2015-11-09,EEM,-0.02492894
2015-11-09,GLD,0.00288187
2015-11-09,HYG,-0.00413975
2015-11-09,SPY,-0.00933165
2015-11-09,TLT,-0.00563009
2015-11-09,UUP,-0.00193569
2015-11-10,EEM,-0.00435798
2015-11-10,GLD,-0.00210729
2015-11-10,HYG,-0.00225697
2015-11-10,SPY,0.00230671
2015-11-10,TLT,0.00295748
2015-11-10,UUP,0.00271525
2015-11-11,EEM,0.00204249
2015-11-11,GLD,-0.00335956
2015-11-11,HYG,-0.00238145
2015-11-11,SPY,-0.00393147
2015-11-11,TLT,-0.00210661
2015-11-11,UUP,-0.0027079
2015-11-12,EEM,-0.00960973
2015-11-12,GLD,0.00019259
2015-11-12,HYG,-0.00668228
2015-11-12,SPY,-0.01395998
2015-11-12,TLT,0.00481326
2015-11-12,UUP,-0.00426688
2015-11-13,EEM,-0.01381968
2015-11-13,GLD,-0.0027925
2015-11-13,HYG,-0.00288283
2015-11-13,SPY,-0.01122803
2015-11-13,TLT,0.00571398
2015-11-13,UUP,0.00350603
2015-11-16,EEM,0.01938017
2015-11-16,GLD,0.00144845
2015-11-16,HYG,0.00469898
2015-11-16,SPY,0.01520703
2015-11-16,TLT,-0.0009193
2015-11-16,UUP,0.00543472
2015-11-17,EEM,-0.00292498
2015-11-17,GLD,-0.01320994
2015-11-17,HYG,0.00071935
2015-11-17,SPY,-0.00072984
2015-11-17,TLT,0.00167299
2015-11-17,UUP,0.00154444
2015-11-18,EEM,0.01085382
2015-11-18,GLD,0.00087946
2015-11-18,HYG,0.00191708
2015-11-18,SPY,0.01586633
2015-11-18,TLT,0.00208665
2015-11-18,UUP,0.0
2015-11-19,EEM,0.00899589
2015-11-19,GLD,0.0110319
2015-11-19,HYG,-0.00897017
2015-11-19,SPY,-0.00086246
2015-11-19,TLT,0.00666607
2015-11-19,UUP,-0.00693906
2015-11-20,EEM,0.01006594
2015-11-20,GLD,-0.00453844
2015-11-20,HYG,-0.00024121
2015-11-20,SPY,0.00364398
2015-11-20,TLT,-0.00306237
2015-11-20,UUP,0.00698755
2015-11-23,EEM,-0.00939616
2015-11-23,GLD,-0.00805116
2015-11-23,HYG,-0.00084517
2015-11-23,SPY,-0.00114636
2015-11-23,TLT,0.00307178
2015-11-23,UUP,0.00154205
2015-11-24,EEM,0.00517386
2015-11-24,GLD,0.00664972
2015-11-24,HYG,0.00132882
2015-11-24,SPY,0.0013393
2015-11-24,TLT,-8.296e-05
2015-11-24,UUP,-0.00192477
2015-11-25,EEM,-0.00772081
2015-11-25,GLD,-0.00466294
2015-11-25,HYG,0.00108682
2015-11-25,SPY,-0.00014342
2015-11-25,TLT,0.00231795
2015-11-25,UUP,0.00192849
2015-11-27,EEM,-0.02190233
2015-11-27,GLD,-0.01180948
2015-11-27,HYG,0.0015661
2015-11-27,SPY,0.00114613
2015-11-27,TLT,-0.00099078
2015-11-27,UUP,0.00153959
2015-11-30,EEM,0.00147344
2015-11-30,GLD,0.00661727
2015-11-30,HYG,-0.00060169
2015-11-30,SPY,-0.00415127
2015-11-30,TLT,0.00396756
2015-11-30,UUP,0.00230579
2015-12-01,EEM,0.00764943
2015-12-01,GLD,0.00353219
2015-12-01,HYG,0.0071143
2015-12-01,SPY,0.0095358
2015-12-01,TLT,0.01350727
2015-12-01,UUP,-0.00460098
2015-12-02,EEM,-0.01197105
2015-12-02,GLD,-0.01554553
2015-12-02,HYG,-0.00204239
2015-12-02,SPY,-0.010205
2015-12-02,TLT,0.00032624
2015-12-02,UUP,0.00231112
2015-12-03,EEM,-0.00561454
2015-12-03,GLD,0.01062667
2015-12-03,HYG,-0.00264854
2015-12-03,SPY,-0.01400285
2015-12-03,TLT,-0.02718344
2015-12-03,UUP,-0.0238279
2015-12-04,EEM,0.00683507
2015-12-04,GLD,0.02220907
2015-12-04,HYG,-0.00229299
2015-12-04,SPY,0.01950269
2015-12-04,TLT,0.00878456
2015-12-04,UUP,0.00708659
2015-12-07,EEM,-0.01652894
2015-12-07,GLD,-0.01297826
2015-12-07,HYG,-0.00701723
2015-12-07,SPY,-0.00605837
2015-12-07,TLT,0.0097029
2015-12-07,UUP,0.00312751
2015-12-08,EEM,-0.01110457
2015-12-08,GLD,0.00165577
2015-12-08,HYG,-0.01242712
2015-12-08,SPY,-0.00671948
2015-12-08,TLT,0.00049277
2015-12-08,UUP,-0.00311776
2015-12-09,EEM,-0.00819399
2015-12-09,GLD,-0.00194474
2015-12-09,HYG,0.00518187
2015-12-09,SPY,-0.00777964
2015-12-09,TLT,-0.00106708
2015-12-09,UUP,-0.01055499
2015-12-10,EEM,-0.00673218
2015-12-10,GLD,-0.00087682
2015-12-10,HYG,-0.00417251
2015-12-10,SPY,0.00258113
2015-12-10,TLT,0.00131492
2015-12-10,UUP,0.00553135
2015-12-11,EEM,-0.02803444
2015-12-11,GLD,0.00546073
2015-12-11,HYG,-0.01996556
2015-12-11,SPY,-0.01938125
2015-12-11,TLT,0.01575846
2015-12-11,UUP,-0.00392918
2015-12-14,EEM,0.01616486
2015-12-14,GLD,-0.01280186
2015-12-14,HYG,-0.00867697
2015-12-14,SPY,0.00505273
2015-12-14,TLT,-0.0129281
2015-12-14,UUP,0.00197225
2015-12-15,EEM,0.01528375
2015-12-15,GLD,-0.00265256
2015-12-15,HYG,0.0163641
2015-12-15,SPY,0.01049761
2015-12-15,TLT,-0.00589456
2015-12-15,UUP,0.00551193
2015-12-16,EEM,0.01966195
2015-12-16,GLD,0.01211587
2015-12-16,HYG,0.00761454
2015-12-16,SPY,0.0146319
2015-12-16,TLT,-0.00214058
2015-12-16,UUP,0.0
2015-12-17,EEM,-0.01295573
2015-12-17,GLD,-0.02189781
2015-12-17,HYG,-0.01114953
2015-12-17,SPY,-0.01523809
2015-12-17,TLT,0.0113058
2015-12-17,UUP,0.00939705
2015-12-18,EEM,-0.00335739
2015-12-18,GLD,0.01532339
2015-12-18,HYG,-0.00375745
2015-12-18,SPY,-0.01781515
2015-12-18,TLT,0.00554796
2015-12-18,UUP,-0.0058185
2015-12-21,EEM,0.00780726
2015-12-21,GLD,0.01087809
2015-12-21,HYG,-0.00314337
2015-12-21,SPY,0.00824938
2015-12-21,TLT,-0.00024309
2015-12-21,UUP,-0.0035115
2015-12-22,EEM,0.00802475
2015-12-22,GLD,-0.0052351
2015-12-22,HYG,0.0121087
2015-12-22,SPY,0.00907412
2015-12-22,TLT,-0.00722426
2015-12-22,UUP,-0.0015662
2015-12-23,EEM,0.01408427
2015-12-23,GLD,-0.00292372
2015-12-23,HYG,0.00635651
2015-12-23,SPY,0.0123834
2015-12-23,TLT,-0.0075215
2015-12-23,UUP,0.00156866
2015-12-24,EEM,-0.00362302
2015-12-24,GLD,0.00723297
2015-12-24,HYG,0.00204139
2015-12-24,SPY,-0.00165079
2015-12-24,TLT,0.00572855
2015-12-24,UUP,-0.00234931
2015-12-28,EEM,-0.0069698
2015-12-28,GLD,-0.0075692
2015-12-28,HYG,-0.00596399
2015-12-28,SPY,-0.00228471
2015-12-28,TLT,0.00295494
2015-12-28,UUP,-0.00117742
2015-12-29,EEM,0.0009155
2015-12-29,GLD,-0.00068446
2015-12-29,HYG,0.00574918
2015-12-29,SPY,0.01067197
2015-12-29,TLT,-0.01661281
2015-12-29,UUP,0.00275055
2015-12-30,EEM,-0.01554862
2015-12-30,GLD,-0.00763208
2015-12-30,HYG,0.00074597
2015-12-30,SPY,-0.00708799
2015-12-30,TLT,-0.00099873
2015-12-30,UUP,0.0
2015-12-31,EEM,-0.00309708
2015-12-31,GLD,0.00039441
2015-12-31,HYG,0.00062097
2015-12-31,SPY,-0.0100031
2015-12-31,TLT,0.00449833
2015-12-31,UUP,0.00509398
2016-01-04,EEM,-0.02733757
2016-01-04,GLD,0.01409423
2016-01-04,HYG,-0.00595716
2016-01-04,SPY,-0.01397929
2016-01-04,TLT,0.00721507
2016-01-04,UUP,0.00155949
2016-01-05,EEM,0.00223537
2016-01-05,GLD,0.00281855
2016-01-05,HYG,0.0018729
2016-01-05,SPY,0.00169131
2016-01-05,TLT,-0.0040344
2016-01-05,UUP,0.00583889
2016-01-06,EEM,-0.01912016
2016-01-06,GLD,0.01444076
2016-01-06,HYG,0.0
2016-01-06,SPY,-0.01261431
2016-01-06,TLT,0.01347563
2016-01-06,UUP,-0.00270904
2016-01-07,EEM,-0.03086436
2016-01-07,GLD,0.01413971
2016-01-07,HYG,-0.00648
2016-01-07,SPY,-0.02399175
2016-01-07,TLT,0.00179459
2016-01-07,UUP,-0.01008929
2016-01-08,EEM,-0.01072719
2016-01-08,GLD,-0.00442771
2016-01-08,HYG,-0.00263321
2016-01-08,SPY,-0.01097642
2016-01-08,TLT,0.0044784
2016-01-08,UUP,0.00196015
2016-01-11,EEM,-0.00033893
2016-01-11,GLD,-0.0088948
2016-01-11,HYG,-0.0015095
2016-01-11,SPY,0.00098994
2016-01-11,TLT,-0.01094341
2016-01-11,UUP,0.00469485
2016-01-12,EEM,0.00203372
2016-01-12,GLD,-0.00506014
2016-01-12,HYG,0.00100743
2016-01-12,SPY,0.00806854
2016-01-12,TLT,0.01442454
2016-01-12,UUP,0.00155749
2016-01-13,EEM,-0.01048713
2016-01-13,GLD,0.00489398
2016-01-13,HYG,-0.01107196
2016-01-13,SPY,-0.02494064
2016-01-13,TLT,0.00985675
2016-01-13,UUP,-0.00155507
2016-01-14,EEM,0.01299174
2016-01-14,GLD,-0.01623381
2016-01-14,HYG,0.00445307
2016-01-14,SPY,0.01641661
2016-01-14,TLT,-0.00936017
2016-01-14,UUP,0.00272574
2016-01-15,EEM,-0.03948706
2016-01-15,GLD,0.01028931
2016-01-15,HYG,-0.01317271
2016-01-15,SPY,-0.02146599
2016-01-15,TLT,0.01558771
2016-01-15,UUP,-0.00233006
2016-01-19,EEM,0.01475752
2016-01-19,GLD,-0.00096078
2016-01-19,HYG,-0.00346555
2016-01-19,SPY,0.00133061
2016-01-19,TLT,-0.0031021
2016-01-19,UUP,0.00194632
2016-01-20,EEM,-0.02181452
2016-01-20,GLD,0.01336795
2016-01-20,HYG,-0.00669757
2016-01-20,SPY,-0.01281436
2016-01-20,TLT,0.01052937
2016-01-20,UUP,0.00038842
2016-01-21,EEM,0.00389387
2016-01-21,GLD,0.0011388
2016-01-21,HYG,0.00674273
2016-01-21,SPY,0.0056019
2016-01-21,TLT,-0.00678836
2016-01-21,UUP,-0.00116507
2016-01-22,EEM,0.03420316
2016-01-22,GLD,-0.00464497
2016-01-22,HYG,0.01532687
2016-01-22,SPY,0.02051491
2016-01-22,TLT,-0.00381495
2016-01-22,UUP,0.00544318
2016-01-25,EEM,-0.01704772
2016-01-25,GLD,0.01028573
2016-01-25,HYG,-0.00989479
2016-01-25,SPY,-0.01511636
2016-01-25,TLT,0.00542484
2016-01-25,UUP,-0.00309338
2016-01-26,EEM,0.0145683
2016-01-26,GLD,0.01140648
2016-01-26,HYG,0.00896917
2016-01-26,SPY,0.01364321
2016-01-26,TLT,0.00047688
2016-01-26,UUP,-0.00193971
2016-01-27,EEM,-0.0034188
2016-01-27,GLD,0.00372823
2016-01-27,HYG,-0.00152444
2016-01-27,SPY,-0.01088361
2016-01-27,TLT,-0.00023816
2016-01-27,UUP,-0.00077714
2016-01-28,EEM,0.0157806
2016-01-28,GLD,-0.01067881
2016-01-28,HYG,0.00508752
2016-01-28,SPY,0.0052095
2016-01-28,TLT,0.00142817
2016-01-28,UUP,-0.00466746
2016-01-29,EEM,0.03242131
2016-01-29,GLD,0.00384828
2016-01-29,HYG,0.00328963
2016-01-29,SPY,0.02437709
2016-01-29,TLT,0.00847599
2016-01-29,UUP,0.01055087
2016-02-01,EEM,-0.00948644
2016-02-01,GLD,0.01028524
2016-02-01,HYG,-0.00594441
2016-02-01,SPY,-0.00036126
2016-02-01,TLT,-0.00306141
2016-02-01,UUP,-0.00657374
2016-02-02,EEM,-0.03236464
2016-02-02,GLD,0.00037014
2016-02-02,HYG,-0.0071399
2016-02-02,SPY,-0.01802182
2016-02-02,TLT,0.01855208
2016-02-02,UUP,-0.00077844
2016-02-03,EEM,0.02832777
2016-02-03,GLD,0.01073183
2016-02-03,HYG,0.00487974
2016-02-03,SPY,0.00599459
2016-02-03,TLT,-0.00829325
2016-02-03,UUP,-0.01714065
2016-02-04,EEM,0.00763378
2016-02-04,GLD,0.01208238
2016-02-04,HYG,-0.00319502
2016-02-04,SPY,0.0015683
2016-02-04,TLT,0.00484517
2016-02-04,UUP,-0.00673816
2016-02-05,EEM,-0.01152841
2016-02-05,GLD,0.01582708
2016-02-05,HYG,-0.00769212
2016-02-05,SPY,-0.01905007
2016-02-05,TLT,0.00116715
2016-02-05,UUP,0.00438947
2016-02-08,EEM,-0.0136621
2016-02-08,GLD,0.01344375
2016-02-08,HYG,-0.01162744
2016-02-08,SPY,-0.01346132
2016-02-08,TLT,0.0215193
2016-02-08,UUP,-0.00238366
2016-02-09,EEM,-0.01385134
2016-02-09,GLD,-0.00219626
2016-02-09,HYG,-0.00379103
2016-02-09,SPY,5.421e-05
2016-02-09,TLT,0.00106546
2016-02-09,UUP,-0.00716852
2016-02-10,EEM,0.00411105
2016-02-10,GLD,0.00774782
2016-02-10,HYG,-0.00144378
2016-02-10,SPY,-0.00086313
2016-02-10,TLT,0.00881227
2016-02-10,UUP,-0.00200566
2016-02-11,EEM,-0.01671803
2016-02-11,GLD,0.0401887
2016-02-11,HYG,-0.00670153
2016-02-11,SPY,-0.01300812
2016-02-11,TLT,0.00700339
2016-02-11,UUP,-0.00281338
2016-02-12,EEM,0.01734915
2016-02-12,GLD,-0.00587936
2016-02-12,HYG,0.01494876
2016-02-12,SPY,0.02061717
2016-02-12,TLT,-0.01660156
2016-02-12,UUP,0.00443361
2016-02-16,EEM,0.02216893
2016-02-16,GLD,-0.03033123
2016-02-16,HYG,0.00091232
2016-02-16,SPY,0.01687837
2016-02-16,TLT,-0.01057097
2016-02-16,UUP,0.00882826
2016-02-17,EEM,0.01968646
2016-02-17,GLD,0.00618634
2016-02-17,HYG,0.00820502
2016-02-17,SPY,0.01633482
2016-02-17,TLT,-0.00614841
2016-02-17,UUP,-0.00039787
2016-02-18,EEM,-0.00589001
2016-02-18,GLD,0.0243332
2016-02-18,HYG,0.00090425
2016-02-18,SPY,-0.0040961
2016-02-18,TLT,0.01229586
2016-02-18,UUP,0.00039803
2016-02-19,EEM,-0.00460823
2016-02-19,GLD,-0.00600219
2016-02-19,HYG,0.00193486
2016-02-19,SPY,-0.00046832
2016-02-19,TLT,0.00084083
2016-02-19,UUP,-0.00278438
2016-02-22,EEM,0.02480151
2016-02-22,GLD,-0.01777517
2016-02-22,HYG,0.00862973
2016-02-22,SPY,0.01447904
2016-02-22,TLT,-0.00053445
2016-02-22,UUP,0.00757885
2016-02-23,EEM,-0.02129718
2016-02-23,GLD,0.01497968
2016-02-23,HYG,-0.00204306
2016-02-23,SPY,-0.01262964
2016-02-23,TLT,0.0040477
2016-02-23,UUP,0.0003958
2016-02-24,EEM,-0.00230799
2016-02-24,GLD,0.00332707
2016-02-24,HYG,0.00166297
2016-02-24,SPY,0.0045756
2016-02-24,TLT,-0.00197765
2016-02-24,UUP,0.00079147
2016-02-25,EEM,0.00330493
2016-02-25,GLD,0.00263581
2016-02-25,HYG,0.00536598
2016-02-25,SPY,0.01211187
2016-02-25,TLT,0.00358183
2016-02-25,UUP,-0.00079084
2016-02-26,EEM,-0.00988142
2016-02-26,GLD,-0.00686904
2016-02-26,HYG,0.00673475
2016-02-26,SPY,-0.0023013
2016-02-26,TLT,-0.00964431
2016-02-26,UUP,0.00672731
2016-02-29,EEM,0.00864911
2016-02-29,GLD,0.01306463
2016-02-29,HYG,0.0107282
2016-02-29,SPY,-0.00784262
2016-02-29,TLT,0.00437068
2016-02-29,UUP,0.00196545
2016-03-01,EEM,0.0356201
2016-03-01,GLD,-0.00733313
2016-03-01,HYG,0.01580432
2016-03-01,SPY,0.02350695
2016-03-01,TLT,-0.01760851
2016-03-01,UUP,0.00039232
2016-03-02,EEM,0.01337592
2016-03-02,GLD,0.00772696
2016-03-02,HYG,-0.00679721
2016-03-02,SPY,0.00449279
2016-03-02,TLT,0.00412702
2016-03-02,UUP,-0.00078433
2016-03-03,EEM,0.01131378
2016-03-03,GLD,0.01727337
2016-03-03,HYG,0.00335973
2016-03-03,SPY,0.00391944
2016-03-03,TLT,0.00364381
2016-03-03,UUP,-0.00627948
2016-03-04,EEM,0.01988785
2016-03-04,GLD,-0.00157378
2016-03-04,HYG,0.00285244
2016-03-04,SPY,0.0032534
2016-03-04,TLT,-0.00641216
2016-03-04,UUP,-0.00276458
2016-03-07,EEM,-0.00152346
2016-03-07,GLD,0.00497759
2016-03-07,HYG,0.00123659
2016-03-07,SPY,0.00079836
2016-03-07,TLT,-0.00031138
2016-03-07,UUP,-0.00198015
2016-03-08,EEM,-0.01708879
2016-03-08,GLD,-0.00462273
2016-03-08,HYG,-0.00703978
2016-03-08,SPY,-0.01091768
2016-03-08,TLT,0.01104577
2016-03-08,UUP,0.00039674
2016-03-09,EEM,0.00620933
2016-03-09,GLD,-0.00829325
2016-03-09,HYG,0.00248764
2016-03-09,SPY,0.00493947
2016-03-09,TLT,-0.00607806
2016-03-09,UUP,0.00039677
2016-03-10,EEM,0.00154281
2016-03-10,GLD,0.01605618
2016-03-10,HYG,0.0069481
2016-03-10,SPY,0.00080229
2016-03-10,TLT,-0.0041025
2016-03-10,UUP,-0.00991289
2016-03-11,EEM,0.02094882
2016-03-11,GLD,-0.01720162
2016-03-11,HYG,0.01207454
2016-03-11,SPY,0.01613744
2016-03-11,TLT,-0.0101042
2016-03-11,UUP,-0.0008007
2016-03-14,EEM,-0.00603522
2016-03-14,GLD,-0.01289675
2016-03-14,HYG,-0.00279994
2016-03-14,SPY,-0.00128261
2016-03-14,TLT,0.00314079
2016-03-14,UUP,0.00400783
2016-03-15,EEM,-0.0142682
2016-03-15,GLD,0.00076352
2016-03-15,HYG,-0.00927868
2016-03-15,SPY,-0.0016294
2016-03-15,TLT,0.00093915
2016-03-15,UUP,0.00079842
2016-03-16,EEM,0.02001834
2016-03-16,GLD,0.02229567
2016-03-16,HYG,0.00665447
2016-03-16,SPY,0.00578711
2016-03-16,TLT,0.00297169
2016-03-16,UUP,-0.0107699
2016-03-17,EEM,0.02204103
2016-03-17,GLD,-0.00381457
2016-03-17,HYG,0.00636515
2016-03-17,SPY,0.00634389
2016-03-17,TLT,0.00413209
2016-03-17,UUP,-0.00887088
2016-03-18,EEM,0.00531761
2016-03-18,GLD,-0.00274698
2016-03-18,HYG,0.00231106
2016-03-18,SPY,0.00392971
2016-03-18,TLT,0.00209643
2016-03-18,UUP,0.00244097
2016-03-21,EEM,0.00205698
2016-03-21,GLD,-0.00701172
2016-03-21,HYG,-0.00109178
2016-03-21,SPY,0.00141906
2016-03-21,TLT,-0.0076705
2016-03-21,UUP,0.00324673
2016-03-22,EEM,-0.00234593
2016-03-22,GLD,0.00294215
2016-03-22,HYG,-0.00267258
2016-03-22,SPY,-0.00053765
2016-03-22,TLT,-0.00023438
2016-03-22,UUP,0.00283178
2016-03-23,EEM,-0.01704883
2016-03-23,GLD,-0.0226301
2016-03-23,HYG,-0.00462986
2016-03-23,SPY,-0.00659923
2016-03-23,TLT,0.01132441
2016-03-23,UUP,0.00524398
2016-03-24,EEM,-0.00239223
2016-03-24,GLD,-0.00240116
2016-03-24,HYG,-0.00440531
2016-03-24,SPY,-0.00044282
2016-03-24,TLT,0.00038635
2016-03-24,UUP,0.00040129
2016-03-28,EEM,0.00329713
2016-03-28,GLD,0.00232095
2016-03-28,HYG,-0.00454814
2016-03-28,SPY,0.00059054
2016-03-28,TLT,0.00131221
2016-03-28,UUP,-0.00200566
2016-03-29,EEM,0.01374379
2016-03-29,GLD,0.0185249
2016-03-29,HYG,0.00382822
2016-03-29,SPY,0.00925012
2016-03-29,TLT,0.01048516
2016-03-29,UUP,-0.00884236
2016-03-30,EEM,0.01031529
2016-03-30,GLD,-0.0139778
2016-03-30,HYG,0.0035666
2016-03-30,SPY,0.00438792
2016-03-30,TLT,-0.01052904
2016-03-30,UUP,-0.0032441
2016-03-31,EEM,-0.00087489
2016-03-31,GLD,0.00461145
2016-03-31,HYG,0.00134907
2016-03-31,SPY,-0.00242712
2016-03-31,TLT,0.00709389
2016-03-31,UUP,-0.00162737
2016-04-01,EEM,-0.00291971
2016-04-01,GLD,-0.00603535
2016-04-01,HYG,0.00072615
2016-04-01,SPY,0.00681214
2016-04-01,TLT,0.00260843
2016-04-01,UUP,-0.00040751
2016-04-04,EEM,-0.0120057
2016-04-04,GLD,-0.00667065
2016-04-04,HYG,-0.00245902
2016-04-04,SPY,-0.00323808
2016-04-04,TLT,0.00061205
2016-04-04,UUP,-0.00081535
2016-04-05,EEM,-0.01956162
2016-04-05,GLD,0.01300045
2016-04-05,HYG,-0.00369533
2016-04-05,SPY,-0.00998788
2016-04-05,TLT,0.01093625
2016-04-05,UUP,0.00081601
2016-04-06,EEM,0.01209183
2016-04-06,GLD,-0.00611934
2016-04-06,HYG,0.00840877
2016-04-06,SPY,0.01092123
2016-04-06,TLT,-0.00726266
2016-04-06,UUP,-0.00203846
2016-04-07,EEM,-0.02001178
2016-04-07,GLD,0.01428081
2016-04-07,HYG,-0.00490548
2016-04-07,SPY,-0.01196588
2016-04-07,TLT,0.01234542
2016-04-07,UUP,0.00122561
2016-04-08,EEM,0.01737265
2016-04-08,GLD,-0.00151758
2016-04-08,HYG,0.00455987
2016-04-08,SPY,0.00269666
2016-04-08,TLT,-0.00632326
2016-04-08,UUP,-0.00367196
2016-04-11,EEM,0.01288178
2016-04-11,GLD,0.01351008
2016-04-11,HYG,0.0013496
2016-04-11,SPY,-0.00234709
2016-04-11,TLT,-0.0012878
2016-04-11,UUP,-0.00245696
2016-04-12,EEM,0.01538033
2016-04-12,GLD,0.00016666
2016-04-12,HYG,0.00587929
2016-04-12,SPY,0.00931296
2016-04-12,TLT,-0.00690193
2016-04-12,UUP,0.0
2016-04-13,EEM,0.01776857
2016-04-13,GLD,-0.01066228
2016-04-13,HYG,0.00657699
2016-04-13,SPY,0.01010075
2016-04-13,TLT,0.00351324
2016-04-13,UUP,0.00779947
2016-04-14,EEM,-0.00486532
2016-04-14,GLD,-0.01397656
2016-04-14,HYG,-0.00036332
2016-04-14,SPY,4.799e-05
2016-04-14,TLT,-0.00479528
2016-04-14,UUP,0.00244414
2016-04-15,EEM,-0.00575202
2016-04-15,GLD,0.00691655
2016-04-15,HYG,-0.00157291
2016-04-15,SPY,-0.00110584
2016-04-15,TLT,0.00856543
2016-04-15,UUP,-0.00284434
2016-04-18,EEM,0.00462814
2016-04-18,GLD,-0.00152646
2016-04-18,HYG,0.00569749
2016-04-18,SPY,0.00702691
2016-04-18,TLT,-0.00432218
2016-04-18,UUP,-0.00203753
2016-04-19,EEM,0.01526068
2016-04-19,GLD,0.01562769
2016-04-19,HYG,0.00421809
2016-04-19,SPY,0.0031543
2016-04-19,TLT,-0.0031224
2016-04-19,UUP,-0.00489988
2016-04-20,EEM,-0.00453811
2016-04-20,GLD,-0.00510119
2016-04-20,HYG,0.00192056
2016-04-20,SPY,0.00095252
2016-04-20,TLT,-0.01100052
2016-04-20,UUP,0.00574471
2016-04-21,EEM,-0.00997111
2016-04-21,GLD,0.00378244
2016-04-21,HYG,-0.00311443
2016-04-21,SPY,-0.00537807
2016-04-21,TLT,-0.00594775
2016-04-21,UUP,0.0
2016-04-22,EEM,-0.00604329
2016-04-22,GLD,-0.01281191
2016-04-22,HYG,0.00228375
2016-04-22,SPY,0.0
2016-04-22,TLT,-0.00256429
2016-04-22,UUP,0.00571199
2016-04-25,EEM,-0.0063694
2016-04-25,GLD,0.00288408
2016-04-25,HYG,-0.00383706
2016-04-25,SPY,-0.00172262
2016-04-25,TLT,-0.00412882
2016-04-25,UUP,-0.00324551
2016-04-26,EEM,0.010781
2016-04-26,GLD,0.00397525
2016-04-26,HYG,0.00337035
2016-04-26,SPY,0.00148556
2016-04-26,TLT,-0.00453746
2016-04-26,UUP,-0.00284879
2016-04-27,EEM,0.0060536
2016-04-27,GLD,0.0028644
2016-04-27,HYG,0.00587764
2016-04-27,SPY,0.00205862
2016-04-27,TLT,0.00997992
2016-04-27,UUP,-0.0012247
2016-04-28,EEM,-0.01031531
2016-04-28,GLD,0.01890121
2016-04-28,HYG,-0.00166863
2016-04-28,SPY,-0.00907586
2016-04-28,TLT,0.00412393
2016-04-28,UUP,-0.00817326
2016-04-29,EEM,-0.00434286
2016-04-29,GLD,0.0194575
2016-04-29,HYG,0.00167142
2016-04-29,SPY,-0.00539891
2016-04-29,TLT,0.00255753
2016-04-29,UUP,-0.0070045
2016-05-02,EEM,-0.00261664
2016-05-02,GLD,-0.00331584
2016-05-02,HYG,0.00038418
2016-05-02,SPY,0.00794862
2016-05-02,TLT,-0.01006845
2016-05-02,UUP,-0.00373443
2016-05-03,EEM,-0.02828034
2016-05-03,GLD,-0.00227198
2016-05-03,HYG,-0.00646758
2016-05-03,SPY,-0.00870331
2016-05-03,TLT,0.01259558
2016-05-03,UUP,0.00291542
2016-05-04,EEM,-0.01620128
2016-05-04,GLD,-0.00609954
2016-05-04,HYG,-0.00373663
2016-05-04,SPY,-0.00557847
2016-05-04,TLT,0.00548586
2016-05-04,UUP,0.00373762
2016-05-05,EEM,-0.00030518
2016-05-05,GLD,-0.00114556
2016-05-05,HYG,-0.00084698
2016-05-05,SPY,-0.00019494
2016-05-05,TLT,0.00668501
2016-05-05,UUP,0.00496494
2016-05-06,EEM,0.00152539
2016-05-06,GLD,0.00909315
2016-05-06,HYG,-0.00060588
2016-05-06,SPY,0.00365911
2016-05-06,TLT,-0.0042743
2016-05-06,UUP,0.00123491
2016-05-09,EEM,-0.01279322
2016-05-09,GLD,-0.02053904
2016-05-09,HYG,-0.00181665
2016-05-09,SPY,0.00082639
2016-05-09,TLT,0.00314264
2016-05-09,UUP,0.00287826
2016-05-10,EEM,0.01913002
2016-05-10,GLD,0.0027352
2016-05-10,HYG,0.00849664
2016-05-10,SPY,0.01243382
2016-05-10,TLT,7.701e-05
2016-05-10,UUP,0.00082003
2016-05-11,EEM,-0.00242214
2016-05-11,GLD,0.00942304
2016-05-11,HYG,-0.00072182
2016-05-11,SPY,-0.00935448
2016-05-11,TLT,0.00565424
2016-05-11,UUP,-0.00491584
2016-05-12,EEM,-0.00273135
2016-05-12,GLD,-0.00786111
2016-05-12,HYG,0.00156571
2016-05-12,SPY,0.00029039
2016-05-12,TLT,-0.00455915
2016-05-12,UUP,0.00370512
2016-05-13,EEM,-0.01795505
2016-05-13,GLD,0.00453941
2016-05-13,HYG,-0.00444978
2016-05-13,SPY,-0.00871448
2016-05-13,TLT,0.00969376
2016-05-13,UUP,0.00451181
2016-05-16,EEM,0.01208562
2016-05-16,GLD,0.0007395
2016-05-16,HYG,0.0055568
2016-05-16,SPY,0.00986564
2016-05-16,TLT,-0.0086175
2016-05-16,UUP,-0.00040843
2016-05-17,EEM,-0.00459299
2016-05-17,GLD,0.00344826
2016-05-17,HYG,-0.00204186
2016-05-17,SPY,-0.009334
2016-05-17,TLT,0.0016775
2016-05-17,UUP,0.0
2016-05-18,EEM,-0.00984303
2016-05-18,GLD,-0.01734579
2016-05-18,HYG,0.00011984
2016-05-18,SPY,0.00029308
2016-05-18,TLT,-0.01423568
2016-05-18,UUP,0.0069446
2016-05-19,EEM,-0.00931959
2016-05-19,GLD,-0.00191504
2016-05-19,HYG,-0.00276809
2016-05-19,SPY,-0.00346488
2016-05-19,TLT,0.00432447
2016-05-19,UUP,0.00162275
2016-05-20,EEM,0.01003439
2016-05-20,GLD,-0.00133481
2016-05-20,HYG,0.00349984
2016-05-20,SPY,0.00631738
2016-05-20,TLT,0.00076876
2016-05-20,UUP,0.0
2016-05-23,EEM,-0.00186261
2016-05-23,GLD,-0.00284017
2016-05-23,HYG,0.00024099
2016-05-23,SPY,-0.00136273
2016-05-23,TLT,0.00222858
2016-05-23,UUP,-0.00040512
2016-05-24,EEM,0.01026412
2016-05-24,GLD,-0.01734104
2016-05-24,HYG,0.00601216
2016-05-24,SPY,0.01296235
2016-05-24,TLT,-0.00444694
2016-05-24,UUP,0.00324147
2016-05-25,EEM,0.01200748
2016-05-25,GLD,-0.00272805
2016-05-25,HYG,0.00155421
2016-05-25,SPY,0.00678315
2016-05-25,TLT,-0.00377286
2016-05-25,UUP,-0.00282702
2016-05-26,EEM,0.00669308
2016-05-26,GLD,-0.0034194
2016-05-26,HYG,-0.00286455
2016-05-26,SPY,0.00028671
2016-05-26,TLT,0.00517871
2016-05-26,UUP,-0.00162012
2016-05-27,EEM,-0.00030219
2016-05-27,GLD,-0.00823468
2016-05-27,HYG,0.00167588
2016-05-27,SPY,0.0042992
2016-05-27,TLT,-0.00146094
2016-05-27,UUP,0.00567954
2016-05-31,EEM,0.00120906
2016-05-31,GLD,0.00380553
2016-05-31,HYG,-0.0009562
2016-05-31,SPY,-0.00190274
2016-05-31,TLT,0.00238777
2016-05-31,UUP,0.0020168
2016-06-01,EEM,-0.00060398
2016-06-01,GLD,-0.00103391
2016-06-01,HYG,0.00158647
2016-06-01,SPY,0.00204925
2016-06-01,TLT,0.00405684
2016-06-01,UUP,-0.00563592
2016-06-02,EEM,0.00815722
2016-06-02,GLD,-0.00232883
2016-06-02,HYG,0.00024037
2016-06-02,SPY,0.00304381
2016-06-02,TLT,0.00720721
2016-06-02,UUP,0.00121451
2016-06-03,EEM,0.01528347
2016-06-03,GLD,0.02775135
2016-06-03,HYG,0.00179902
2016-06-03,SPY,-0.00298708
2016-06-03,TLT,0.0142358
2016-06-03,UUP,-0.01577029
2016-06-06,EEM,0.01062565
2016-06-06,GLD,0.00033648
2016-06-06,HYG,0.00443072
2016-06-06,SPY,0.00508837
2016-06-06,TLT,-0.00743071
2016-06-06,UUP,0.0
2016-06-07,EEM,0.00905345
2016-06-07,GLD,-0.00084089
2016-06-07,HYG,0.00441086
2016-06-07,SPY,0.00156153
2016-06-07,TLT,0.0024195
2016-06-07,UUP,-0.00164342
2016-06-08,EEM,0.00723603
2016-06-08,GLD,0.01481234
2016-06-08,HYG,0.00379867
2016-06-08,SPY,0.00325958
2016-06-08,TLT,0.00535647
2016-06-08,UUP,-0.00288072
2016-06-09,EEM,-0.01149412
2016-06-09,GLD,0.00555646
2016-06-09,HYG,-0.00390246
2016-06-09,SPY,-0.0013655
2016-06-09,TLT,0.00645298
2016-06-09,UUP,0.00453993
2016-06-10,EEM,-0.02529095
2016-06-10,GLD,0.00404122
2016-06-10,HYG,-0.00486674
2016-06-10,SPY,-0.00947738
2016-06-10,TLT,0.00484625
2016-06-10,UUP,0.00657368
2016-06-13,EEM,-0.01401706
2016-06-13,GLD,0.00739282
2016-06-13,HYG,-0.00668034
2016-06-13,SPY,-0.00771198
2016-06-13,TLT,0.00445123
2016-06-13,UUP,-0.00244922
2016-06-14,EEM,-0.00332727
2016-06-14,GLD,0.00105999
2016-06-14,HYG,-0.00336232
2016-06-14,SPY,-0.00196705
2016-06-14,TLT,-0.00073834
2016-06-14,UUP,0.00613752
2016-06-15,EEM,0.01062208
2016-06-15,GLD,0.00741226
2016-06-15,HYG,0.00048164
2016-06-15,SPY,-0.00139393
2016-06-15,TLT,0.00384344
2016-06-15,UUP,-0.00243998
2016-06-16,EEM,-0.00360358
2016-06-16,GLD,-0.01051102
2016-06-16,HYG,0.00060264
2016-06-16,SPY,0.00298429
2016-06-16,TLT,0.00486071
2016-06-16,UUP,-0.00122283
2016-06-17,EEM,0.00271235
2016-06-17,GLD,0.01282889
2016-06-17,HYG,0.00060172
2016-06-17,SPY,-0.00372407
2016-06-17,TLT,-0.0062294
2016-06-17,UUP,-0.00448999
2016-06-20,EEM,0.01773379
2016-06-20,GLD,-0.00597013
2016-06-20,HYG,0.00589402
2016-06-20,SPY,0.00644009
2016-06-20,TLT,-0.01069221
2016-06-20,UUP,-0.0057399
2016-06-21,EEM,0.00767888
2016-06-21,GLD,-0.01923547
2016-06-21,HYG,0.00382681
2016-06-21,SPY,0.00283869
2016-06-21,TLT,-0.00462104
2016-06-21,UUP,0.00494837
2016-06-22,EEM,0.00253991
2016-06-22,GLD,0.00049657
2016-06-22,HYG,0.00095294
2016-06-22,SPY,-0.0016314
2016-06-22,TLT,0.00164712
2016-06-22,UUP,-0.00451375
2016-06-23,EEM,0.02416069
2016-06-23,GLD,-0.00653433
2016-06-23,HYG,0.00737956
2016-06-23,SPY,0.01302272
2016-06-23,TLT,-0.0114383
2016-06-23,UUP,-0.00453422
2016-06-24,EEM,-0.06070216
2016-06-24,GLD,0.04903838
2016-06-24,HYG,-0.01642281
2016-06-24,SPY,-0.0359091
2016-06-24,TLT,0.02684675
2016-06-24,UUP,0.02608705
2016-06-27,EEM,-0.01286362
2016-06-27,GLD,0.00539683
2016-06-27,HYG,-0.01441406
2016-06-27,SPY,-0.01790999
2016-06-27,TLT,0.02496706
2016-06-27,UUP,0.00847448
2016-06-28,EEM,0.02947552
2016-06-28,GLD,-0.01073572
2016-06-28,HYG,0.01255353
2016-06-28,SPY,0.01803642
2016-06-28,TLT,0.00208414
2016-06-28,UUP,-0.00480175
2016-06-29,EEM,0.0253165
2016-06-29,GLD,0.00414935
2016-06-29,HYG,0.01263806
2016-06-29,SPY,0.01702728
2016-06-29,TLT,-0.00767245
2016-06-29,UUP,-0.00321689
2016-06-30,EEM,0.00999405
2016-06-30,GLD,0.0050064
2016-06-30,HYG,0.00677515
2016-06-30,SPY,0.01364552
2016-06-30,TLT,0.00368513
2016-06-30,UUP,0.0020168
2016-07-01,EEM,0.0096044
2016-07-01,GLD,0.01533963
2016-07-01,HYG,0.00198151
2016-07-01,SPY,0.00210062
2016-07-01,TLT,0.01388441
2016-07-01,UUP,-0.00322059
2016-07-05,EEM,-0.02133199
2016-07-05,GLD,0.00825479
2016-07-05,HYG,-0.00568328
2016-07-05,SPY,-0.00719347
2016-07-05,TLT,0.0125203
2016-07-05,UUP,0.00686597
2016-07-06,EEM,-0.00265087
2016-07-06,GLD,0.00587004
2016-07-06,HYG,0.00440532
2016-07-06,SPY,0.00599808
2016-07-06,TLT,0.00161625
2016-07-06,UUP,-0.00280783
2016-07-07,EEM,-0.00265806
2016-07-07,GLD,-0.0037625
2016-07-07,HYG,0.00130469
2016-07-07,SPY,-0.00062021
2016-07-07,TLT,-7.035e-05
2016-07-07,UUP,0.00241348
2016-07-08,EEM,0.02161689
2016-07-08,GLD,0.00601201
2016-07-08,HYG,0.01325859
2016-07-08,SPY,0.01489057
2016-07-08,TLT,0.00736614
2016-07-08,UUP,0.00040129
2016-07-11,EEM,0.00956522
2016-07-11,GLD,-0.00942393
2016-07-11,HYG,0.00058395
2016-07-11,SPY,0.00352687
2016-07-11,TLT,-0.00877492
2016-07-11,UUP,0.00280792
2016-07-12,EEM,0.01406831
2016-07-12,GLD,-0.01655187
2016-07-12,HYG,0.00280243
2016-07-12,SPY,0.00726356
2016-07-12,TLT,-0.01643918
2016-07-12,UUP,-0.00080002
2016-07-13,EEM,-0.00169874
2016-07-13,GLD,0.00920178
2016-07-13,HYG,-0.0029108
2016-07-13,SPY,-0.00013977
2016-07-13,TLT,0.01178537
2016-07-13,UUP,-0.00240197
2016-07-14,EEM,0.01446409
2016-07-14,GLD,-0.00771513
2016-07-14,HYG,0.00198555
2016-07-14,SPY,0.00558361
2016-07-14,TLT,-0.01454235
2016-07-14,UUP,-0.00240767
2016-07-15,EEM,-0.00223689
2016-07-15,GLD,-0.00384831
2016-07-15,HYG,-0.00198162
2016-07-15,SPY,-0.00134193
2016-07-15,TLT,-0.00859697
2016-07-15,UUP,0.00402243
2016-07-18,EEM,0.00896617
2016-07-18,GLD,0.00157683
2016-07-18,HYG,0.00338644
2016-07-18,SPY,0.00268755
2016-07-18,TLT,-0.00093976
2016-07-18,UUP,0.00080139
2016-07-19,EEM,-0.01027492
2016-07-19,GLD,0.00133815
2016-07-19,HYG,-0.00267678
2016-07-19,SPY,-0.00101668
2016-07-19,TLT,0.00564126
2016-07-19,UUP,0.00480376
2016-07-20,EEM,0.00505067
2016-07-20,GLD,-0.01430705
2016-07-20,HYG,0.00256712
2016-07-20,SPY,0.00416288
2016-07-20,TLT,-0.00546558
2016-07-20,UUP,0.00079692
2016-07-21,EEM,-0.00307096
2016-07-21,GLD,0.0152325
2016-07-21,HYG,-0.00139624
2016-07-21,SPY,-0.00377702
2016-07-21,TLT,0.00202495
2016-07-21,UUP,-0.00159239
2016-07-22,EEM,0.00728083
2016-07-22,GLD,-0.00746272
2016-07-22,HYG,0.00442936
2016-07-22,SPY,0.00448492
2016-07-22,TLT,0.00173246
2016-07-22,UUP,0.00518334
2016-07-25,EEM,-0.01000834
2016-07-25,GLD,-0.00696476
2016-07-25,HYG,-0.00475762
2016-07-25,SPY,-0.00271599
2016-07-25,TLT,-0.00072067
2016-07-25,UUP,-0.00158671
2016-07-26,EEM,0.00786298
2016-07-26,GLD,0.00422411
2016-07-26,HYG,-0.00384857
2016-07-26,SPY,0.00046169
2016-07-26,TLT,0.00158603
2016-07-26,UUP,-0.00119183
2016-07-27,EEM,0.00334346
2016-07-27,GLD,0.0161111
2016-07-27,HYG,0.0030434
2016-07-27,SPY,-0.00106115
2016-07-27,TLT,0.0124534
2016-07-27,UUP,-0.00477319
2016-07-28,EEM,0.00027783
2016-07-28,GLD,-0.00288991
2016-07-28,HYG,-0.00420078
2016-07-28,SPY,0.00115475
2016-07-28,TLT,-0.00184837
2016-07-28,UUP,-0.00039969
2016-07-29,EEM,0.00527514
2016-07-29,GLD,0.0103399
2016-07-29,HYG,0.00093741
2016-07-29,SPY,0.00161452
2016-07-29,TLT,0.0083339
2016-07-29,UUP,-0.01359449
2016-08-01,EEM,-0.00193335
2016-08-01,GLD,0.0018608
2016-08-01,HYG,-0.00561004
2016-08-01,SPY,-0.00082908
2016-08-01,TLT,-0.01084236
2016-08-01,UUP,0.00283742
2016-08-02,EEM,-0.00719446
2016-08-02,GLD,0.0081257
2016-08-02,HYG,-0.00141961
2016-08-02,SPY,-0.00640749
2016-08-02,TLT,-0.01030218
2016-08-02,UUP,-0.00687161
2016-08-03,EEM,0.00334472
2016-08-03,GLD,-0.00475943
2016-08-03,HYG,0.00450051
2016-08-03,SPY,0.0029229
2016-08-03,TLT,0.00057774
2016-08-03,UUP,0.00569813
2016-08-04,EEM,0.00555552
2016-08-04,GLD,0.00169689
2016-08-04,HYG,0.00636776
2016-08-04,SPY,0.00106419
2016-08-04,TLT,0.00751411
2016-08-04,UUP,0.00161863
2016-08-05,EEM,0.01160207
2016-08-05,GLD,-0.01786396
2016-08-05,HYG,0.00222627
2016-08-05,SPY,0.00817838
2016-08-05,TLT,-0.01039826
2016-08-05,UUP,0.00525255
2016-08-08,EEM,0.00710016
2016-08-08,GLD,-0.00086241
2016-08-08,HYG,0.00409133
2016-08-08,SPY,-0.00059549
2016-08-08,TLT,0.00188405
2016-08-08,UUP,0.00080388
2016-08-09,EEM,0.00677882
2016-08-09,GLD,0.00408033
2016-08-09,HYG,0.003493
2016-08-09,SPY,0.00059585
2016-08-09,TLT,0.00983659
2016-08-09,UUP,-0.00200789
2016-08-10,EEM,0.00026919
2016-08-10,GLD,0.00468895
2016-08-10,HYG,-0.00185659
2016-08-10,SPY,-0.00247465
2016-08-10,TLT,0.00386807
2016-08-10,UUP,-0.0052315
2016-08-11,EEM,0.01292411
2016-08-11,GLD,-0.00692283
2016-08-11,HYG,0.00244076
2016-08-11,SPY,0.00464077
2016-08-11,TLT,-0.00891821
2016-08-11,UUP,0.00283178
2016-08-12,EEM,-0.00372153
2016-08-12,GLD,-0.0021148
2016-08-12,HYG,0.00081234
2016-08-12,SPY,-0.0008691
2016-08-12,TLT,0.00842248
2016-08-12,UUP,-0.00161368
2016-08-15,EEM,0.01040548
2016-08-15,GLD,0.00345365
2016-08-15,HYG,0.0030122
2016-08-15,SPY,0.00288372
2016-08-15,TLT,-0.00942324
2016-08-15,UUP,-0.00161601
2016-08-16,EEM,-0.00448876
2016-08-16,GLD,0.00492807
2016-08-16,HYG,-0.00207923
2016-08-16,SPY,-0.00515775
2016-08-16,TLT,-0.00266662
2016-08-16,UUP,-0.00890338
2016-08-17,EEM,-0.00636619
2016-08-17,GLD,0.00023351
2016-08-17,HYG,0.00138839
2016-08-17,SPY,0.00188105
2016-08-17,TLT,0.00599753
2016-08-17,UUP,0.00081668
2016-08-18,EEM,0.00934324
2016-08-18,GLD,0.00474709
2016-08-18,HYG,0.0039304
2016-08-18,SPY,0.0022438
2016-08-18,TLT,0.00158074
2016-08-18,UUP,-0.00734391
2016-08-19,EEM,-0.00555424
2016-08-19,GLD,-0.00882968
2016-08-19,HYG,-0.00299332
2016-08-19,SPY,-0.00146199
2016-08-19,TLT,-0.00523558
2016-08-19,UUP,0.00369912
2016-08-22,EEM,-0.01329779
2016-08-22,GLD,-0.00148474
2016-08-22,HYG,-0.00161698
2016-08-22,SPY,-4.552e-05
2016-08-22,TLT,0.00843514
2016-08-22,UUP,0.00122853
2016-08-23,EEM,-0.00404316
2016-08-23,GLD,-0.00015649
2016-08-23,HYG,0.00335486
2016-08-23,SPY,0.00201354
2016-08-23,TLT,0.00107183
2016-08-23,UUP,-0.00081801
2016-08-24,EEM,0.00270666
2016-08-24,GLD,-0.01111464
2016-08-24,HYG,-0.00276715
2016-08-24,SPY,-0.00511481
2016-08-24,TLT,-0.00235663
2016-08-24,UUP,0.00286549
2016-08-25,EEM,0.00081003
2016-08-25,GLD,-0.00087061
2016-08-25,HYG,0.00184971
2016-08-25,SPY,-0.00068872
2016-08-25,TLT,-0.0037934
2016-08-25,UUP,0.0
2016-08-26,EEM,-0.00863057
2016-08-26,GLD,-0.00142597
2016-08-26,HYG,-0.00115404
2016-08-26,SPY,-0.00188346
2016-08-26,TLT,-0.00582035
2016-08-26,UUP,0.00734672
2016-08-29,EEM,0.00761699
2016-08-29,GLD,0.00198334
2016-08-29,HYG,0.00496813
2016-08-29,SPY,0.00492436
2016-08-29,TLT,0.01337066
2016-08-29,UUP,0.00081048
2016-08-30,EEM,-0.0026997
2016-08-30,GLD,-0.01005546
2016-08-30,HYG,0.0005746
2016-08-30,SPY,-0.00164873
2016-08-30,TLT,-0.00385114
2016-08-30,UUP,0.00526309
2016-08-31,EEM,-0.01109913
2016-08-31,GLD,-0.00199952
2016-08-31,HYG,-0.00390601
2016-08-31,SPY,-0.00284417
2016-08-31,TLT,0.00143158
2016-08-31,UUP,-0.00040284
2016-09-01,EEM,0.00766527
2016-09-01,GLD,0.00408721
2016-09-01,HYG,0.00198032
2016-09-01,SPY,4.618e-05
2016-09-01,TLT,0.00110314
2016-09-01,UUP,-0.003626
2016-09-02,EEM,0.01629929
2016-09-02,GLD,0.01021629
2016-09-02,HYG,0.00462425
2016-09-02,SPY,0.00450791
2016-09-02,TLT,-0.00815586
2016-09-02,UUP,0.00242626
2016-09-06,EEM,0.02138497
2016-09-06,GLD,0.0169077
2016-09-06,HYG,0.0011508
2016-09-06,SPY,0.00302257
2016-09-06,TLT,0.00728489
2016-09-06,UUP,-0.01169815
2016-09-07,EEM,-0.00314058
2016-09-07,GLD,-0.00341856
2016-09-07,HYG,-0.00275853
2016-09-07,SPY,-9.117e-05
2016-09-07,TLT,-0.00071607
2016-09-07,UUP,0.0016325
2016-09-08,EEM,-0.00262522
2016-09-08,GLD,-0.00530138
2016-09-08,HYG,-0.00184408
2016-09-08,SPY,-0.00228324
2016-09-08,TLT,-0.01254045
2016-09-08,UUP,0.00122243
2016-09-09,EEM,-0.03369329
2016-09-09,GLD,-0.00658356
2016-09-09,HYG,-0.0095844
2016-09-09,SPY,-0.02393495
2016-09-09,TLT,-0.01647469
2016-09-09,UUP,0.00284906
2016-09-12,EEM,0.00681022
2016-09-12,GLD,-0.00126236
2016-09-12,HYG,0.00349818
2016-09-12,SPY,0.01434746
2016-09-12,TLT,0.00051597
2016-09-12,UUP,-0.00162323
2016-09-13,EEM,-0.02516243
2016-09-13,GLD,-0.00663557
2016-09-13,HYG,-0.00766834
2016-09-13,SPY,-0.01437544
2016-09-13,TLT,-0.01135733
2016-09-13,UUP,0.00406494
2016-09-14,EEM,0.00305319
2016-09-14,GLD,0.00341949
2016-09-14,HYG,-0.00023399
2016-09-14,SPY,-0.00037511
2016-09-14,TLT,0.00149223
2016-09-14,UUP,-0.0024292
2016-09-15,EEM,0.01715539
2016-09-15,GLD,-0.00641938
2016-09-15,HYG,0.00585497
2016-09-15,SPY,0.00999326
2016-09-15,TLT,-0.00432041
2016-09-15,UUP,-0.00040585
2016-09-16,EEM,-0.00680089
2016-09-16,GLD,-0.00247272
2016-09-16,HYG,0.00023261
2016-09-16,SPY,-0.00386624
2016-09-16,TLT,0.00807954
2016-09-16,UUP,0.00812017
2016-09-19,EEM,0.00794304
2016-09-19,GLD,0.00207902
2016-09-19,HYG,0.00058252
2016-09-19,SPY,0.00018766
2016-09-19,TLT,-0.00326542
2016-09-19,UUP,-0.00241639
2016-09-20,EEM,0.00054354
2016-09-20,GLD,0.00095757
2016-09-20,HYG,-0.00116391
2016-09-20,SPY,4.714e-05
2016-09-20,TLT,0.00349983
2016-09-20,UUP,0.00161489
2016-09-21,EEM,0.02797393
2016-09-21,GLD,0.0145886
2016-09-21,HYG,0.00826981
2016-09-21,SPY,0.01124544
2016-09-21,TLT,0.00808721
2016-09-21,UUP,-0.0044337
2016-09-22,EEM,0.00713325
2016-09-22,GLD,0.00235722
2016-09-22,HYG,0.00335031
2016-09-22,SPY,0.0063014
2016-09-22,TLT,0.00794886
2016-09-22,UUP,-0.00121451
2016-09-23,EEM,-0.012854
2016-09-23,GLD,0.00062712
2016-09-23,HYG,-0.00115185
2016-09-23,SPY,-0.00547939
2016-09-23,TLT,-0.00094953
2016-09-23,UUP,0.00040517
2016-09-26,EEM,-0.01461546
2016-09-26,GLD,-0.00078338
2016-09-26,HYG,-0.00438034
2016-09-26,SPY,-0.00810222
2016-09-26,TLT,0.00635892
2016-09-26,UUP,-0.00202588
2016-09-27,EEM,0.014293
2016-09-27,GLD,-0.00729126
2016-09-27,HYG,0.0028945
2016-09-27,SPY,0.0062081
2016-09-27,TLT,0.00733492
2016-09-27,UUP,0.00081204
2016-09-28,EEM,0.00904002
2016-09-28,GLD,-0.00315907
2016-09-28,HYG,0.00669524
2016-09-28,SPY,0.00496324
2016-09-28,TLT,-0.00216231
2016-09-28,UUP,0.00081147
2016-09-29,EEM,-0.0173915
2016-09-29,GLD,-0.00118841
2016-09-29,HYG,-0.00378398
2016-09-29,SPY,-0.00904692
2016-09-29,TLT,0.00252769
2016-09-29,UUP,0.00081063
2016-09-30,EEM,0.00429092
2016-09-30,GLD,-0.00341081
2016-09-30,HYG,0.00437399
2016-09-30,SPY,0.00754601
2016-09-30,TLT,-0.00893618
2016-09-30,UUP,-0.00040512
2016-10-03,EEM,0.00694254
2016-10-03,GLD,-0.00254696
2016-10-03,HYG,-0.00062142
2016-10-03,SPY,-0.00240415
2016-10-03,TLT,-0.0033012
2016-10-03,UUP,0.00202598
2016-10-04,EEM,-0.01113781
2016-10-04,GLD,-0.03471113
2016-10-04,HYG,-0.0017278
2016-10-04,SPY,-0.0050976
2016-10-04,TLT,-0.01169422
2016-10-04,UUP,0.00444795
2016-10-05,EEM,0.01448177
2016-10-05,GLD,-0.00157066
2016-10-05,HYG,0.00265363
2016-10-05,SPY,0.00442502
2016-10-05,TLT,-0.00465974
2016-10-05,UUP,0.00120803
2016-10-06,EEM,0.0007927
2016-10-06,GLD,-0.00927302
2016-10-06,HYG,0.00057558
2016-10-06,SPY,0.00069563
2016-10-06,TLT,-0.00557219
2016-10-06,UUP,0.00522702
2016-10-07,EEM,-0.00449038
2016-10-07,GLD,0.00066851
2016-10-07,HYG,0.00229957
2016-10-07,SPY,-0.00342926
2016-10-07,TLT,0.00067235
2016-10-07,UUP,-0.00160013
2016-10-10,EEM,0.01087808
2016-10-10,GLD,0.00350765
2016-10-10,HYG,0.00286881
2016-10-10,SPY,0.00520829
2016-10-10,TLT,-0.00589915
2016-10-10,UUP,0.00400641
2016-10-11,EEM,-0.02309696
2016-10-11,GLD,-0.00507657
2016-10-11,HYG,-0.00560608
2016-10-11,SPY,-0.01262977
2016-10-11,TLT,-0.00225332
2016-10-11,UUP,0.00758188
2016-10-12,EEM,-0.00188057
2016-10-12,GLD,0.00158925
2016-10-12,HYG,-0.00034546
2016-10-12,SPY,0.00131217
2016-10-12,TLT,0.00097853
2016-10-12,UUP,0.00277225
2016-10-13,EEM,-0.00888304
2016-10-13,GLD,0.00242192
2016-10-13,HYG,-0.00253193
2016-10-13,SPY,-0.00327562
2016-10-13,TLT,0.00376041
2016-10-13,UUP,-0.0035544
2016-10-14,EEM,0.00162967
2016-10-14,GLD,-0.00558192
2016-10-14,HYG,0.00230823
2016-10-14,SPY,0.00051629
2016-10-14,TLT,-0.01401175
2016-10-14,UUP,0.00515262
2016-10-17,EEM,-0.0010844
2016-10-17,GLD,0.00268096
2016-10-17,HYG,-0.00138194
2016-10-17,SPY,-0.00347206
2016-10-17,TLT,0.00638367
2016-10-17,UUP,-0.00236589
2016-10-18,EEM,0.01764336
2016-10-18,GLD,0.00618314
2016-10-18,HYG,0.00403557
2016-10-18,SPY,0.00626247
2016-10-18,TLT,0.00324702
2016-10-18,UUP,0.00079035
2016-10-19,EEM,0.00613525
2016-10-19,GLD,0.00572997
2016-10-19,HYG,0.00287019
2016-10-19,SPY,0.00266713
2016-10-19,TLT,0.0008277
2016-10-19,UUP,0.00039495
2016-10-20,EEM,-0.00291621
2016-10-20,GLD,-0.0030551
2016-10-20,HYG,0.00011394
2016-10-20,SPY,-0.00186672
2016-10-20,TLT,0.00105304
2016-10-20,UUP,0.00315829
2016-10-21,EEM,-0.00026614
2016-10-21,GLD,0.00074544
2016-10-21,HYG,0.00022904
2016-10-21,SPY,0.00046766
2016-10-21,TLT,0.00150251
2016-10-21,UUP,0.00354199
2016-10-24,EEM,0.00425535
2016-10-24,GLD,-0.00223458
2016-10-24,HYG,0.00057233
2016-10-24,SPY,0.00425262
2016-10-24,TLT,-0.00435091
2016-10-24,UUP,0.0011765
2016-10-25,EEM,0.00105944
2016-10-25,GLD,0.00754814
2016-10-25,HYG,-0.000572
2016-10-25,SPY,-0.00335034
2016-10-25,TLT,0.00263691
2016-10-25,UUP,-0.0003917
2016-10-26,EEM,-0.01058175
2016-10-26,GLD,-0.00559809
2016-10-26,HYG,-0.00400566
2016-10-26,SPY,-0.002008
2016-10-26,TLT,-0.00676272
2016-10-26,UUP,-0.00039195
2016-10-27,EEM,-0.0085559
2016-10-27,GLD,0.00182135
2016-10-27,HYG,-0.00367719
2016-10-27,SPY,-0.00266675
2016-10-27,TLT,-0.01089404
2016-10-27,UUP,0.00196015
2016-10-28,EEM,-0.00404573
2016-10-28,GLD,0.00471035
2016-10-28,HYG,-0.0048445
2016-10-28,SPY,-0.00295543
2016-10-28,TLT,-0.0022183
2016-10-28,UUP,-0.00586867
2016-10-31,EEM,0.0056864
2016-10-31,GLD,0.00296102
2016-10-31,HYG,-0.00301308
2016-10-31,SPY,4.699e-05
2016-10-31,TLT,0.00613261
2016-10-31,UUP,0.00039355
2016-11-01,EEM,-0.0080773
2016-11-01,GLD,0.0064786
2016-11-01,HYG,-0.00390105
2016-11-01,SPY,-0.00724528
2016-11-01,TLT,7.615e-05
2016-11-01,UUP,-0.00511401
2016-11-02,EEM,-0.01194391
2016-11-02,GLD,0.00741462
2016-11-02,HYG,-0.00445361
2016-11-02,SPY,-0.00601853
2016-11-02,TLT,0.00435132
2016-11-02,UUP,-0.00355871
2016-11-03,EEM,-0.0027471
2016-11-03,GLD,0.00533811
2016-11-03,HYG,0.00023439
2016-11-03,SPY,-0.0045772
2016-11-03,TLT,-0.00767622
2016-11-03,UUP,-0.00277793
2016-11-04,EEM,-0.01019297
2016-11-04,GLD,0.00072403
2016-11-04,HYG,0.00047194
2016-11-04,SPY,-0.00110168
2016-11-04,TLT,0.0089607
2016-11-04,UUP,-0.00278549
2016-11-07,EEM,0.03618169
2016-11-07,GLD,-0.01800786
2016-11-07,HYG,0.01400262
2016-11-07,SPY,0.02205713
2016-11-07,TLT,-0.00850167
2016-11-07,UUP,0.00837998
2016-11-08,EEM,0.00644637
2016-11-08,GLD,-0.00417521
2016-11-08,HYG,-0.00220489
2016-11-08,SPY,0.00450381
2016-11-08,TLT,-0.00405751
2016-11-08,UUP,0.00277014
2016-11-09,EEM,-0.0325596
2016-11-09,GLD,-0.00065769
2016-11-09,HYG,-0.00697892
2016-11-09,SPY,0.01060202
2016-11-09,TLT,-0.04243226
2016-11-09,UUP,0.00631408
2016-11-10,EEM,-0.02841367
2016-11-10,GLD,-0.01488975
2016-11-10,HYG,-0.01311724
2016-11-10,SPY,0.00249591
2016-11-10,TLT,-0.01477057
2016-11-10,UUP,0.00196074
2016-11-11,EEM,-0.01902349
2016-11-11,GLD,-0.02212945
2016-11-11,HYG,-0.00937571
2016-11-11,SPY,-0.00230543
2016-11-11,TLT,-0.0056223
2016-11-11,UUP,0.00156559
2016-11-14,EEM,-0.00723571
2016-11-14,GLD,-0.00845429
2016-11-14,HYG,0.0074274
2016-11-14,SPY,0.00078588
2016-11-14,TLT,-0.00598137
2016-11-14,UUP,0.00976947
2016-11-15,EEM,0.02011683
2016-11-15,GLD,0.00869867
2016-11-15,HYG,0.01319996
2016-11-15,SPY,0.00780251
2016-11-15,TLT,0.00494553
2016-11-15,UUP,0.00154802
2016-11-16,EEM,-0.00828816
2016-11-16,GLD,-0.00298844
2016-11-16,HYG,-0.00398994
2016-11-16,SPY,-0.00187819
2016-11-16,TLT,0.00902295
2016-11-16,UUP,0.00270467
2016-11-17,EEM,0.00144091
2016-11-17,GLD,-0.00513829
2016-11-17,HYG,-0.00271077
2016-11-17,SPY,0.00514064
2016-11-17,TLT,-0.01471379
2016-11-17,UUP,0.00578038
2016-11-18,EEM,-0.00460429
2016-11-18,GLD,-0.00878021
2016-11-18,HYG,0.0
2016-11-18,SPY,-0.00223787
2016-11-18,TLT,-0.0028877
2016-11-18,UUP,0.00344835
2016-11-21,EEM,0.0098293
2016-11-21,GLD,0.00373426
2016-11-21,HYG,0.00803514
2016-11-21,SPY,0.00755163
2016-11-21,TLT,0.00248209
2016-11-21,UUP,-0.00381825
2016-11-22,EEM,0.01517317
2016-11-22,GLD,-0.00034609
2016-11-22,HYG,0.007385
2016-11-22,SPY,0.00195305
2016-11-22,TLT,-0.00032986
2016-11-22,UUP,0.00153301
2016-11-23,EEM,-0.0107161
2016-11-23,GLD,-0.01981998
2016-11-23,HYG,-0.00372337
2016-11-23,SPY,0.00054442
2016-11-23,TLT,-0.00388101
2016-11-23,UUP,0.00612336
2016-11-25,EEM,0.0048459
2016-11-25,GLD,-0.00565121
2016-11-25,HYG,0.00128388
2016-11-25,SPY,0.0037151
2016-11-25,TLT,0.00149207
2016-11-25,UUP,-0.00190199
2016-11-28,EEM,0.00397187
2016-11-28,GLD,0.01056747
2016-11-28,HYG,-0.00011639
2016-11-28,SPY,-0.00469466
2016-11-28,TLT,0.00736648
2016-11-28,UUP,-0.00266774
2016-11-29,EEM,0.00141255
2016-11-29,GLD,-0.00465735
2016-11-29,HYG,-0.00128283
2016-11-29,SPY,0.00195053
2016-11-29,TLT,0.0041898
2016-11-29,UUP,-0.00229258
2016-11-30,EEM,0.00169292
2016-11-30,GLD,-0.01341923
2016-11-30,HYG,0.00046711
2016-11-30,SPY,-0.00239943
2016-11-30,TLT,-0.01620039
2016-11-30,UUP,0.00536196
2016-12-01,EEM,-0.01183071
2016-12-01,GLD,-0.00187919
2016-12-01,HYG,-0.00467911
2016-12-01,SPY,-0.00367542
2016-12-01,TLT,-0.01055854
2016-12-01,UUP,-0.00533336
2016-12-02,EEM,0.00114004
2016-12-02,GLD,0.00537922
2016-12-02,HYG,0.00600866
2016-12-02,SPY,0.00050086
2016-12-02,TLT,0.00732756
2016-12-02,UUP,-0.00229793
2016-12-05,EEM,0.00825748
2016-12-05,GLD,-0.00535044
2016-12-05,HYG,0.00257737
2016-12-05,SPY,0.00600898
2016-12-05,TLT,-0.00108691
2016-12-05,UUP,-0.00652588
2016-12-06,EEM,0.00536581
2016-12-06,GLD,-0.0009862
2016-12-06,HYG,0.00502379
2016-12-06,SPY,0.00316724
2016-12-06,TLT,-0.00075266
2016-12-06,UUP,0.00386398
2016-12-07,EEM,0.01685382
2016-12-07,GLD,0.00358971
2016-12-07,HYG,0.00499778
2016-12-07,SPY,0.01308085
2016-12-07,TLT,0.00854361
2016-12-07,UUP,-0.00307936
2016-12-08,EEM,0.00441979
2016-12-08,GLD,-0.00232498
2016-12-08,HYG,-0.00011571
2016-12-08,SPY,0.00244879
2016-12-08,TLT,-0.01179358
2016-12-08,UUP,0.00888024
2016-12-09,EEM,-0.00522568
2016-12-09,GLD,-0.01048667
2016-12-09,HYG,0.00046222
2016-12-09,SPY,0.00604012
2016-12-09,TLT,-0.01243865
2016-12-09,UUP,0.00420972
2016-12-12,EEM,-0.00663516
2016-12-12,GLD,0.00380433
2016-12-12,HYG,-0.00138767
2016-12-12,SPY,-0.00114757
2016-12-12,TLT,0.00187162
2016-12-12,UUP,-0.00571633
2016-12-13,EEM,0.01113288
2016-12-13,GLD,-0.00333877
2016-12-13,HYG,0.00243148
2016-12-13,SPY,0.00667405
2016-12-13,TLT,0.0035678
2016-12-13,UUP,0.00114989
2016-12-14,EEM,-0.02972756
2016-12-14,GLD,-0.01466723
2016-12-14,HYG,-0.00750732
2016-12-14,SPY,-0.00825448
2016-12-14,TLT,-0.01117267
2016-12-14,UUP,0.00957124
2016-12-15,EEM,0.00170239
2016-12-15,GLD,-0.01369113
2016-12-15,HYG,0.00046547
2016-12-15,SPY,0.00411749
2016-12-15,TLT,0.00505033
2016-12-15,UUP,0.01099715
2016-12-16,EEM,-0.00453153
2016-12-16,GLD,0.00661456
2016-12-16,HYG,0.00093036
2016-12-16,SPY,-0.00195573
2016-12-16,TLT,-0.00229959
2016-12-16,UUP,-0.00337583
2016-12-19,EEM,-0.00682797
2016-12-19,GLD,0.00499762
2016-12-19,HYG,0.00255656
2016-12-19,SPY,0.00217718
2016-12-19,TLT,0.01075614
2016-12-19,UUP,0.00301098
2016-12-20,EEM,0.00343746
2016-12-20,GLD,-0.00736712
2016-12-20,HYG,0.00139165
2016-12-20,SPY,0.00385784
2016-12-20,TLT,-0.00498268
2016-12-20,UUP,0.00187613
2016-12-21,EEM,-0.00415775
2016-12-21,GLD,0.00055662
2016-12-21,HYG,0.00173631
2016-12-21,SPY,-0.0027829
2016-12-21,TLT,0.00441353
2016-12-21,UUP,-0.00299623
2016-12-22,EEM,-0.01188735
2016-12-22,GLD,-0.00241078
2016-12-22,HYG,0.00215674
2016-12-22,SPY,-0.00172735
2016-12-22,TLT,-0.00178754
2016-12-22,UUP,0.001127
2016-12-23,EEM,0.0058683
2016-12-23,GLD,0.00316018
2016-12-23,HYG,0.00185085
2016-12-23,SPY,0.00146426
2016-12-23,TLT,0.00203716
2016-12-23,UUP,-0.00075057
2016-12-27,EEM,0.00437575
2016-12-27,GLD,0.00583709
2016-12-27,HYG,-0.00092401
2016-12-27,SPY,0.00248086
2016-12-27,TLT,-0.00321894
2016-12-27,UUP,-0.00037544
2016-12-28,EEM,0.00755179
2016-12-28,GLD,0.00276348
2016-12-28,HYG,-0.00138749
2016-12-28,SPY,-0.0082647
2016-12-28,TLT,0.0073085
2016-12-28,UUP,0.00262966
2016-12-29,EEM,0.01643111
2016-12-29,GLD,0.01313614
2016-12-29,HYG,0.00138941
2016-12-29,SPY,-0.00022227
2016-12-29,TLT,0.00354294
2016-12-29,UUP,-0.00562003
2016-12-30,EEM,-0.00709023
2016-12-30,GLD,-0.00616557
2016-12-30,HYG,0.00034663
2016-12-30,SPY,-0.00365494
2016-12-30,TLT,0.00151297
2016-12-30,UUP,-0.00301447
2017-01-03,EEM,0.01199681
2017-01-03,GLD,0.007846
2017-01-03,HYG,0.00415932
2017-01-03,SPY,0.00764955
2017-01-03,TLT,0.00428142
2017-01-03,UUP,0.00907032
2017-01-04,EEM,0.00762061
2017-01-04,GLD,0.00353036
2017-01-04,HYG,0.00540773
2017-01-04,SPY,0.00594934
2017-01-04,TLT,0.003845
2017-01-04,UUP,-0.00749063
2017-01-05,EEM,0.01092424
2017-01-05,GLD,0.01551507
2017-01-05,HYG,-0.00148824
2017-01-05,SPY,-0.00079422
2017-01-05,TLT,0.01565363
2017-01-05,UUP,-0.01056618
2017-01-06,EEM,-0.00415623
2017-01-06,GLD,-0.00737255
2017-01-06,HYG,-0.00022835
2017-01-06,SPY,0.00357759
2017-01-06,TLT,-0.00918216
2017-01-06,UUP,0.00724654
2017-01-09,EEM,-0.00083489
2017-01-09,GLD,0.00823265
2017-01-09,HYG,-0.00022957
2017-01-09,SPY,-0.00330083
2017-01-09,TLT,0.00802649
2017-01-09,UUP,-0.00265048
2017-01-10,EEM,0.00584778
2017-01-10,GLD,0.00426026
2017-01-10,HYG,0.00011522
2017-01-10,SPY,0.0
2017-01-10,TLT,-0.00065681
2017-01-10,UUP,0.00037957
2017-01-11,EEM,0.01190492
2017-01-11,GLD,0.00309323
2017-01-11,HYG,0.00057264
2017-01-11,SPY,0.002826
2017-01-11,TLT,0.00336761
2017-01-11,UUP,-0.00227692
2017-01-12,EEM,0.00437758
2017-01-12,GLD,0.00361237
2017-01-12,HYG,0.00022917
2017-01-12,SPY,-0.00250995
2017-01-12,TLT,-0.00221102
2017-01-12,UUP,-0.00380372
2017-01-13,EEM,-0.00081725
2017-01-13,GLD,0.00263362
2017-01-13,HYG,0.00034394
2017-01-13,SPY,0.00229545
2017-01-13,TLT,-0.00475785
2017-01-13,UUP,-0.0011455
2017-01-17,EEM,-0.00054504
2017-01-17,GLD,0.01435951
2017-01-17,HYG,-0.00103059
2017-01-17,SPY,-0.00352331
2017-01-17,TLT,0.01046894
2017-01-17,UUP,-0.00917416
2017-01-18,EEM,-0.00545582
2017-01-18,GLD,-0.00845918
2017-01-18,HYG,0.00091712
2017-01-18,SPY,0.00220974
2017-01-18,TLT,-0.012808
2017-01-18,UUP,0.00925911
2017-01-19,EEM,-0.00301688
2017-01-19,GLD,-0.0008706
2017-01-19,HYG,-0.00320668
2017-01-19,SPY,-0.00370462
2017-01-19,TLT,-0.00685895
2017-01-19,UUP,-0.001529
2017-01-20,EEM,0.00192564
2017-01-20,GLD,0.00243972
2017-01-20,HYG,0.00195317
2017-01-20,SPY,0.00367405
2017-01-20,TLT,-0.00199682
2017-01-20,UUP,-0.00344571
2017-01-23,EEM,0.01482712
2017-01-23,GLD,0.00643197
2017-01-23,HYG,0.0
2017-01-23,SPY,-0.00260191
2017-01-23,TLT,0.01000482
2017-01-23,UUP,-0.00537844
2017-01-24,EEM,0.006223
2017-01-24,GLD,-0.00449093
2017-01-24,HYG,0.00068859
2017-01-24,SPY,0.00641159
2017-01-24,TLT,-0.00685134
2017-01-24,UUP,0.00038626
2017-01-25,EEM,0.01102464
2017-01-25,GLD,-0.00824149
2017-01-25,HYG,0.00355206
2017-01-25,SPY,0.00865548
2017-01-25,TLT,-0.01255078
2017-01-25,UUP,-0.00347498
2017-01-26,EEM,-0.00425552
2017-01-26,GLD,-0.0092722
2017-01-26,HYG,-0.00045722
2017-01-26,SPY,-0.00104541
2017-01-26,TLT,0.00336671
2017-01-26,UUP,0.00658674
2017-01-27,EEM,0.00080137
2017-01-27,GLD,0.00203069
2017-01-27,HYG,0.0009142
2017-01-27,SPY,-0.00156979
2017-01-27,TLT,0.00360718
2017-01-27,UUP,0.00038492
2017-01-30,EEM,-0.0053377
2017-01-30,GLD,0.00422948
2017-01-30,HYG,-0.00205464
2017-01-30,SPY,-0.00620152
2017-01-30,TLT,-0.00300916
2017-01-30,UUP,-0.00192386
2017-01-31,EEM,0.00187823
2017-01-31,GLD,0.01386331
2017-01-31,HYG,-0.00102951
2017-01-31,SPY,-8.813e-05
2017-01-31,TLT,0.00695919
2017-01-31,UUP,-0.00809578
2017-02-01,EEM,0.00053541
2017-02-01,GLD,-0.00302904
2017-02-01,HYG,0.00370272
2017-02-01,SPY,0.00039573
2017-02-01,TLT,-0.00618275
2017-02-01,UUP,0.00077741
2017-02-02,EEM,0.00428286
2017-02-02,GLD,0.00555555
2017-02-02,HYG,0.0005734
2017-02-02,SPY,0.00065902
2017-02-02,TLT,-0.00042017
2017-02-02,UUP,0.00155343
2017-02-03,EEM,0.00613006
2017-02-03,GLD,0.00250346
2017-02-03,HYG,0.00171753
2017-02-03,SPY,0.00689301
2017-02-03,TLT,-0.00042027
2017-02-03,UUP,-0.00038767
2017-02-06,EEM,-0.00238407
2017-02-06,GLD,0.01351933
2017-02-06,HYG,-0.00068579
2017-02-06,SPY,-0.00178798
2017-02-06,TLT,0.00605044
2017-02-06,UUP,0.00077572
2017-02-07,EEM,-0.00504512
2017-02-07,GLD,-0.00203906
2017-02-07,HYG,-0.00148732
2017-02-07,SPY,4.415e-05
2017-02-07,TLT,0.00735073
2017-02-07,UUP,0.0050386
2017-02-08,EEM,0.00613824
2017-02-08,GLD,0.00621491
2017-02-08,HYG,0.00068728
2017-02-08,SPY,0.00130998
2017-02-08,TLT,0.01359855
2017-02-08,UUP,-0.00115681
2017-02-09,EEM,0.00450897
2017-02-09,GLD,-0.00761487
2017-02-09,HYG,0.00137399
2017-02-09,SPY,0.00593285
2017-02-09,TLT,-0.0115346
2017-02-09,UUP,0.00386109
2017-02-10,EEM,0.00924251
2017-02-10,GLD,0.002643
2017-02-10,HYG,0.00068609
2017-02-10,SPY,0.00394588
2017-02-10,TLT,-0.00057916
2017-02-10,UUP,0.00115378
2017-02-13,EEM,0.00313977
2017-02-13,GLD,-0.00680268
2017-02-13,HYG,0.00148524
2017-02-13,SPY,0.00544302
2017-02-13,TLT,-0.0031471
2017-02-13,UUP,0.00230508
2017-02-14,EEM,0.00104313
2017-02-14,GLD,0.00111299
2017-02-14,HYG,0.00068438
2017-02-14,SPY,0.00399509
2017-02-14,TLT,-0.00722703
2017-02-14,UUP,0.00229961
2017-02-15,EEM,0.00807685
2017-02-15,GLD,0.00444708
2017-02-15,HYG,0.0003417
2017-02-15,SPY,0.00522062
2017-02-15,TLT,-0.00460202
2017-02-15,UUP,-0.001912
2017-02-16,EEM,-0.00361824
2017-02-16,GLD,0.00536403
2017-02-16,HYG,-0.0007974
2017-02-16,SPY,-0.0008517
2017-02-16,TLT,0.00546379
2017-02-16,UUP,-0.00574716
2017-02-17,EEM,-0.00415028
2017-02-17,GLD,-0.00338755
2017-02-17,HYG,0.00102645
2017-02-17,SPY,0.0015765
2017-02-17,TLT,0.00593599
2017-02-17,UUP,0.00500957
2017-02-21,EEM,0.0109402
2017-02-21,GLD,0.00059483
2017-02-21,HYG,0.00330386
2017-02-21,SPY,0.00595492
2017-02-21,TLT,-0.00174533
2017-02-21,UUP,0.00460141
2017-02-22,EEM,0.00309192
2017-02-22,GLD,0.00135884
2017-02-22,HYG,0.00045413
2017-02-22,SPY,-0.0008878
2017-02-22,TLT,0.00166531
2017-02-22,UUP,-0.00229021
2017-02-23,EEM,0.0002568
2017-02-23,GLD,0.00873547
2017-02-23,HYG,0.00090793
2017-02-23,SPY,0.00067735
2017-02-23,TLT,0.00299215
2017-02-23,UUP,-0.00229538
2017-02-24,EEM,-0.01181334
2017-02-24,GLD,0.00638973
2017-02-24,HYG,0.00079466
2017-02-24,SPY,0.00126866
2017-02-24,TLT,0.01110466
2017-02-24,UUP,0.00191722
2017-02-27,EEM,-0.00311813
2017-02-27,GLD,-0.0048454
2017-02-27,HYG,0.00124632
2017-02-27,SPY,0.00156297
2017-02-27,TLT,-0.00590101
2017-02-27,UUP,0.0
2017-02-28,EEM,-0.00964549
2017-02-28,GLD,0.00092344
2017-02-28,HYG,-0.00079225
2017-02-28,SPY,-0.00269922
2017-02-28,TLT,0.00370981
2017-02-28,UUP,-0.00076533
2017-03-01,EEM,0.01553075
2017-03-01,GLD,-0.00142586
2017-03-01,HYG,0.00368521
2017-03-01,SPY,0.01399739
2017-03-01,TLT,-0.01675649
2017-03-01,UUP,0.00689397
2017-03-02,EEM,-0.01762589
2017-03-02,GLD,-0.01243067
2017-03-02,HYG,-0.00317319
2017-03-02,SPY,-0.0062973
2017-03-02,TLT,-0.00359901
2017-03-02,UUP,0.00418419
2017-03-03,EEM,0.00765152
2017-03-03,GLD,-0.00059534
2017-03-03,HYG,0.00045482
2017-03-03,SPY,0.00062987
2017-03-03,TLT,0.00260426
2017-03-03,UUP,-0.0087124
2017-03-06,EEM,0.00052361
2017-03-06,GLD,-0.00672284
2017-03-06,HYG,-0.00318206
2017-03-06,SPY,-0.00297815
2017-03-06,TLT,-0.00477575
2017-03-06,UUP,0.00343913
2017-03-07,EEM,0.00104699
2017-03-07,GLD,-0.00805348
2017-03-07,HYG,-0.00649922
2017-03-07,SPY,-0.0029869
2017-03-07,TLT,-0.00303088
2017-03-07,UUP,0.00114253
2017-03-08,EEM,-0.00941168
2017-03-08,GLD,-0.0062187
2017-03-08,HYG,-0.00665575
2017-03-08,SPY,-0.00185648
2017-03-08,TLT,-0.00540476
2017-03-08,UUP,0.00342326
2017-03-09,EEM,-0.00791739
2017-03-09,GLD,-0.00512773
2017-03-09,HYG,-0.00265721
2017-03-09,SPY,0.00126816
2017-03-09,TLT,-0.00798067
2017-03-09,UUP,-0.00189524
2017-03-10,EEM,0.01117297
2017-03-10,GLD,0.00218398
2017-03-10,HYG,-0.00034709
2017-03-10,SPY,0.00350412
2017-03-10,TLT,0.00350895
2017-03-10,UUP,-0.00683646
2017-03-13,EEM,0.01394361
2017-03-13,GLD,0.00017431
2017-03-13,HYG,0.00081139
2017-03-13,SPY,0.00050481
2017-03-13,TLT,-0.00631135
2017-03-13,UUP,0.00152976
2017-03-14,EEM,-0.00570842
2017-03-14,GLD,-0.00540348
2017-03-14,HYG,-0.00301102
2017-03-14,SPY,-0.00382654
2017-03-14,TLT,0.00480616
2017-03-14,UUP,0.00343633
2017-03-15,EEM,0.02609593
2017-03-15,GLD,0.01866454
2017-03-15,HYG,0.01382063
2017-03-15,SPY,0.00865333
2017-03-15,TLT,0.01221512
2017-03-15,UUP,-0.01179613
2017-03-16,EEM,0.00610417
2017-03-16,GLD,0.00412906
2017-03-16,HYG,-0.00286426
2017-03-16,SPY,-0.00196674
2017-03-16,TLT,-0.00506324
2017-03-16,UUP,-0.00346535
2017-03-17,EEM,-0.00176969
2017-03-17,GLD,0.00222732
2017-03-17,HYG,0.00034437
2017-03-17,SPY,-0.0017564
2017-03-17,TLT,0.00627664
2017-03-17,UUP,0.00038632
2017-03-20,EEM,0.01164839
2017-03-20,GLD,0.00444486
2017-03-20,HYG,-0.00195205
2017-03-20,SPY,-0.00109683
2017-03-20,TLT,0.00429888
2017-03-20,UUP,0.00038626
2017-03-21,EEM,-0.01101378
2017-03-21,GLD,0.0087652
2017-03-21,HYG,-0.0071334
2017-03-21,SPY,-0.01283966
2017-03-21,TLT,0.00830869
2017-03-21,UUP,-0.00617756
2017-03-22,EEM,0.00480925
2017-03-22,GLD,0.00244644
2017-03-22,HYG,0.00243319
2017-03-22,SPY,0.00235328
2017-03-22,TLT,0.00399552
2017-03-22,UUP,-0.00077711
2017-03-23,EEM,0.00025182
2017-03-23,GLD,-0.00134649
2017-03-23,HYG,0.00034663
2017-03-23,SPY,-0.00106691
2017-03-23,TLT,-0.0014098
2017-03-23,UUP,0.00116643
2017-03-24,EEM,0.00251839
2017-03-24,GLD,0.0016011
2017-03-24,HYG,0.00346692
2017-03-24,SPY,-0.00072677
2017-03-24,TLT,0.00357023
2017-03-24,UUP,-0.00038827
2017-03-27,EEM,-0.00276319
2017-03-27,GLD,0.00563687
2017-03-27,HYG,-0.00103667
2017-03-27,SPY,-0.00102617
2017-03-27,TLT,0.00454936
2017-03-27,UUP,-0.00543903
2017-03-28,EEM,0.00277084
2017-03-28,GLD,-0.00409937
2017-03-28,HYG,0.0055349
2017-03-28,SPY,0.00727687
2017-03-28,TLT,-0.00666978
2017-03-28,UUP,0.00546878
2017-03-29,EEM,0.00175798
2017-03-29,GLD,0.00243616
2017-03-29,HYG,0.00206282
2017-03-29,SPY,0.0009348
2017-03-29,TLT,0.00596871
2017-03-29,UUP,0.00194246
2017-03-30,EEM,-0.00526564
2017-03-30,GLD,-0.00720691
2017-03-30,HYG,0.00469112
2017-03-30,SPY,0.0031842
2017-03-30,TLT,-0.00807632
2017-03-30,UUP,0.00659185
2017-03-31,EEM,-0.00705841
2017-03-31,GLD,0.00211024
2017-03-31,HYG,-0.00034153
2017-03-31,SPY,-0.00232756
2017-03-31,TLT,0.00290793
2017-03-31,UUP,-0.00038539
2017-04-03,EEM,0.0055853
2017-04-03,GLD,0.00530658
2017-04-03,HYG,-0.00053786
2017-04-03,SPY,-0.00173918
2017-04-03,TLT,0.01008701
2017-04-03,UUP,0.0
2017-04-04,EEM,0.00050502
2017-04-04,GLD,0.00226229
2017-04-04,HYG,0.0003435
2017-04-04,SPY,0.00063753
2017-04-04,TLT,-0.00542485
2017-04-04,UUP,0.00115618
2017-04-05,EEM,-0.00302824
2017-04-05,GLD,0.0
2017-04-05,HYG,-0.0008009
2017-04-05,SPY,-0.00297283
2017-04-05,TLT,0.00305784
2017-04-05,UUP,-0.0003851
2017-04-06,EEM,-0.00177169
2017-04-06,GLD,-0.00367833
2017-04-06,HYG,0.00125958
2017-04-06,SPY,0.002811
2017-04-06,TLT,-0.00148303
2017-04-06,UUP,0.0023105
2017-04-07,EEM,-0.00177472
2017-04-07,GLD,0.00234938
2017-04-07,HYG,-0.00045746
2017-04-07,SPY,-0.00101921
2017-04-07,TLT,-0.0040429
2017-04-07,UUP,0.00460999
2017-04-10,EEM,-0.0040642
2017-04-10,GLD,0.0
2017-04-10,HYG,0.00137351
2017-04-10,SPY,0.00059517
2017-04-10,TLT,0.00463928
2017-04-10,UUP,-0.001912
2017-04-11,EEM,-0.00229518
2017-04-11,GLD,0.01448186
2017-04-11,HYG,-0.00194294
2017-04-11,SPY,-0.00118971
2017-04-11,TLT,0.0094829
2017-04-11,UUP,-0.00306511
2017-04-12,EEM,0.00485689
2017-04-12,GLD,0.0068487
2017-04-12,HYG,0.00068679
2017-04-12,SPY,-0.00438167
2017-04-12,TLT,0.00547296
2017-04-12,UUP,-0.00499618
2017-04-13,EEM,-0.0043246
2017-04-13,GLD,0.00475333
2017-04-13,HYG,-0.00205844
2017-04-13,SPY,-0.00649488
2017-04-13,TLT,0.00308699
2017-04-13,UUP,0.00347632
2017-04-17,EEM,0.01047538
2017-04-17,GLD,-0.00293638
2017-04-17,HYG,0.00298024
2017-04-17,SPY,0.00885991
2017-04-17,TLT,-0.00307749
2017-04-17,UUP,-0.00269453
2017-04-18,EEM,-0.01264265
2017-04-18,GLD,0.00474478
2017-04-18,HYG,-0.000229
2017-04-18,SPY,-0.00298444
2017-04-18,TLT,0.01307974
2017-04-18,UUP,-0.00849085
2017-04-19,EEM,-0.00614571
2017-04-19,GLD,-0.00887475
2017-04-19,HYG,-0.00091453
2017-04-19,SPY,-0.00183862
2017-04-19,TLT,-0.00545315
2017-04-19,UUP,0.00350338
2017-04-20,EEM,0.01236762
2017-04-20,GLD,0.00188939
2017-04-20,HYG,0.00331885
2017-04-20,SPY,0.00813904
2017-04-20,TLT,-0.00387011
2017-04-20,UUP,0.00038782
2017-04-21,EEM,0.0
2017-04-21,GLD,0.00286978
2017-04-21,HYG,-0.00079877
2017-04-21,SPY,-0.00318683
2017-04-21,TLT,0.0
2017-04-21,UUP,0.00077542
2017-04-24,EEM,0.01425342
2017-04-24,GLD,-0.00678599
2017-04-24,HYG,0.00468116
2017-04-24,SPY,0.01099776
2017-04-24,TLT,-0.00493718
2017-04-24,UUP,-0.00929857
2017-04-25,EEM,0.00878275
2017-04-25,GLD,-0.01012515
2017-04-25,HYG,0.00181763
2017-04-25,SPY,0.00581896
2017-04-25,TLT,-0.01204024
2017-04-25,UUP,-0.00273764
2017-04-26,EEM,-0.00373136
2017-04-26,GLD,0.00490641
2017-04-26,HYG,-0.00090731
2017-04-26,SPY,-0.00062892
2017-04-26,TLT,0.00551742
2017-04-26,UUP,0.00235299
2017-04-27,EEM,-0.00124821
2017-04-27,GLD,-0.00372391
2017-04-27,HYG,0.00068108
2017-04-27,SPY,0.00083889
2017-04-27,TLT,-0.00032799
2017-04-27,UUP,0.00156489
2017-04-28,EEM,0.0014997
2017-04-28,GLD,0.00315639
2017-04-28,HYG,-0.00034027
2017-04-28,SPY,-0.00217931
2017-04-28,TLT,0.00221155
2017-04-28,UUP,-0.00117181
2017-05-01,EEM,0.00574168
2017-05-01,GLD,-0.00910821
2017-05-01,HYG,0.00051306
2017-05-01,SPY,0.00252014
2017-05-01,TLT,-0.00831296
2017-05-01,UUP,0.00078209
2017-05-02,EEM,0.00719781
2017-05-02,GLD,-0.0001671
2017-05-02,HYG,0.00034143
2017-05-02,SPY,0.00037701
2017-05-02,TLT,0.00512023
2017-05-02,UUP,-0.00156314
2017-05-03,EEM,-0.00665342
2017-05-03,GLD,-0.01395736
2017-05-03,HYG,0.00091099
2017-05-03,SPY,-0.00121476
2017-05-03,TLT,0.00065744
2017-05-03,UUP,0.00391389
2017-05-04,EEM,-0.01116354
2017-05-04,GLD,-0.01008648
2017-05-04,HYG,-0.00534675
2017-05-04,SPY,0.00117441
2017-05-04,TLT,-0.00492686
2017-05-04,UUP,-0.00623777
2017-05-05,EEM,0.00827869
2017-05-05,GLD,0.00188373
2017-05-05,HYG,0.00171535
2017-05-05,SPY,0.00393673
2017-05-05,TLT,0.00090785
2017-05-05,UUP,-0.00156928
2017-05-08,EEM,-0.00024875
2017-05-08,GLD,-0.00222205
2017-05-08,HYG,0.00114197
2017-05-08,SPY,-0.00016653
2017-05-08,TLT,-0.00544141
2017-05-08,UUP,0.00550101
2017-05-09,EEM,0.01269288
2017-05-09,GLD,-0.00599569
2017-05-09,HYG,-0.00068415
2017-05-09,SPY,-0.00091809
2017-05-09,TLT,-8.296e-05
2017-05-09,UUP,0.00508004
2017-05-10,EEM,0.00663532
2017-05-10,GLD,-8.619e-05
2017-05-10,HYG,0.00433669
2017-05-10,SPY,0.00179599
2017-05-10,TLT,-0.00116063
2017-05-10,UUP,0.00038872
2017-05-11,EEM,0.00219758
2017-05-11,GLD,0.00396414
2017-05-11,HYG,0.00011352
2017-05-11,SPY,-0.00204294
2017-05-11,TLT,0.0
2017-05-11,UUP,0.00038884
2017-05-12,EEM,0.00414118
2017-05-12,GLD,0.00283263
2017-05-12,HYG,-0.00034037
2017-05-12,SPY,-0.00167099
2017-05-12,TLT,0.00755293
2017-05-12,UUP,-0.00505044
2017-05-15,EEM,0.01018926
2017-05-15,GLD,0.00265341
2017-05-15,HYG,0.00227269
2017-05-15,SPY,0.00552342
2017-05-15,TLT,-0.0027185
2017-05-15,UUP,-0.00273337
2017-05-16,EEM,0.00096069
2017-05-16,GLD,0.00435378
2017-05-16,HYG,0.00147398
2017-05-16,SPY,-0.00091572
2017-05-16,TLT,0.00371733
2017-05-16,UUP,-0.00743929
2017-05-17,EEM,-0.01703446
2017-05-17,GLD,0.01818954
2017-05-17,HYG,-0.00441635
2017-05-17,SPY,-0.01774373
2017-05-17,TLT,0.01456626
2017-05-17,UUP,-0.00670608
2017-05-18,EEM,-0.01659751
2017-05-18,GLD,-0.00818101
2017-05-18,HYG,0.00113777
2017-05-18,SPY,0.00402841
2017-05-18,TLT,0.00113624
2017-05-18,UUP,0.00357416
2017-05-19,EEM,0.02134506
2017-05-19,GLD,0.00496595
2017-05-19,HYG,0.00181777
2017-05-19,SPY,0.00650405
2017-05-19,TLT,0.00234945
2017-05-19,UUP,-0.00712295
2017-05-22,EEM,0.00097213
2017-05-22,GLD,0.0041876
2017-05-22,HYG,0.00306224
2017-05-22,SPY,0.00507741
2017-05-22,TLT,-0.00274842
2017-05-22,UUP,-0.00159439
2017-05-23,EEM,0.00097084
2017-05-23,GLD,-0.00633863
2017-05-23,HYG,-0.00011308
2017-05-23,SPY,0.00221332
2017-05-23,TLT,-0.00672819
2017-05-23,UUP,0.00439122
2017-05-24,EEM,0.00388108
2017-05-24,GLD,0.00394495
2017-05-24,HYG,0.00169583
2017-05-24,SPY,0.00233236
2017-05-24,TLT,0.0056314
2017-05-24,UUP,-0.00317963
2017-05-25,EEM,0.00483188
2017-05-25,GLD,-0.00108684
2017-05-25,HYG,-0.00079024
2017-05-25,SPY,0.0047797
2017-05-25,TLT,0.0003246
2017-05-25,UUP,0.0011962
2017-05-26,EEM,0.00360677
2017-05-26,GLD,0.00887176
2017-05-26,HYG,0.00056467
2017-05-26,SPY,-0.0002071
2017-05-26,TLT,0.00170381
2017-05-26,UUP,0.00238936
2017-05-30,EEM,-0.00527084
2017-05-30,GLD,-0.00331841
2017-05-30,HYG,0.00101635
2017-05-30,SPY,-0.00086889
2017-05-30,TLT,0.00494007
2017-05-30,UUP,-0.00119183
2017-05-31,EEM,-0.00770715
2017-05-31,GLD,0.00399537
2017-05-31,HYG,-0.00011253
2017-05-31,SPY,-0.00024848
2017-05-31,TLT,0.00249782
2017-05-31,UUP,-0.0023866
2017-06-01,EEM,0.00849519
2017-06-01,GLD,0.00082904
2017-06-01,HYG,0.00291088
2017-06-01,SPY,0.00795287
2017-06-01,TLT,0.0001046
2017-06-01,UUP,0.0011962
2017-06-02,EEM,0.00505411
2017-06-02,GLD,0.00737243
2017-06-02,HYG,0.0005649
2017-06-02,SPY,0.00332831
2017-06-02,TLT,0.01184093
2017-06-02,UUP,-0.00477899
2017-06-05,EEM,-0.00119721
2017-06-05,GLD,0.00098678
2017-06-05,HYG,-0.00090259
2017-06-05,SPY,-0.00073758
2017-06-05,TLT,-0.00620959
2017-06-05,UUP,0.00080034
2017-06-06,EEM,0.00047926
2017-06-06,GLD,0.01125438
2017-06-06,HYG,-0.00158223
2017-06-06,SPY,-0.00319657
2017-06-06,TLT,0.00544718
2017-06-06,UUP,-0.00239891
2017-06-07,EEM,-0.00119796
2017-06-07,GLD,-0.00528027
2017-06-07,HYG,-0.00203737
2017-06-07,SPY,0.00185032
2017-06-07,TLT,-0.00477975
2017-06-07,UUP,0.00120225
2017-06-08,EEM,0.00599811
2017-06-08,GLD,-0.00653324
2017-06-08,HYG,0.00079466
2017-06-08,SPY,0.00049248
2017-06-08,TLT,-0.00264178
2017-06-08,UUP,0.00360287
2017-06-09,EEM,-0.00763179
2017-06-09,GLD,-0.00912454
2017-06-09,HYG,0.00079254
2017-06-09,SPY,-0.00151786
2017-06-09,TLT,-0.0015255
2017-06-09,UUP,0.00319104
2017-06-12,EEM,-0.00528708
2017-06-12,GLD,-0.00149328
2017-06-12,HYG,0.00169822
2017-06-12,SPY,-0.00020519
2017-06-12,TLT,-0.00032151
2017-06-12,UUP,-0.0015904
2017-06-13,EEM,0.00483188
2017-06-13,GLD,0.00099703
2017-06-13,HYG,0.00180877
2017-06-13,SPY,0.00488971
2017-06-13,TLT,0.00016125
2017-06-13,UUP,-0.00119477
2017-06-14,EEM,-0.00024026
2017-06-14,GLD,-0.00547812
2017-06-14,HYG,0.00011294
2017-06-14,SPY,-0.00126777
2017-06-14,TLT,0.01543623
2017-06-14,UUP,-0.00079756
2017-06-15,EEM,-0.0103417
2017-06-15,GLD,-0.00417293
2017-06-15,HYG,-0.00383574
2017-06-15,SPY,-0.00192413
2017-06-15,TLT,-0.0015832
2017-06-15,UUP,0.00598567
2017-06-16,EEM,0.00170108
2017-06-16,GLD,0.00016759
2017-06-16,HYG,-0.00169846
2017-06-16,SPY,0.00021831
2017-06-16,TLT,0.00198224
2017-06-16,UUP,-0.00356991
2017-06-19,EEM,0.0099465
2017-06-19,GLD,-0.00762524
2017-06-19,HYG,0.0030622
2017-06-19,SPY,0.00832529
2017-06-19,TLT,-0.00142466
2017-06-19,UUP,0.00437898
2017-06-20,EEM,-0.01105254
2017-06-20,GLD,-0.00211095
2017-06-20,HYG,-0.00350567
2017-06-20,SPY,-0.00674444
2017-06-20,TLT,0.00895636
2017-06-20,UUP,0.00158536
2017-06-21,EEM,0.00219618
2017-06-21,GLD,0.00287694
2017-06-21,HYG,-0.00578772
2017-06-21,SPY,-0.00024661
2017-06-21,TLT,0.00204216
2017-06-21,UUP,-0.00197858
2017-06-22,EEM,0.00511316
2017-06-22,GLD,0.00337497
2017-06-22,HYG,0.00273899
2017-06-22,SPY,-0.00045277
2017-06-22,TLT,0.00219527
2017-06-22,UUP,0.00039652
2017-06-23,EEM,0.00532957
2017-06-23,GLD,0.00428862
2017-06-23,HYG,0.00409822
2017-06-23,SPY,0.00119411
2017-06-23,TLT,-0.00046917
2017-06-23,UUP,-0.0031709
2017-06-26,EEM,0.00963864
2017-06-26,GLD,-0.00895922
2017-06-26,HYG,0.00136085
2017-06-26,SPY,0.00065795
2017-06-26,TLT,0.00375604
2017-06-26,UUP,0.00159049
2017-06-27,EEM,-0.01169459
2017-06-27,GLD,0.00380193
2017-06-27,HYG,-0.00317013
2017-06-27,SPY,-0.00805614
2017-06-27,TLT,-0.01068117
2017-06-27,UUP,-0.0111154
2017-06-28,EEM,0.00772765
2017-06-28,GLD,0.00075755
2017-06-28,HYG,0.00408919
2017-06-28,SPY,0.00895049
2017-06-28,TLT,-0.0033101
2017-06-28,UUP,-0.00321172
2017-06-29,EEM,-0.0127009
2017-06-29,GLD,-0.00487806
2017-06-29,HYG,-0.00248916
2017-06-29,SPY,-0.00878919
2017-06-29,TLT,-0.00838142
2017-06-29,UUP,-0.00483278
2017-06-30,EEM,0.0046118
2017-06-30,GLD,-0.00253552
2017-06-30,HYG,0.00238235
2017-06-30,SPY,0.00186502
2017-06-30,TLT,-0.00231262
2017-06-30,UUP,0.00161863
2017-07-03,EEM,0.0057984
2017-07-03,GLD,-0.01635316
2017-07-03,HYG,-0.00048928
2017-07-03,SPY,0.00169544
2017-07-03,TLT,-0.00321951
2017-07-03,UUP,0.00606065
2017-07-05,EEM,-0.00192173
2017-07-05,GLD,0.00370403
2017-07-05,HYG,-0.00079557
2017-07-05,SPY,0.00231204
2017-07-05,TLT,0.0002411
2017-07-05,UUP,0.0004018
2017-07-06,EEM,-0.0120335
2017-07-06,GLD,-0.00042907
2017-07-06,HYG,-0.00250286
2017-07-06,SPY,-0.00914446
2017-07-06,TLT,-0.00827336
2017-07-06,UUP,-0.00441608
2017-07-07,EEM,0.001949
2017-07-07,GLD,-0.01021724
2017-07-07,HYG,-0.00091238
2017-07-07,SPY,0.00648514
2017-07-07,TLT,-0.00599363
2017-07-07,UUP,0.00161285
2017-07-10,EEM,0.00948181
2017-07-10,GLD,0.00164818
2017-07-10,HYG,0.00114112
2017-07-10,SPY,0.00107384
2017-07-10,TLT,0.00146621
2017-07-10,UUP,0.00040277
2017-07-11,EEM,0.00818911
2017-07-11,GLD,0.00129905
2017-07-11,HYG,-0.00068366
2017-07-11,SPY,-0.00074272
2017-07-11,TLT,0.00170887
2017-07-11,UUP,-0.0036219
2017-07-12,EEM,0.01935011
2017-07-12,GLD,0.00354606
2017-07-12,HYG,0.00650392
2017-07-12,SPY,0.00751493
2017-07-12,TLT,0.00690445
2017-07-12,UUP,0.0
2017-07-13,EEM,0.00492165
2017-07-13,GLD,-0.00180987
2017-07-13,HYG,0.00079369
2017-07-13,SPY,0.00168002
2017-07-13,TLT,-0.00629241
2017-07-13,UUP,0.00040398
2017-07-14,EEM,0.01259311
2017-07-14,GLD,0.00820236
2017-07-14,HYG,0.00283178
2017-07-14,SPY,0.00466414
2017-07-14,TLT,0.0012177
2017-07-14,UUP,-0.00605575
2017-07-17,EEM,-0.00460627
2017-07-17,GLD,0.00445324
2017-07-17,HYG,0.00033831
2017-07-17,SPY,-0.00012206
2017-07-17,TLT,0.0027563
2017-07-17,UUP,0.0
2017-07-18,EEM,0.00300798
2017-07-18,GLD,0.00699122
2017-07-18,HYG,0.00045208
2017-07-18,SPY,0.00052973
2017-07-18,TLT,0.00873348
2017-07-18,UUP,-0.00528028
2017-07-19,EEM,0.00830445
2017-07-19,GLD,-0.00025399
2017-07-19,HYG,0.00169324
2017-07-19,SPY,0.00541371
2017-07-19,TLT,0.00040071
2017-07-19,UUP,0.00244985
2017-07-20,EEM,-0.00114398
2017-07-20,GLD,0.00135498
2017-07-20,HYG,0.00056327
2017-07-20,SPY,0.00044536
2017-07-20,TLT,0.00288483
2017-07-20,UUP,-0.00610983
2017-07-21,EEM,-0.00068709
2017-07-21,GLD,0.00862656
2017-07-21,HYG,-0.00078828
2017-07-21,SPY,-0.00089026
2017-07-21,TLT,0.00423469
2017-07-21,UUP,-0.00327867
2017-07-24,EEM,0.0029795
2017-07-24,GLD,0.00041921
2017-07-24,HYG,0.0007889
2017-07-24,SPY,-0.00024303
2017-07-24,TLT,-0.00389856
2017-07-24,UUP,0.00041119
2017-07-25,EEM,-0.00251328
2017-07-25,GLD,-0.00326879
2017-07-25,HYG,0.00044959
2017-07-25,SPY,0.00243079
2017-07-25,TLT,-0.01301912
2017-07-25,UUP,0.0016441
2017-07-26,EEM,0.00824695
2017-07-26,GLD,0.00807265
2017-07-26,HYG,0.00146415
2017-07-26,SPY,4.048e-05
2017-07-26,TLT,0.00161823
2017-07-26,UUP,-0.00574489
2017-07-27,EEM,-0.00545321
2017-07-27,GLD,-0.00075072
2017-07-27,HYG,-0.00078712
2017-07-27,SPY,-0.00092955
2017-07-27,TLT,-0.00492841
2017-07-27,UUP,0.00371448
2017-07-28,EEM,-0.00045684
2017-07-28,GLD,0.00751316
2017-07-28,HYG,0.00011253
2017-07-28,SPY,-0.00117298
2017-07-28,TLT,0.00592699
2017-07-28,UUP,-0.00616771
2017-07-31,EEM,0.00114283
2017-07-31,GLD,0.00049712
2017-07-31,HYG,0.0
2017-07-31,SPY,-0.00056726
2017-07-31,TLT,0.00121112
2017-07-31,UUP,-0.00413745
2017-08-01,EEM,0.00296804
2017-08-01,GLD,-0.00082814
2017-08-01,HYG,0.00099396
2017-08-01,SPY,0.00222888
2017-08-01,TLT,0.00702085
2017-08-01,UUP,0.00166195
2017-08-02,EEM,0.00091077
2017-08-02,GLD,-0.00207211
2017-08-02,HYG,0.00022566
2017-08-02,SPY,0.00048519
2017-08-02,TLT,0.0005616
2017-08-02,UUP,-0.00124442
2017-08-03,EEM,-0.004094
2017-08-03,GLD,0.00157803
2017-08-03,HYG,-0.00191763
2017-08-03,SPY,-0.00193975
2017-08-03,TLT,0.01034399
2017-08-03,UUP,-0.00249165
2017-08-04,EEM,0.00365409
2017-08-04,GLD,-0.00779497
2017-08-04,HYG,0.00022569
2017-08-04,SPY,0.00182208
2017-08-04,TLT,-0.00849208
2017-08-04,UUP,0.00874262
2017-08-07,EEM,0.00682565
2017-08-07,GLD,-0.00117007
2017-08-07,HYG,-0.00045178
2017-08-07,SPY,0.00185896
2017-08-07,TLT,0.00112067
2017-08-07,UUP,-0.00041272
2017-08-08,EEM,0.00022605
2017-08-08,GLD,0.00292861
2017-08-08,HYG,-0.00429561
2017-08-08,SPY,-0.00246069
2017-08-08,TLT,-0.00359812
2017-08-08,UUP,0.00165166
2017-08-09,EEM,-0.00903717
2017-08-09,GLD,0.01209742
2017-08-09,HYG,-0.00385986
2017-08-09,SPY,-4.036e-05
2017-08-09,TLT,0.00545705
2017-08-09,UUP,-0.00082451
2017-08-10,EEM,-0.02371208
2017-08-10,GLD,0.00741902
2017-08-10,HYG,-0.00638228
2017-08-10,SPY,-0.01411543
2017-08-10,TLT,0.0085396
2017-08-10,UUP,-0.00165011
2017-08-11,EEM,0.0023353
2017-08-11,GLD,0.00474594
2017-08-11,HYG,0.00172033
2017-08-11,SPY,0.00147676
2017-08-11,TLT,0.00047443
2017-08-11,UUP,-0.0037189
2017-08-14,EEM,0.01025174
2017-08-14,GLD,-0.00708529
2017-08-14,HYG,0.00526735
2017-08-14,SPY,0.00991334
2017-08-14,TLT,-0.00514123
2017-08-14,UUP,0.00414756
2017-08-15,EEM,0.00115311
2017-08-15,GLD,-0.00770993
2017-08-15,HYG,0.00034202
2017-08-15,SPY,-0.00012179
2017-08-15,TLT,-0.00421386
2017-08-15,UUP,0.00454358
2017-08-16,EEM,0.01036654
2017-08-16,GLD,0.00735658
2017-08-16,HYG,0.00011316
2017-08-16,SPY,0.00174444
2017-08-16,TLT,0.00367298
2017-08-16,UUP,-0.00328955
2017-08-17,EEM,-0.01276827
2017-08-17,GLD,0.00508735
2017-08-17,HYG,-0.00557866
2017-08-17,SPY,-0.01559103
2017-08-17,TLT,0.00747722
2017-08-17,UUP,0.00206294
2017-08-18,EEM,0.00854505
2017-08-18,GLD,-0.0015511
2017-08-18,HYG,0.00148847
2017-08-18,SPY,-0.00156279
2017-08-18,TLT,-0.00023657
2017-08-18,UUP,-0.0032937
2017-08-21,EEM,0.00366381
2017-08-21,GLD,0.00376124
2017-08-21,HYG,0.00102866
2017-08-21,SPY,0.00078251
2017-08-21,TLT,0.00244805
2017-08-21,UUP,-0.00289143
2017-08-22,EEM,0.01117974
2017-08-22,GLD,-0.00448031
2017-08-22,HYG,0.00411113
2017-08-22,SPY,0.01045708
2017-08-22,TLT,-0.00386026
2017-08-22,UUP,0.0041425
2017-08-23,EEM,0.0047381
2017-08-23,GLD,0.00376401
2017-08-23,HYG,0.00011403
2017-08-23,SPY,-0.00358541
2017-08-23,TLT,0.00680187
2017-08-23,UUP,-0.00412541
2017-08-24,EEM,0.0031437
2017-08-24,GLD,-0.00309772
2017-08-24,HYG,0.0014782
2017-08-24,SPY,-0.0023307
2017-08-24,TLT,-0.00369242
2017-08-24,UUP,0.00207139
2017-08-25,EEM,0.00582079
2017-08-25,GLD,0.00367975
2017-08-25,HYG,0.00181769
2017-08-25,SPY,0.00233614
2017-08-25,TLT,0.00386378
2017-08-25,UUP,-0.00826806
2017-08-28,EEM,-0.00356117
2017-08-28,GLD,0.01588728
2017-08-28,HYG,0.00011293
2017-08-28,SPY,4.095e-05
2017-08-28,TLT,-0.00062843
2017-08-28,UUP,-0.00291785
2017-08-29,EEM,-0.00178684
2017-08-29,GLD,-0.0021654
2017-08-29,HYG,-0.00124628
2017-08-29,SPY,0.00114486
2017-08-29,TLT,0.00322274
2017-08-29,UUP,0.00125421
2017-08-30,EEM,0.00156612
2017-08-30,GLD,-0.00048222
2017-08-30,HYG,0.00272326
2017-08-30,SPY,0.00473782
2017-08-30,TLT,-0.0003141
2017-08-30,UUP,0.00626309
2017-08-31,EEM,0.00156419
2017-08-31,GLD,0.0117401
2017-08-31,HYG,0.00271615
2017-08-31,SPY,0.00601576
2017-08-31,TLT,0.0029779
2017-08-31,UUP,-0.00290453
2017-09-01,EEM,0.00736083
2017-09-01,GLD,0.00190747
2017-09-01,HYG,0.00102059
2017-09-01,SPY,0.00141404
2017-09-01,TLT,-0.00764889
2017-09-01,UUP,0.00208068
2017-09-05,EEM,-0.01306436
2017-09-05,GLD,0.01110583
2017-09-05,HYG,-0.00226539
2017-09-05,SPY,-0.00718198
2017-09-05,TLT,0.01585755
2017-09-05,UUP,-0.00539869
2017-09-06,EEM,0.00650649
2017-09-06,GLD,-0.00509965
2017-09-06,HYG,-0.00068045
2017-09-06,SPY,0.00341394
2017-09-06,TLT,-0.00613535
2017-09-06,UUP,-0.000835
2017-09-07,EEM,0.00735622
2017-09-07,GLD,0.01040933
2017-09-07,HYG,0.00011344
2017-09-07,SPY,-0.00012154
2017-09-07,TLT,0.01023706
2017-09-07,UUP,-0.00710402
2017-09-08,EEM,-0.00663857
2017-09-08,GLD,-0.00124876
2017-09-08,HYG,-0.00317908
2017-09-08,SPY,-0.00117462
2017-09-08,TLT,-0.00216631
2017-09-08,UUP,-0.00252531
2017-09-11,EEM,0.01336576
2017-09-11,GLD,-0.0139095
2017-09-11,HYG,0.00318922
2017-09-11,SPY,0.01066589
2017-09-11,TLT,-0.01193792
2017-09-11,UUP,0.0067511
2017-09-12,EEM,-0.0010987
2017-09-12,GLD,0.00293205
2017-09-12,HYG,0.00124916
2017-09-12,SPY,0.00337064
2017-09-12,TLT,-0.00525599
2017-09-12,UUP,-0.00041922
2017-09-13,EEM,-0.0052819
2017-09-13,GLD,-0.0075063
2017-09-13,HYG,0.0003402
2017-09-13,SPY,0.00047961
2017-09-13,TLT,-0.00394379
2017-09-13,UUP,0.00586996
2017-09-14,EEM,0.00265482
2017-09-14,GLD,0.00437866
2017-09-14,HYG,0.00136042
2017-09-14,SPY,-0.00031961
2017-09-14,TLT,0.00411742
2017-09-14,UUP,-0.00291785
2017-09-15,EEM,0.0059576
2017-09-15,GLD,-0.0049937
2017-09-15,HYG,0.00090579
2017-09-15,SPY,0.00134627
2017-09-15,TLT,0.00039465
2017-09-15,UUP,-0.00334427
2017-09-18,EEM,0.00350951
2017-09-18,GLD,-0.00932047
2017-09-18,HYG,-0.00045238
2017-09-18,SPY,0.00212689
2017-09-18,TLT,-0.00575467
2017-09-18,UUP,0.00251674
2017-09-19,EEM,0.00218604
2017-09-19,GLD,0.00209072
2017-09-19,HYG,0.001018
2017-09-19,SPY,0.00100133
2017-09-19,TLT,-0.0024581
2017-09-19,UUP,-0.00292903
2017-09-20,EEM,-0.00458009
2017-09-20,GLD,-0.00802439
2017-09-20,HYG,-0.00011293
2017-09-20,SPY,0.00035976
2017-09-20,TLT,0.00071546
2017-09-20,UUP,0.00797322
2017-09-21,EEM,0.0
2017-09-21,GLD,-0.00760397
2017-09-21,HYG,-0.00124358
2017-09-21,SPY,-0.00267929
2017-09-21,TLT,-0.00055582
2017-09-21,UUP,-0.0029143
2017-09-22,EEM,-0.00569698
2017-09-22,GLD,0.0045647
2017-09-22,HYG,0.0010189
2017-09-22,SPY,0.00020056
2017-09-22,TLT,0.00286107
2017-09-22,UUP,-0.000835
2017-09-25,EEM,-0.01696761
2017-09-25,GLD,0.01046739
2017-09-25,HYG,0.00056538
2017-09-25,SPY,-0.00204472
2017-09-25,TLT,0.00625957
2017-09-25,UUP,0.00585033
2017-09-26,EEM,-0.00269004
2017-09-26,GLD,-0.01116196
2017-09-26,HYG,0.00124295
2017-09-26,SPY,0.00060279
2017-09-26,TLT,-0.00181081
2017-09-26,UUP,0.00332371
2017-09-27,EEM,-0.00359649
2017-09-27,GLD,-0.00942014
2017-09-27,HYG,0.0004516
2017-09-27,SPY,0.00389426
2017-09-27,TLT,-0.01506817
2017-09-27,UUP,0.00496886
2017-09-28,EEM,-0.00067702
2017-09-28,GLD,0.00188552
2017-09-28,HYG,0.0
2017-09-28,SPY,0.00119962
2017-09-28,TLT,-0.0029634
2017-09-28,UUP,-0.00288419
2017-09-29,EEM,0.01151282
2017-09-29,GLD,-0.00515504
2017-09-29,HYG,0.00146682
2017-09-29,SPY,0.00351508
2017-09-29,TLT,0.00224905
2017-09-29,UUP,-0.00082637
2017-10-02,EEM,0.00022301
2017-10-02,GLD,-0.00666232
2017-10-02,HYG,-0.00050875
2017-10-02,SPY,0.00433894
2017-10-02,TLT,-0.00183108
2017-10-02,UUP,0.00578985
2017-10-03,EEM,0.015841
2017-10-03,GLD,0.00049686
2017-10-03,HYG,0.0018102
2017-10-03,SPY,0.00213993
2017-10-03,TLT,0.00096576
2017-10-03,UUP,-0.00041119
2017-10-04,EEM,-0.00021928
2017-10-04,GLD,0.00281384
2017-10-04,HYG,-0.00101618
2017-10-04,SPY,0.00118629
2017-10-04,TLT,8.065e-05
2017-10-04,UUP,-0.00123399
2017-10-05,EEM,0.00746919
2017-10-05,GLD,-0.00536438
2017-10-05,HYG,0.00124342
2017-10-05,SPY,0.00592518
2017-10-05,TLT,-0.00377819
2017-10-05,UUP,0.00535413
2017-10-06,EEM,-0.00501532
2017-10-06,GLD,0.0047295
2017-10-06,HYG,-0.00146725
2017-10-06,SPY,-0.00113871
2017-10-06,TLT,-0.00282395
2017-10-06,UUP,-0.00163861
2017-10-09,EEM,-0.00065742
2017-10-09,GLD,0.00817578
2017-10-09,HYG,0.00011289
2017-10-09,SPY,-0.00165135
2017-10-09,TLT,0.00315586
2017-10-09,UUP,-0.0016414
2017-10-10,EEM,0.00986827
2017-10-10,GLD,0.00262123
2017-10-10,HYG,0.00079158
2017-10-10,SPY,0.00263859
2017-10-10,TLT,0.00161266
2017-10-10,UUP,-0.00534322
2017-10-11,EEM,0.0045602
2017-10-11,GLD,0.00318627
2017-10-11,HYG,-0.00101722
2017-10-11,SPY,0.00157104
2017-10-11,TLT,0.00193315
2017-10-11,UUP,-0.00289272
2017-10-12,EEM,-0.00043225
2017-10-12,GLD,0.00081439
2017-10-12,HYG,-0.00113164
2017-10-12,SPY,-0.00149022
2017-10-12,TLT,0.00425923
2017-10-12,UUP,0.00207234
2017-10-13,EEM,0.00908303
2017-10-13,GLD,0.00756775
2017-10-13,HYG,0.0004535
2017-10-13,SPY,0.00121741
2017-10-13,TLT,0.00720288
2017-10-13,UUP,0.0
2017-10-16,EEM,-0.00064281
2017-10-16,GLD,-0.00686479
2017-10-16,HYG,0.00056544
2017-10-16,SPY,0.00133339
2017-10-16,TLT,-0.00071495
2017-10-16,UUP,0.00248125
2017-10-17,EEM,-0.00514681
2017-10-17,GLD,-0.00683097
2017-10-17,HYG,0.00147064
2017-10-17,SPY,0.00070536
2017-10-17,TLT,0.00127286
2017-10-17,UUP,0.0024753
2017-10-18,EEM,0.0023709
2017-10-18,GLD,-0.00376647
2017-10-18,HYG,0.00101729
2017-10-18,SPY,0.00097852
2017-10-18,TLT,-0.00659187
2017-10-18,UUP,-0.00123459
2017-10-19,EEM,-0.00881694
2017-10-19,GLD,0.00591766
2017-10-19,HYG,0.00011235
2017-10-19,SPY,0.00027367
2017-10-19,TLT,0.00175836
2017-10-19,UUP,-0.00247215
2017-10-20,EEM,0.00368816
2017-10-20,GLD,-0.00637306
2017-10-20,HYG,0.00090325
2017-10-20,SPY,0.00516042
2017-10-20,TLT,-0.01061315
2017-10-20,UUP,0.00578267
2017-10-23,EEM,-0.00799808
2017-10-23,GLD,0.00156239
2017-10-23,HYG,-0.00112746
2017-10-23,SPY,-0.00388939
2017-10-23,TLT,0.00177419
2017-10-23,UUP,0.00123215
2017-10-24,EEM,0.0
2017-10-24,GLD,-0.00385879
2017-10-24,HYG,0.0
2017-10-24,SPY,0.00175713
2017-10-24,TLT,-0.00619961
2017-10-24,UUP,0.00164063
2017-10-25,EEM,-0.00217917
2017-10-25,GLD,0.00016481
2017-10-25,HYG,-0.00282174
2017-10-25,SPY,-0.00495025
2017-10-25,TLT,-0.00477972
2017-10-25,UUP,-0.00245696
2017-10-26,EEM,-0.00676982
2017-10-26,GLD,-0.00840541
2017-10-26,HYG,-0.00124531
2017-10-26,SPY,0.00129265
2017-10-26,TLT,-0.00333806
2017-10-26,UUP,0.01067318
2017-10-27,EEM,0.01451156
2017-10-27,GLD,0.00473697
2017-10-27,HYG,0.00272029
2017-10-27,SPY,0.00817621
2017-10-27,TLT,0.0066163
2017-10-27,UUP,0.002437
2017-10-30,EEM,-0.006285
2017-10-30,GLD,0.00190236
2017-10-30,HYG,-0.00022622
2017-10-30,SPY,-0.00372512
2017-10-30,TLT,0.00957481
2017-10-30,UUP,-0.00486216
2017-10-31,EEM,0.00937835
2017-10-31,GLD,-0.00379757
2017-10-31,HYG,0.00022627
2017-10-31,SPY,0.00155801
2017-10-31,TLT,0.00032142
2017-10-31,UUP,0.00081435
2017-11-01,EEM,0.00518583
2017-11-01,GLD,0.00364633
2017-11-01,HYG,-0.00095337
2017-11-01,SPY,0.00132225
2017-11-01,TLT,0.00445253
2017-11-01,UUP,0.00203413
2017-11-02,EEM,0.0012899
2017-11-02,GLD,0.00066057
2017-11-02,HYG,-0.00056815
2017-11-02,SPY,0.00038836
2017-11-02,TLT,0.00440853
2017-11-02,UUP,0.0
2017-11-03,EEM,-0.00515263
2017-11-03,GLD,-0.00470336
2017-11-03,HYG,0.00011395
2017-11-03,SPY,0.00333864
2017-11-03,TLT,0.00271358
2017-11-03,UUP,0.00243611
2017-11-06,EEM,0.01122134
2017-11-06,GLD,0.0085392
2017-11-06,HYG,0.00011296
2017-11-06,SPY,0.00154769
2017-11-06,TLT,0.00374102
2017-11-06,UUP,-0.00243019
2017-11-07,EEM,-0.00640178
2017-11-07,GLD,-0.00361695
2017-11-07,HYG,-0.00284102
2017-11-07,SPY,-0.00069532
2017-11-07,TLT,0.00420261
2017-11-07,UUP,0.00162416
2017-11-08,EEM,0.00472488
2017-11-08,GLD,0.00346505
2017-11-08,HYG,-0.00444468
2017-11-08,SPY,0.00170081
2017-11-08,TLT,-0.00221117
2017-11-08,UUP,-0.00040545
2017-11-09,EEM,-0.00619921
2017-11-09,GLD,0.00411083
2017-11-09,HYG,-0.0049227
2017-11-09,SPY,-0.00362767
2017-11-09,TLT,-0.00284935
2017-11-09,UUP,-0.00405515
2017-11-10,EEM,-0.00430209
2017-11-10,GLD,-0.008188
2017-11-10,HYG,0.00218575
2017-11-10,SPY,-0.00030994
2017-11-10,TLT,-0.01507874
2017-11-10,UUP,-0.00081435
2017-11-13,EEM,-0.00216014
2017-11-13,GLD,0.00148601
2017-11-13,HYG,-0.00068866
2017-11-13,SPY,0.00092998
2017-11-13,TLT,0.00209492
2017-11-13,UUP,0.00081501
2017-11-14,EEM,-0.0067114
2017-11-14,GLD,0.00206084
2017-11-14,HYG,-0.00425074
2017-11-14,SPY,-0.00232261
2017-11-14,TLT,0.00675433
2017-11-14,UUP,-0.00692188
2017-11-15,EEM,-0.00523094
2017-11-15,GLD,-0.00123391
2017-11-15,HYG,0.0
2017-11-15,SPY,-0.00500531
2017-11-15,TLT,0.01086268
2017-11-15,UUP,-0.00040992
2017-11-16,EEM,0.02081463
2017-11-16,GLD,-8.238e-05
2017-11-16,HYG,0.00980657
2017-11-16,SPY,0.00850116
2017-11-16,TLT,-0.00869104
2017-11-16,UUP,0.00123045
2017-11-17,EEM,0.00493684
2017-11-17,GLD,0.01202635
2017-11-17,HYG,-0.00068571
2017-11-17,SPY,-0.00293888
2017-11-17,TLT,0.00741242
2017-11-17,UUP,-0.00286765
2017-11-20,EEM,0.00512622
2017-11-20,GLD,-0.01261601
2017-11-20,HYG,0.00022891
2017-11-20,SPY,0.00170642
2017-11-20,TLT,-0.00039527
2017-11-20,UUP,0.00493017
2017-11-21,EEM,0.01338709
2017-11-21,GLD,0.00164871
2017-11-21,HYG,0.00205743
2017-11-21,SPY,0.00654279
2017-11-21,TLT,0.00316567
2017-11-21,UUP,-0.00122652
2017-11-22,EEM,0.00251611
2017-11-22,GLD,0.00921731
2017-11-22,HYG,0.00159699
2017-11-22,SPY,-0.00088465
2017-11-22,TLT,0.00323507
2017-11-22,UUP,-0.0077774
2017-11-24,EEM,-0.00209136
2017-11-24,GLD,-0.00252791
2017-11-24,HYG,0.00068331
2017-11-24,SPY,0.00230976
2017-11-24,TLT,-0.00275252
2017-11-24,UUP,-0.00453805
2017-11-27,EEM,-0.01467228
2017-11-27,GLD,0.00416941
2017-11-27,HYG,-0.00307319
2017-11-27,SPY,-0.00049924
2017-11-27,TLT,-0.00142001
2017-11-27,UUP,0.00124339
2017-11-28,EEM,0.00744533
2017-11-28,GLD,-0.00016286
2017-11-28,HYG,0.00308266
2017-11-28,SPY,0.01014508
2017-11-28,TLT,0.00134288
2017-11-28,UUP,0.00413916
2017-11-29,EEM,-0.01583623
2017-11-29,GLD,-0.00626982
2017-11-29,HYG,-0.00125203
2017-11-29,SPY,-0.0006088
2017-11-29,TLT,-0.00985875
2017-11-29,UUP,-0.00041212
2017-11-30,EEM,-0.01094194
2017-11-30,GLD,-0.00770241
2017-11-30,HYG,0.00022718
2017-11-30,SPY,0.00875484
2017-11-30,TLT,-0.00334534
2017-11-30,UUP,-0.00247428
2017-12-01,EEM,-0.00563973
2017-12-01,GLD,0.00404623
2017-12-01,HYG,-0.00031985
2017-12-01,SPY,-0.0020754
2017-12-01,TLT,0.01349436
2017-12-01,UUP,-0.00082681
2017-12-04,EEM,0.00196354
2017-12-04,GLD,-0.00337196
2017-12-04,HYG,-0.00034353
2017-12-04,SPY,-0.00120988
2017-12-04,TLT,0.00047424
2017-12-04,UUP,0.00330996
2017-12-05,EEM,-0.00065333
2017-12-05,GLD,-0.00709689
2017-12-05,HYG,-0.00057239
2017-12-05,SPY,-0.00359671
2017-12-05,TLT,0.00497541
2017-12-05,UUP,0.00164952
2017-12-06,EEM,-0.0135076
2017-12-06,GLD,-0.00207779
2017-12-06,HYG,-0.00091635
2017-12-06,SPY,0.00019018
2017-12-06,TLT,0.00345826
2017-12-06,UUP,0.00246992
2017-12-07,EEM,0.00287103
2017-12-07,GLD,-0.01315901
2017-12-07,HYG,0.00045894
2017-12-07,SPY,0.00315275
2017-12-07,TLT,-0.00783191
2017-12-07,UUP,0.00205343
2017-12-08,EEM,0.01167142
2017-12-08,GLD,-8.435e-05
2017-12-08,HYG,0.00103101
2017-12-08,SPY,0.00545311
2017-12-08,TLT,7.887e-05
2017-12-08,UUP,0.00163929
2017-12-11,EEM,0.00500669
2017-12-11,GLD,-0.00396692
2017-12-11,HYG,0.00022938
2017-12-11,SPY,0.00301314
2017-12-11,TLT,-0.00205259
2017-12-11,UUP,0.0
2017-12-12,EEM,-0.0067144
2017-12-12,GLD,0.00118633
2017-12-12,HYG,-0.00045802
2017-12-12,SPY,0.00176513
2017-12-12,TLT,-0.00039496
2017-12-12,UUP,0.0016366
2017-12-13,EEM,0.01199291
2017-12-13,GLD,0.00863307
2017-12-13,HYG,0.00057252
2017-12-13,SPY,-0.00011278
2017-12-13,TLT,0.00751688
2017-12-13,UUP,-0.00694432
2017-12-14,EEM,-0.00732596
2017-12-14,GLD,-0.00201391
2017-12-14,HYG,-0.00206067
2017-12-14,SPY,-0.0040861
2017-12-14,TLT,0.00424116
2017-12-14,UUP,0.00082272
2017-12-15,EEM,0.00217076
2017-12-15,GLD,0.00210208
2017-12-15,HYG,0.00011531
2017-12-15,SPY,0.00832755
2017-12-15,TLT,0.0037536
2017-12-15,UUP,0.00411015
2017-12-18,EEM,0.01126255
2017-12-18,GLD,0.00461489
2017-12-18,HYG,0.00103189
2017-12-18,SPY,0.00634121
2017-12-18,TLT,-0.00911603
2017-12-18,UUP,-0.00151587
2017-12-19,EEM,-0.00528365
2017-12-19,GLD,0.00075166
2017-12-19,HYG,-0.00206171
2017-12-19,SPY,-0.00384025
2017-12-19,TLT,-0.01297378
2017-12-19,UUP,-0.00287255
2017-12-20,EEM,0.00131155
2017-12-20,GLD,0.00267067
2017-12-20,HYG,0.00080339
2017-12-20,SPY,-0.00052441
2017-12-20,TLT,-0.01107291
2017-12-20,UUP,-0.00123446
2017-12-21,EEM,0.00654916
2017-12-21,GLD,0.001415
2017-12-21,HYG,0.00104853
2017-12-21,SPY,0.00205979
2017-12-21,TLT,0.00582856
2017-12-21,UUP,-0.00041203
2017-12-22,EEM,0.00845761
2017-12-22,GLD,0.00523651
2017-12-22,HYG,0.00091955
2017-12-22,SPY,-0.00026151
2017-12-22,TLT,0.00136469
2017-12-22,UUP,0.0004122
2017-12-26,EEM,-0.00085997
2017-12-26,GLD,0.00686286
2017-12-26,HYG,0.00149473
2017-12-26,SPY,-0.00119639
2017-12-26,TLT,0.00296506
2017-12-26,UUP,-0.00082396
2017-12-27,EEM,0.00258301
2017-12-27,GLD,0.00377767
2017-12-27,HYG,0.00045898
2017-12-27,SPY,0.00048668
2017-12-27,TLT,0.01302527
2017-12-27,UUP,-0.00206193
2017-12-28,EEM,0.00686959
2017-12-28,GLD,0.00507236
2017-12-28,HYG,-0.00045877
2017-12-28,SPY,0.00205743
2017-12-28,TLT,-0.00086751
2017-12-28,UUP,-0.00289273
2017-12-29,EEM,0.0046909
2017-12-29,GLD,0.00651203
2017-12-29,HYG,0.00149229
2017-12-29,SPY,-0.00377031
2017-12-29,TLT,0.00157926
2017-12-29,UUP,-0.004144
2018-01-02,EEM,0.01888793
2018-01-02,GLD,0.01213101
2018-01-02,HYG,0.00091653
2018-01-02,SPY,0.00715696
2018-01-02,TLT,-0.01079966
2018-01-02,UUP,-0.00416162
2018-01-03,EEM,0.0095813
2018-01-03,GLD,-0.00263685
2018-01-03,HYG,0.00480886
2018-01-03,SPY,0.00632517
2018-01-03,TLT,0.00478124
2018-01-03,UUP,0.00376104
2018-01-04,EEM,0.00495161
2018-01-04,GLD,0.00512738
2018-01-04,HYG,0.00170915
2018-01-04,SPY,0.00421478
2018-01-04,TLT,-0.00015853
2018-01-04,UUP,-0.00333044
2018-01-05,EEM,0.00862257
2018-01-05,GLD,-0.00103616
2018-01-05,HYG,0.00068216
2018-01-05,SPY,0.00666441
2018-01-05,TLT,-0.00285533
2018-01-05,UUP,0.00083523
2018-01-08,EEM,0.0
2018-01-08,GLD,-0.00015961
2018-01-08,HYG,-0.00079531
2018-01-08,SPY,0.00182831
2018-01-08,TLT,-0.00063698
2018-01-08,UUP,0.00459105
2018-01-09,EEM,-0.00162833
2018-01-09,GLD,-0.00462848
2018-01-09,HYG,-0.00307131
2018-01-09,SPY,0.00226357
2018-01-09,TLT,-0.0133722
2018-01-09,UUP,0.00207735
2018-01-10,EEM,-0.00632006
2018-01-10,GLD,0.00240516
2018-01-10,HYG,-0.00216874
2018-01-10,SPY,-0.00152986
2018-01-10,TLT,-0.00120978
2018-01-10,UUP,-0.00248773
2018-01-11,EEM,0.00615489
2018-01-11,GLD,0.00327924
2018-01-11,HYG,0.00331684
2018-01-11,SPY,0.00729635
2018-01-11,TLT,0.00411909
2018-01-11,UUP,-0.00415625
2018-01-12,EEM,0.00958418
2018-01-12,GLD,0.01211732
2018-01-12,HYG,-0.00171035
2018-01-12,SPY,0.0065187
2018-01-12,TLT,0.00168939
2018-01-12,UUP,-0.01043417
2018-01-16,EEM,-0.00383764
2018-01-16,GLD,0.00165406
2018-01-16,HYG,-0.0005704
2018-01-16,SPY,-0.00341842
2018-01-16,TLT,0.00417597
2018-01-16,UUP,-0.00548278
2018-01-17,EEM,0.01317914
2018-01-17,GLD,-0.00809939
2018-01-17,HYG,0.00011398
2018-01-17,SPY,0.00953157
2018-01-17,TLT,-0.00135973
2018-01-17,UUP,0.00254461
2018-01-18,EEM,0.00120079
2018-01-18,GLD,-0.00221975
2018-01-18,HYG,-0.00102854
2018-01-18,SPY,-0.00168053
2018-01-18,TLT,-0.00928909
2018-01-18,UUP,-0.00126912
2018-01-19,EEM,0.00819499
2018-01-19,GLD,0.00444937
2018-01-19,HYG,0.0010296
2018-01-19,SPY,0.00454965
2018-01-19,TLT,-0.00525442
2018-01-19,UUP,0.00169418
2018-01-22,EEM,0.00574936
2018-01-22,GLD,0.00181936
2018-01-22,HYG,0.00091416
2018-01-22,SPY,0.00813093
2018-01-22,TLT,0.00097508
2018-01-22,UUP,-0.00338254
2018-01-23,EEM,0.00473101
2018-01-23,GLD,0.00497432
2018-01-23,HYG,0.00296685
2018-01-23,SPY,0.00212221
2018-01-23,TLT,0.0043029
2018-01-23,UUP,-0.00254569
2018-01-24,EEM,0.00843627
2018-01-24,GLD,0.0121779
2018-01-24,HYG,-0.00147914
2018-01-24,SPY,-0.00038817
2018-01-24,TLT,-0.00541584
2018-01-24,UUP,-0.0097829
2018-01-25,EEM,-0.0005836
2018-01-25,GLD,-0.00667547
2018-01-25,HYG,-0.00068229
2018-01-25,SPY,0.00042388
2018-01-25,TLT,0.00820819
2018-01-25,UUP,0.00128855
2018-01-26,EEM,0.01382145
2018-01-26,GLD,0.00078148
2018-01-26,HYG,0.00079708
2018-01-26,SPY,0.01157764
2018-01-26,TLT,-0.00370814
2018-01-26,UUP,-0.00214508
2018-01-29,EEM,-0.01516903
2018-01-29,GLD,-0.00562199
2018-01-29,HYG,-0.00353301
2018-01-29,SPY,-0.00662989
2018-01-29,TLT,-0.00695876
2018-01-29,UUP,0.00257961
2018-01-30,EEM,-0.01364784
2018-01-30,GLD,-0.00431877
2018-01-30,HYG,-0.00343013
2018-01-30,SPY,-0.01025676
2018-01-30,TLT,-0.00586614
2018-01-30,UUP,-0.00171516
2018-01-31,EEM,0.00869731
2018-01-31,GLD,0.00670346
2018-01-31,HYG,0.00172146
2018-01-31,SPY,0.00049682
2018-01-31,TLT,0.00590076
2018-01-31,UUP,-0.00128885
2018-02-01,EEM,-0.0135215
2018-02-01,GLD,0.00329029
2018-02-01,HYG,-0.0018864
2018-02-01,SPY,-0.00113525
2018-02-01,TLT,-0.0144925
2018-02-01,UUP,-0.00516135
2018-02-02,EEM,-0.02562563
2018-02-02,GLD,-0.01311789
2018-02-02,HYG,-0.00633939
2018-02-02,SPY,-0.02177039
2018-02-02,TLT,-0.00927898
2018-02-02,UUP,0.0060529
2018-02-05,EEM,-0.03506644
2018-02-05,GLD,0.00253184
2018-02-05,HYG,-0.00556672
2018-02-05,SPY,-0.04182219
2018-02-05,TLT,0.0094495
2018-02-05,UUP,0.00429725
2018-02-06,EEM,0.03253749
2018-02-06,GLD,-0.01049642
2018-02-06,HYG,0.00606518
2018-02-06,SPY,0.01970217
2018-02-06,TLT,-0.00621287
2018-02-06,UUP,0.00213958
2018-02-07,EEM,-0.03151216
2018-02-07,GLD,-0.00470567
2018-02-07,HYG,-0.0037098
2018-02-07,SPY,-0.00542482
2018-02-07,TLT,-0.00950324
2018-02-07,UUP,0.00768578
2018-02-08,EEM,-0.03465024
2018-02-08,GLD,0.00152258
2018-02-08,HYG,-0.00872715
2018-02-08,SPY,-0.03750882
2018-02-08,TLT,-0.00109424
2018-02-08,UUP,0.0
2018-02-09,EEM,0.01597713
2018-02-09,GLD,-0.00168032
2018-02-09,HYG,-0.00281712
2018-02-09,SPY,0.01502159
2018-02-09,TLT,-0.00631893
2018-02-09,UUP,0.00084755
2018-02-12,EEM,0.01572597
2018-02-12,GLD,0.0048089
2018-02-12,HYG,0.00682719
2018-02-12,SPY,0.01468434
2018-02-12,TLT,0.00440888
2018-02-12,UUP,-0.00338713
2018-02-13,EEM,0.00763515
2018-02-13,GLD,0.00566323
2018-02-13,HYG,-0.00315651
2018-02-13,SPY,0.0024874
2018-02-13,TLT,0.00447401
2018-02-13,UUP,-0.00552247
2018-02-14,EEM,0.02504722
2018-02-14,GLD,0.01705262
2018-02-14,HYG,0.00175935
2018-02-14,SPY,0.01349633
2018-02-14,TLT,-0.01109328
2018-02-14,UUP,-0.00768906
2018-02-15,EEM,0.02053419
2018-02-15,GLD,0.00116984
2018-02-15,HYG,0.00807878
2018-02-15,SPY,0.01276006
2018-02-15,TLT,0.00339953
2018-02-15,UUP,-0.00430484
2018-02-16,EEM,-0.00321922
2018-02-16,GLD,-0.00327158
2018-02-16,HYG,0.00406482
2018-02-16,SPY,0.00029318
2018-02-16,TLT,0.00542053
2018-02-16,UUP,0.00691757
2018-02-20,EEM,-0.01372649
2018-02-20,GLD,-0.01344171
2018-02-20,HYG,-0.00346977
2018-02-20,SPY,-0.00626134
2018-02-20,TLT,-0.00438053
2018-02-20,UUP,0.00644048
2018-02-21,EEM,-0.00081843
2018-02-21,GLD,-0.00459438
2018-02-21,HYG,-0.00452704
2018-02-21,SPY,-0.00497428
2018-02-21,TLT,-0.01226819
2018-02-21,UUP,0.00383976
2018-02-22,EEM,0.00061435
2018-02-22,GLD,0.0050931
2018-02-22,HYG,0.00069852
2018-02-22,SPY,0.00129573
2018-02-22,TLT,0.00299796
2018-02-22,UUP,-0.00339999
2018-02-23,EEM,0.01780987
2018-02-23,GLD,-0.00126685
2018-02-23,HYG,0.00664286
2018-02-23,SPY,0.01593944
2018-02-23,TLT,0.00888193
2018-02-23,UUP,0.00213208
2018-02-26,EEM,0.00925159
2018-02-26,GLD,0.00245757
2018-02-26,HYG,0.00173606
2018-02-26,SPY,0.01161213
2018-02-26,TLT,0.00033839
2018-02-26,UUP,-0.00127668
2018-02-27,EEM,-0.02909533
2018-02-27,GLD,-0.01043891
2018-02-27,HYG,-0.00265739
2018-02-27,SPY,-0.01248597
2018-02-27,TLT,-0.00143795
2018-02-27,UUP,0.00639138
2018-02-28,EEM,-0.01436787
2018-02-28,GLD,-0.0010389
2018-02-28,HYG,-0.00150626
2018-02-28,SPY,-0.01013026
2018-02-28,TLT,0.00635546
2018-02-28,UUP,0.00296357
2018-03-01,EEM,-0.00187404
2018-03-01,GLD,-0.00223999
2018-03-01,HYG,-0.00662896
2018-03-01,SPY,-0.01454079
2018-03-01,TLT,0.00682622
2018-03-01,UUP,-0.00337712
2018-03-02,EEM,0.00417279
2018-03-02,GLD,0.00537202
2018-03-02,HYG,0.00562969
2018-03-02,SPY,0.00515504
2018-03-02,TLT,-0.0081293
2018-03-02,UUP,-0.00423546
2018-03-05,EEM,0.00145438
2018-03-05,GLD,-0.00167477
2018-03-05,HYG,0.0
2018-03-05,SPY,0.01155787
2018-03-05,TLT,-0.00270368
2018-03-05,UUP,0.0
2018-03-06,EEM,0.00933615
2018-03-06,GLD,0.01078446
2018-03-06,HYG,0.00139886
2018-03-06,SPY,0.00253484
2018-03-06,TLT,0.00093193
2018-03-06,UUP,-0.00255199
2018-03-07,EEM,0.00102733
2018-03-07,GLD,-0.00640162
2018-03-07,HYG,-0.00244542
2018-03-07,SPY,-0.00036639
2018-03-07,TLT,-0.00110057
2018-03-07,UUP,-0.00085297
2018-03-08,EEM,0.00020563
2018-03-08,GLD,-0.00238628
2018-03-08,HYG,0.00116746
2018-03-08,SPY,0.00483924
2018-03-08,TLT,0.00576232
2018-03-08,UUP,0.006402
2018-03-09,EEM,0.02135082
2018-03-09,GLD,0.00095681
2018-03-09,HYG,0.00361465
2018-03-09,SPY,0.01740228
2018-03-09,TLT,-0.00657149
2018-03-09,UUP,-0.00127216
2018-03-12,EEM,0.00241201
2018-03-12,GLD,0.0
2018-03-12,HYG,-0.00162682
2018-03-12,SPY,-0.00125506
2018-03-12,TLT,0.0057667
2018-03-12,UUP,-0.00127397
2018-03-13,EEM,-0.00902351
2018-03-13,GLD,0.00191172
2018-03-13,HYG,-0.00314182
2018-03-13,SPY,-0.00646259
2018-03-13,TLT,0.00505911
2018-03-13,UUP,-0.0025511
2018-03-14,EEM,0.00161878
2018-03-14,GLD,-0.00063605
2018-03-14,HYG,-0.00116788
2018-03-14,SPY,-0.00513145
2018-03-14,TLT,0.00880996
2018-03-14,UUP,0.00042625
2018-03-15,EEM,-0.0036362
2018-03-15,GLD,-0.00636432
2018-03-15,HYG,0.00070183
2018-03-15,SPY,-0.00108988
2018-03-15,TLT,0.0
2018-03-15,UUP,0.00383475
2018-03-16,EEM,-0.00223036
2018-03-16,GLD,-0.00240195
2018-03-16,HYG,0.00210203
2018-03-16,SPY,0.00108422
2018-03-16,TLT,-0.00357598
2018-03-16,UUP,0.00254686
2018-03-19,EEM,-0.01077012
2018-03-19,GLD,0.00216697
2018-03-19,HYG,-0.00407915
2018-03-19,SPY,-0.01353018
2018-03-19,TLT,-0.00317142
2018-03-19,UUP,-0.00423386
2018-03-20,EEM,0.01109281
2018-03-20,GLD,-0.00448471
2018-03-20,HYG,0.00198964
2018-03-20,SPY,0.00170062
2018-03-20,TLT,-0.00401938
2018-03-20,UUP,0.00595243
2018-03-21,EEM,0.00589196
2018-03-21,GLD,0.01745641
2018-03-21,HYG,0.00035003
2018-03-21,SPY,-0.00191935
2018-03-21,TLT,0.00109258
2018-03-21,UUP,-0.00803056
2018-03-22,EEM,-0.0333268
2018-03-22,GLD,-0.00395319
2018-03-22,HYG,-0.00595434
2018-03-22,SPY,-0.02499701
2018-03-22,TLT,0.00990932
2018-03-22,UUP,0.00127832
2018-03-23,EEM,-0.02026734
2018-03-23,GLD,0.01293854
2018-03-23,HYG,-0.00258403
2018-03-23,SPY,-0.02131467
2018-03-23,TLT,-0.00074814
2018-03-23,UUP,-0.00340423
2018-03-26,EEM,0.03241645
2018-03-26,GLD,0.00525036
2018-03-26,HYG,0.00647675
2018-03-26,SPY,0.02735891
2018-03-26,TLT,-0.00382774
2018-03-26,UUP,-0.00469681
2018-03-27,EEM,-0.01817832
2018-03-27,GLD,-0.00615841
2018-03-27,HYG,-0.0009361
2018-03-27,SPY,-0.01701157
2018-03-27,TLT,0.01069225
2018-03-27,UUP,0.00471897
2018-03-28,EEM,-0.00504924
2018-03-28,GLD,-0.01380496
2018-03-28,HYG,-0.00046799
2018-03-28,SPY,-0.00295481
2018-03-28,TLT,0.00264468
2018-03-28,UUP,0.00896673
2018-03-29,EEM,0.02093447
2018-03-29,GLD,0.00047719
2018-03-29,HYG,0.00339731
2018-03-29,SPY,0.01277759
2018-03-29,TLT,0.00486342
2018-03-29,UUP,-0.00084647
2018-04-02,EEM,-0.01801976
2018-04-02,GLD,0.01168615
2018-04-02,HYG,-0.00388084
2018-04-02,SPY,-0.02158471
2018-04-02,TLT,0.00197347
2018-04-02,UUP,-0.00042345
2018-04-03,EEM,0.0099134
2018-04-03,GLD,-0.0075436
2018-04-03,HYG,0.00282468
2018-04-03,SPY,0.01281706
2018-04-03,TLT,-0.00771255
2018-04-03,UUP,0.0016949
2018-04-04,EEM,0.00041802
2018-04-04,GLD,0.0011876
2018-04-04,HYG,0.00223026
2018-04-04,SPY,0.01069892
2018-04-04,TLT,-0.00206682
2018-04-04,UUP,-0.00042301
2018-04-05,EEM,0.00250488
2018-04-05,GLD,-0.00514032
2018-04-05,HYG,0.00081957
2018-04-05,SPY,0.00789207
2018-04-05,TLT,-0.00745762
2018-04-05,UUP,0.00380859
2018-04-06,EEM,-0.01957503
2018-04-06,GLD,0.00468995
2018-04-06,HYG,-0.00222354
2018-04-06,SPY,-0.02228578
2018-04-06,TLT,0.01093604
2018-04-06,UUP,-0.00379414
2018-04-09,EEM,0.00106198
2018-04-09,GLD,0.00340217
2018-04-09,HYG,0.00375374
2018-04-09,SPY,0.0049284
2018-04-09,TLT,0.00165137
2018-04-09,UUP,-0.00253913
2018-04-10,EEM,0.0195205
2018-04-10,GLD,0.00236558
2018-04-10,HYG,0.00362147
2018-04-10,SPY,0.01590019
2018-04-10,TLT,-0.00181346
2018-04-10,UUP,-0.00254569
2018-04-11,EEM,0.00041616
2018-04-11,GLD,0.0077879
2018-04-11,HYG,0.00034908
2018-04-11,SPY,-0.00524185
2018-04-11,TLT,0.00355112
2018-04-11,UUP,-0.0008506
2018-04-12,EEM,-0.00041599
2018-04-12,GLD,-0.01163061
2018-04-12,HYG,0.00360799
2018-04-12,SPY,0.00822717
2018-04-12,TLT,-0.00732423
2018-04-12,UUP,0.00212845
2018-04-13,EEM,-0.00998968
2018-04-13,GLD,0.006555
2018-04-13,HYG,0.00057967
2018-04-13,SPY,-0.00293357
2018-04-13,TLT,0.00232141
2018-04-13,UUP,0.0
2018-04-16,EEM,0.00126137
2018-04-16,GLD,0.00141232
2018-04-16,HYG,0.00150631
2018-04-16,SPY,0.00822175
2018-04-16,TLT,0.00033064
2018-04-16,UUP,-0.00339854
2018-04-17,EEM,0.00209944
2018-04-17,GLD,0.00094024
2018-04-17,HYG,0.00046331
2018-04-17,SPY,0.01069872
2018-04-17,TLT,0.00272862
2018-04-17,UUP,0.0
2018-04-18,EEM,0.00858989
2018-04-18,GLD,0.00078277
2018-04-18,HYG,-0.00104095
2018-04-18,SPY,0.00074001
2018-04-18,TLT,-0.00799847
2018-04-18,UUP,0.00213137
2018-04-19,EEM,-0.00581631
2018-04-19,GLD,-0.00195542
2018-04-19,HYG,-0.00312637
2018-04-19,SPY,-0.00554745
2018-04-19,TLT,-0.00814663
2018-04-19,UUP,0.00297743
2018-04-20,EEM,-0.01253641
2018-04-20,GLD,-0.00760189
2018-04-20,HYG,-0.00243901
2018-04-20,SPY,-0.00847941
2018-04-20,TLT,-0.00720733
2018-04-20,UUP,0.00593719
2018-04-23,EEM,-0.00804069
2018-04-23,GLD,-0.00797595
2018-04-23,HYG,-0.00267781
2018-04-23,SPY,-0.00014952
2018-04-23,TLT,0.0002529
2018-04-23,UUP,0.00632383
2018-04-24,EEM,-0.0046929
2018-04-24,GLD,0.00485592
2018-04-24,HYG,-0.00198446
2018-04-24,SPY,-0.01346759
2018-04-24,TLT,-0.00455747
2018-04-24,UUP,-0.00125661
2018-04-25,EEM,-0.00771523
2018-04-25,GLD,-0.00649608
2018-04-25,HYG,0.00011626
2018-04-25,SPY,0.00247166
2018-04-25,TLT,-0.00669706
2018-04-25,UUP,0.0041946
2018-04-26,EEM,0.01447096
2018-04-26,GLD,-0.00350851
2018-04-26,HYG,0.00350883
2018-04-26,SPY,0.01016536
2018-04-26,TLT,0.00699876
2018-04-26,UUP,0.00459469
2018-04-27,EEM,0.00617401
2018-04-27,GLD,0.00424101
2018-04-27,HYG,-0.00046554
2018-04-27,SPY,0.00093912
2018-04-27,TLT,0.00771307
2018-04-27,UUP,-0.0008315
2018-04-30,EEM,-0.00719436
2018-04-30,GLD,-0.00725103
2018-04-30,HYG,-0.00069965
2018-04-30,SPY,-0.00769042
2018-04-30,TLT,0.00176615
2018-04-30,UUP,0.00416124
2018-05-01,EEM,-0.00490194
2018-05-01,GLD,-0.00706315
2018-05-01,HYG,0.00073817
2018-05-01,SPY,0.0017764
2018-05-01,TLT,-0.00360136
2018-05-01,UUP,0.00663099
2018-05-02,EEM,-0.00792456
2018-05-02,GLD,-0.00048499
2018-05-02,HYG,-0.00035132
2018-05-02,SPY,-0.00671732
2018-05-02,TLT,-0.00109793
2018-05-02,UUP,0.00452848
2018-05-03,EEM,-0.00215882
2018-05-03,GLD,0.005095
2018-05-03,HYG,-0.00011684
2018-05-03,SPY,-0.00220341
2018-05-03,TLT,0.00448086
2018-05-03,UUP,-0.00409842
2018-05-04,EEM,0.00454364
2018-05-04,GLD,0.00209207
2018-05-04,HYG,0.00070255
2018-05-04,SPY,0.01294635
2018-05-04,TLT,0.0015148
2018-05-04,UUP,0.00123465
2018-05-07,EEM,-0.00581533
2018-05-07,GLD,0.00024088
2018-05-07,HYG,0.00093631
2018-05-07,SPY,0.00338291
2018-05-07,TLT,-0.00159617
2018-05-07,UUP,0.00205506
2018-05-08,EEM,0.0056324
2018-05-08,GLD,0.00016053
2018-05-08,HYG,-0.00152016
2018-05-08,SPY,0.0
2018-05-08,TLT,-0.00092608
2018-05-08,UUP,0.00369152
2018-05-09,EEM,0.00193873
2018-05-09,GLD,-0.0020868
2018-05-09,HYG,0.00163988
2018-05-09,SPY,0.00966615
2018-05-09,TLT,-0.00598221
2018-05-09,UUP,0.0
2018-05-10,EEM,0.02085582
2018-05-10,GLD,0.00683663
2018-05-10,HYG,0.00292367
2018-05-10,SPY,0.00935048
2018-05-10,TLT,0.00805224
2018-05-10,UUP,-0.00449527
2018-05-11,EEM,-0.00168492
2018-05-11,GLD,-0.00143793
2018-05-11,HYG,-0.00035012
2018-05-11,SPY,0.00305137
2018-05-11,TLT,0.00252229
2018-05-11,UUP,-0.00164202
2018-05-14,EEM,0.00126589
2018-05-14,GLD,-0.00408002
2018-05-14,HYG,0.00023396
2018-05-14,SPY,0.0004764
2018-05-14,TLT,-0.0052835
2018-05-14,UUP,0.00123354
2018-05-15,EEM,-0.02064897
2018-05-15,GLD,-0.01614583
2018-05-15,HYG,-0.00489812
2018-05-15,SPY,-0.00688678
2018-05-15,TLT,-0.01138324
2018-05-15,UUP,0.00616021
2018-05-16,EEM,0.01506039
2018-05-16,GLD,-0.00155129
2018-05-16,HYG,0.00128932
2018-05-16,SPY,0.00420485
2018-05-16,TLT,-0.00383769
2018-05-16,UUP,0.00244896
2018-05-17,EEM,-0.01526078
2018-05-17,GLD,0.00057241
2018-05-17,HYG,0.00058451
2018-05-17,SPY,-0.00084491
2018-05-17,TLT,-0.00505126
2018-05-17,UUP,0.00122149
2018-05-18,EEM,-0.00839429
2018-05-18,GLD,0.00040866
2018-05-18,HYG,-0.00105243
2018-05-18,SPY,-0.0024998
2018-05-18,TLT,0.00860495
2018-05-18,UUP,0.00203342
2018-05-21,EEM,0.00607775
2018-05-21,GLD,0.00057185
2018-05-21,HYG,0.001405
2018-05-21,SPY,0.00751851
2018-05-21,TLT,0.00051241
2018-05-21,UUP,-0.00081177
2018-05-22,EEM,0.00345169
2018-05-22,GLD,-0.00057152
2018-05-22,HYG,0.00070214
2018-05-22,SPY,-0.0027804
2018-05-22,TLT,-0.00153544
2018-05-22,UUP,-0.00040626
2018-05-23,EEM,-0.00042974
2018-05-23,GLD,0.00106198
2018-05-23,HYG,0.0008173
2018-05-23,SPY,0.00275136
2018-05-23,TLT,0.00725961
2018-05-23,UUP,0.00406345
2018-05-24,EEM,-0.0053776
2018-05-24,GLD,0.00856859
2018-05-24,HYG,0.00058371
2018-05-24,SPY,-0.00204864
2018-05-24,TLT,0.00797015
2018-05-24,UUP,-0.00121398
2018-05-25,EEM,0.00410923
2018-05-25,GLD,-0.00307466
2018-05-25,HYG,-0.00163378
2018-05-25,SPY,-0.00238257
2018-05-25,TLT,0.00622468
2018-05-25,UUP,0.00486202
2018-05-29,EEM,-0.02326094
2018-05-29,GLD,-0.0001623
2018-05-29,HYG,-0.00420754
2018-05-29,SPY,-0.01150115
2018-05-29,TLT,0.02190284
2018-05-29,UUP,0.00685497
2018-05-30,EEM,0.00793809
2018-05-30,GLD,0.00146116
2018-05-30,HYG,0.00305209
2018-05-30,SPY,0.01334462
2018-05-30,TLT,-0.00670841
2018-05-30,UUP,-0.00760907
2018-05-31,EEM,-0.00043746
2018-05-31,GLD,-0.00218857
2018-05-31,HYG,-0.0009358
2018-05-31,SPY,-0.00612589
2018-05-31,TLT,-0.00164702
2018-05-31,UUP,-0.00080728
2018-06-01,EEM,0.01400752
2018-06-01,GLD,-0.00495533
2018-06-01,HYG,0.00228212
2018-06-01,SPY,0.00981802
2018-06-01,TLT,-0.0052838
2018-06-01,UUP,0.0016155
2018-06-04,EEM,0.01014469
2018-06-04,GLD,-0.00097963
2018-06-04,HYG,0.00211229
2018-06-04,SPY,0.00475132
2018-06-04,TLT,-0.00723205
2018-06-04,UUP,-0.00080626
2018-06-05,EEM,-0.00769254
2018-06-05,GLD,0.0039225
2018-06-05,HYG,0.00117212
2018-06-05,SPY,0.00072752
2018-06-05,TLT,0.00234465
2018-06-05,UUP,-0.00121083
2018-06-06,EEM,0.01507317
2018-06-06,GLD,0.0005698
2018-06-06,HYG,0.00245684
2018-06-06,SPY,0.00836073
2018-06-06,TLT,-0.00810278
2018-06-06,UUP,-0.00282808
2018-06-07,EEM,-0.01527363
2018-06-07,GLD,-0.0004881
2018-06-07,HYG,0.00034992
2018-06-07,SPY,-0.00010798
2018-06-07,TLT,0.00968501
2018-06-07,UUP,-0.00202619
2018-06-08,EEM,-0.00193863
2018-06-08,GLD,0.00122091
2018-06-08,HYG,-0.00058304
2018-06-08,SPY,0.0029561
2018-06-08,TLT,-0.00300291
2018-06-08,UUP,0.00040628
2018-06-11,EEM,0.0
2018-06-11,GLD,0.00178848
2018-06-11,HYG,0.00186732
2018-06-11,SPY,0.00133003
2018-06-11,TLT,-0.00184074
2018-06-11,UUP,0.00081168
2018-06-12,EEM,-0.00259036
2018-06-12,GLD,-0.00332714
2018-06-12,HYG,0.00081635
2018-06-12,SPY,0.00129225
2018-06-12,TLT,0.00025168
2018-06-12,UUP,0.00202747
2018-06-13,EEM,-0.00670829
2018-06-13,GLD,0.00301256
2018-06-13,HYG,0.00034892
2018-06-13,SPY,-0.00319067
2018-06-13,TLT,-0.00050226
2018-06-13,UUP,-0.00161877
2018-06-14,EEM,-0.00675389
2018-06-14,GLD,0.00154229
2018-06-14,HYG,0.00290988
2018-06-14,SPY,0.00251745
2018-06-14,TLT,0.00829957
2018-06-14,UUP,0.01297122
2018-06-15,EEM,-0.00789661
2018-06-15,GLD,-0.01653429
2018-06-15,HYG,-0.00057986
2018-06-15,SPY,-0.00127552
2018-06-15,TLT,0.00091418
2018-06-15,UUP,-0.00080031
2018-06-18,EEM,-0.01216004
2018-06-18,GLD,-0.00189547
2018-06-18,HYG,-0.00011648
2018-06-18,SPY,-0.00205712
2018-06-18,TLT,-0.00091334
2018-06-18,UUP,0.0
2018-06-19,EEM,-0.01103839
2018-06-19,GLD,-0.00255964
2018-06-19,HYG,-0.00139365
2018-06-19,SPY,-0.00383241
2018-06-19,TLT,0.00581975
2018-06-19,UUP,0.00280334
2018-06-20,EEM,0.00432789
2018-06-20,GLD,-0.00447021
2018-06-20,HYG,0.00104646
2018-06-20,SPY,0.00170575
2018-06-20,TLT,-0.00876243
2018-06-20,UUP,0.00079863
2018-06-21,EEM,-0.01406172
2018-06-21,GLD,-0.00174621
2018-06-21,HYG,-0.0020908
2018-06-21,SPY,-0.00626867
2018-06-21,TLT,0.0052542
2018-06-21,UUP,-0.00279318
2018-06-22,EEM,0.01035154
2018-06-22,GLD,0.0024156
2018-06-22,HYG,0.00011602
2018-06-22,SPY,0.00182296
2018-06-22,TLT,-8.296e-05
2018-06-22,UUP,-0.00360141
2018-06-25,EEM,-0.01343321
2018-06-25,GLD,-0.00373938
2018-06-25,HYG,-0.00232798
2018-06-25,SPY,-0.01361276
2018-06-25,TLT,0.00224029
2018-06-25,UUP,-0.00160641
2018-06-26,EEM,-0.00392368
2018-06-26,GLD,-0.00525479
2018-06-26,HYG,-0.00011641
2018-06-26,SPY,0.00221407
2018-06-26,TLT,0.00140676
2018-06-26,UUP,0.00522925
2018-06-27,EEM,-0.01923071
2018-06-27,GLD,-0.00570183
2018-06-27,HYG,-0.0021002
2018-06-27,SPY,-0.00828418
2018-06-27,TLT,0.00942413
2018-06-27,UUP,0.00600245
2018-06-28,EEM,0.00850478
2018-06-28,GLD,-0.00303593
2018-06-28,HYG,-0.00280633
2018-06-28,SPY,0.00571761
2018-06-28,TLT,0.00024559
2018-06-28,UUP,0.0
2018-06-29,EEM,0.01499188
2018-06-29,GLD,0.00363729
2018-06-29,HYG,-0.00234588
2018-06-29,SPY,0.00143948
2018-06-29,TLT,-0.00343866
2018-06-29,UUP,-0.00795548
2018-07-02,EEM,-0.00992396
2018-07-02,GLD,-0.01002952
2018-07-02,HYG,0.00095698
2018-07-02,SPY,0.00213804
2018-07-02,TLT,-0.00078238
2018-07-02,UUP,0.00481142
2018-07-03,EEM,0.00069917
2018-07-03,GLD,0.01013113
2018-07-03,HYG,0.000118
2018-07-03,SPY,-0.00353109
2018-07-03,TLT,0.0053565
2018-07-03,UUP,-0.00319232
2018-07-05,EEM,-0.00256245
2018-07-05,GLD,0.00337127
2018-07-05,HYG,0.00377391
2018-07-05,SPY,0.00815801
2018-07-05,TLT,0.00286899
2018-07-05,UUP,-0.00320245
2018-07-06,EEM,0.01377883
2018-07-06,GLD,-0.00159599
2018-07-06,HYG,0.00258503
2018-07-06,SPY,0.00845796
2018-07-06,TLT,0.00326923
2018-07-06,UUP,-0.00321301
2018-07-09,EEM,0.01796819
2018-07-09,GLD,0.00243985
2018-07-09,HYG,0.00152304
2018-07-09,SPY,0.00900447
2018-07-09,TLT,-0.00643571
2018-07-09,UUP,0.00040308
2018-07-10,EEM,-0.00226309
2018-07-10,GLD,-0.00184642
2018-07-10,HYG,0.0001172
2018-07-10,SPY,0.00359876
2018-07-10,TLT,-8.213e-05
2018-07-10,UUP,0.00040264
2018-07-11,EEM,-0.01950538
2018-07-11,GLD,-0.01084672
2018-07-11,HYG,-0.00152131
2018-07-11,SPY,-0.00731506
2018-07-11,TLT,0.00385384
2018-07-11,UUP,0.00684393
2018-07-12,EEM,0.01364783
2018-07-12,GLD,0.00416523
2018-07-12,HYG,0.00316407
2018-07-12,SPY,0.00906609
2018-07-12,TLT,-8.086e-05
2018-07-12,UUP,0.00079967
2018-07-13,EEM,0.0006847
2018-07-13,GLD,-0.0044019
2018-07-13,HYG,0.0
2018-07-13,SPY,0.00078744
2018-07-13,TLT,0.00253177
2018-07-13,UUP,-0.00119864
2018-07-16,EEM,-0.00547335
2018-07-16,GLD,-0.00051014
2018-07-16,HYG,-0.00070081
2018-07-16,SPY,-0.0008941
2018-07-16,TLT,-0.00415565
2018-07-16,UUP,-0.00160008
2018-07-17,EEM,0.00733775
2018-07-17,GLD,-0.01080395
2018-07-17,HYG,0.0003511
2018-07-17,SPY,0.00404513
2018-07-17,TLT,-0.00188224
2018-07-17,UUP,0.00440711
2018-07-18,EEM,-0.00113783
2018-07-18,GLD,0.00025799
2018-07-18,HYG,0.00046711
2018-07-18,SPY,0.00210383
2018-07-18,TLT,-0.0040168
2018-07-18,UUP,0.00119664
2018-07-19,EEM,-0.01230654
2018-07-19,GLD,-0.00429886
2018-07-19,HYG,-0.0004669
2018-07-19,SPY,-0.0037713
2018-07-19,TLT,0.00633797
2018-07-19,UUP,0.00199202
2018-07-20,EEM,0.01430548
2018-07-20,GLD,0.00647612
2018-07-20,HYG,0.00046711
2018-07-20,SPY,-0.00114257
2018-07-20,TLT,-0.01226896
2018-07-20,UUP,-0.00795205
2018-07-23,EEM,-0.00659712
2018-07-23,GLD,-0.00480437
2018-07-23,HYG,-0.00034984
2018-07-23,SPY,0.00185885
2018-07-23,TLT,-0.01233874
2018-07-23,UUP,0.00160301
2018-07-24,EEM,0.01465566
2018-07-24,GLD,0.00034484
2018-07-24,HYG,0.00210264
2018-07-24,SPY,0.00503222
2018-07-24,TLT,0.00343771
2018-07-24,UUP,0.00040016
2018-07-25,EEM,0.01624907
2018-07-25,GLD,0.00551533
2018-07-25,HYG,0.00186501
2018-07-25,SPY,0.0085223
2018-07-25,TLT,-0.00158751
2018-07-25,UUP,-0.00479996
2018-07-26,EEM,-0.01110378
2018-07-26,GLD,-0.00779914
2018-07-26,HYG,0.00011691
2018-07-26,SPY,-0.00235914
2018-07-26,TLT,-0.00192492
2018-07-26,UUP,0.00683284
2018-07-27,EEM,0.00359328
2018-07-27,GLD,0.00051831
2018-07-27,HYG,-0.00034958
2018-07-27,SPY,-0.00677617
2018-07-27,TLT,0.00167692
2018-07-27,UUP,-0.0011976
2018-07-30,EEM,-0.0015664
2018-07-30,GLD,-0.001554
2018-07-30,HYG,0.0003497
2018-07-30,SPY,-0.00522344
2018-07-30,TLT,-0.00343175
2018-07-30,UUP,-0.00359719
2018-07-31,EEM,0.00537859
2018-07-31,GLD,0.00293987
2018-07-31,HYG,0.00209483
2018-07-31,SPY,0.00492914
2018-07-31,TLT,0.00545941
2018-07-31,UUP,0.00200551
2018-08-01,EEM,-0.00891656
2018-08-01,GLD,-0.0073282
2018-08-01,HYG,0.00089709
2018-08-01,SPY,-0.0016704
2018-08-01,TLT,-0.00814656
2018-08-01,UUP,0.00120113
2018-08-02,EEM,-0.01327026
2018-08-02,GLD,-0.00538477
2018-08-02,HYG,0.00058293
2018-08-02,SPY,0.00544749
2018-08-02,TLT,0.00143483
2018-08-02,UUP,0.00559763
2018-08-03,EEM,0.00775014
2018-08-03,GLD,0.00349285
2018-08-03,HYG,0.00081486
2018-08-03,SPY,0.00428471
2018-08-03,TLT,0.00497342
2018-08-03,UUP,0.00079522
2018-08-06,EEM,-0.00769054
2018-08-06,GLD,-0.00513397
2018-08-06,HYG,0.00186129
2018-08-06,SPY,0.00366722
2018-08-06,TLT,0.00058719
2018-08-06,UUP,0.00158918
2018-08-07,EEM,0.01025758
2018-08-07,GLD,0.00227407
2018-08-07,HYG,0.00046473
2018-08-07,SPY,0.0033025
2018-08-07,TLT,-0.00519747
2018-08-07,UUP,-0.0011899
2018-08-08,EEM,-0.00135385
2018-08-08,GLD,0.00279263
2018-08-08,HYG,-0.00058083
2018-08-08,SPY,-0.00041998
2018-08-08,TLT,0.00101147
2018-08-08,UUP,-0.0011915
2018-08-09,EEM,-0.002937
2018-08-09,GLD,-0.00147947
2018-08-09,HYG,-0.00069639
2018-08-09,SPY,-0.00136638
2018-08-09,TLT,0.00841813
2018-08-09,UUP,0.00596435
2018-08-10,EEM,-0.02130077
2018-08-10,GLD,-0.00043573
2018-08-10,HYG,-0.00174349
2018-08-10,SPY,-0.00670032
2018-08-10,TLT,0.00726291
2018-08-10,UUP,0.00711448
2018-08-13,EEM,-0.01643902
2018-08-13,GLD,-0.01508417
2018-08-13,HYG,-0.00069857
2018-08-13,SPY,-0.00374315
2018-08-13,TLT,-0.00207192
2018-08-13,UUP,0.00039255
2018-08-14,EEM,0.00612034
2018-08-14,GLD,0.0009738
2018-08-14,HYG,0.00174769
2018-08-14,SPY,0.00638055
2018-08-14,TLT,-0.00224262
2018-08-14,UUP,0.00392299
2018-08-15,EEM,-0.02877854
2018-08-15,GLD,-0.01662684
2018-08-15,HYG,-0.00174464
2018-08-15,SPY,-0.00746745
2018-08-15,TLT,0.00582633
2018-08-15,UUP,0.0
2018-08-16,EEM,0.00626369
2018-08-16,GLD,-0.00080946
2018-08-16,HYG,0.00128179
2018-08-16,SPY,0.00809152
2018-08-16,TLT,-8.238e-05
2018-08-16,UUP,-0.00078137
2018-08-17,EEM,0.01053366
2018-08-17,GLD,0.00927092
2018-08-17,HYG,0.00116354
2018-08-17,SPY,0.00352018
2018-08-17,TLT,0.00124143
2018-08-17,UUP,-0.00508413
2018-08-20,EEM,0.00450138
2018-08-20,GLD,0.00499425
2018-08-20,HYG,0.00046477
2018-08-20,SPY,0.00214002
2018-08-20,TLT,0.00669503
2018-08-20,UUP,-0.00235865
2018-08-21,EEM,0.01273578
2018-08-21,GLD,0.00292834
2018-08-21,HYG,0.00151089
2018-08-21,SPY,0.00234495
2018-08-21,TLT,-0.0033664
2018-08-21,UUP,-0.00591003
2018-08-22,EEM,0.007918
2018-08-22,GLD,0.002212
2018-08-22,HYG,0.00034754
2018-08-22,SPY,-0.00059318
2018-08-22,TLT,0.00395499
2018-08-22,UUP,-0.00277445
2018-08-23,EEM,-0.01617347
2018-08-23,GLD,-0.00944645
2018-08-23,HYG,-0.00011592
2018-08-23,SPY,-0.00132791
2018-08-23,TLT,0.00155882
2018-08-23,UUP,0.00635925
2018-08-24,EEM,0.01855306
2018-08-24,GLD,0.01746887
2018-08-24,HYG,0.00173979
2018-08-24,SPY,0.00601833
2018-08-24,TLT,0.00196668
2018-08-24,UUP,-0.0047393
2018-08-27,EEM,0.01429569
2018-08-27,GLD,0.00376658
2018-08-27,HYG,0.00034713
2018-08-27,SPY,0.00789517
2018-08-27,TLT,-0.00572422
2018-08-27,UUP,-0.00396832
2018-08-28,EEM,-0.00363729
2018-08-28,GLD,-0.00794132
2018-08-28,HYG,-0.00046298
2018-08-28,SPY,0.00048353
2018-08-28,TLT,-0.00600391
2018-08-28,UUP,0.0
2018-08-29,EEM,0.00616019
2018-08-29,GLD,0.00457421
2018-08-29,HYG,-0.00057908
2018-08-29,SPY,0.00538071
2018-08-29,TLT,0.00132349
2018-08-29,UUP,-0.0015937
2018-08-30,EEM,-0.02607724
2018-08-30,GLD,-0.00490366
2018-08-30,HYG,-0.00081057
2018-08-30,SPY,-0.00404861
2018-08-30,TLT,0.00214841
2018-08-30,UUP,0.00079826
2018-08-31,EEM,0.00512219
2018-08-31,GLD,-0.00114394
2018-08-31,HYG,0.00127445
2018-08-31,SPY,3.452e-05
2018-08-31,TLT,-0.00230869
2018-08-31,UUP,0.00438593
2018-09-04,EEM,-0.01945779
2018-09-04,GLD,-0.0051097
2018-09-04,HYG,-0.00208144
2018-09-04,SPY,-0.00172217
2018-09-04,TLT,-0.0057814
2018-09-04,UUP,0.00436687
2018-09-05,EEM,-0.01441047
2018-09-05,GLD,0.00345346
2018-09-05,HYG,-0.00104869
2018-09-05,SPY,-0.00269149
2018-09-05,TLT,-0.00266575
2018-09-05,UUP,-0.00355747
2018-09-06,EEM,0.00095863
2018-09-06,GLD,0.00194142
2018-09-06,HYG,0.00081671
2018-09-06,SPY,-0.00301001
2018-09-06,TLT,0.00367508
2018-09-06,UUP,0.0
2018-09-07,EEM,-0.0050288
2018-09-07,GLD,-0.00273029
2018-09-07,HYG,-0.00104866
2018-09-07,SPY,-0.00194324
2018-09-07,TLT,-0.00848873
2018-09-07,UUP,0.00277675
2018-09-10,EEM,-0.00986733
2018-09-10,GLD,-0.00070654
2018-09-10,HYG,0.0019837
2018-09-10,SPY,0.00173851
2018-09-10,TLT,0.00369305
2018-09-10,UUP,-0.00197783
2018-09-11,EEM,0.00218747
2018-09-11,GLD,0.00061865
2018-09-11,HYG,0.00023287
2018-09-11,SPY,0.00329708
2018-09-11,TLT,-0.00761049
2018-09-11,UUP,0.0007927
2018-09-12,EEM,0.00509333
2018-09-12,GLD,0.00839072
2018-09-12,HYG,0.00232803
2018-09-12,SPY,0.00024225
2018-09-12,TLT,0.00235958
2018-09-12,UUP,-0.00356433
2018-09-13,EEM,0.01351354
2018-09-13,GLD,-0.0035911
2018-09-13,HYG,0.00185889
2018-09-13,SPY,0.00591483
2018-09-13,TLT,0.00151341
2018-09-13,UUP,-0.00278226
2018-09-14,EEM,-0.00095257
2018-09-14,GLD,-0.00650497
2018-09-14,HYG,0.00092752
2018-09-14,SPY,0.00017216
2018-09-14,TLT,-0.00478522
2018-09-14,UUP,0.00358715
2018-09-17,EEM,-0.00905586
2018-09-17,GLD,0.00522035
2018-09-17,HYG,-0.00069503
2018-09-17,SPY,-0.00529464
2018-09-17,TLT,0.0
2018-09-17,UUP,-0.00476583
2018-09-18,EEM,0.00961982
2018-09-18,GLD,-0.00149633
2018-09-18,HYG,-0.000116
2018-09-18,SPY,0.00542637
2018-09-18,TLT,-0.01045976
2018-09-18,UUP,0.00159625
2018-09-19,EEM,0.0138159
2018-09-19,GLD,0.00387866
2018-09-19,HYG,-0.00185509
2018-09-19,SPY,0.00106521
2018-09-19,TLT,-0.00596717
2018-09-19,UUP,-0.0003984
2018-09-20,EEM,0.01104333
2018-09-20,GLD,0.00342465
2018-09-20,HYG,0.00139397
2018-09-20,SPY,0.00810397
2018-09-20,TLT,0.0046312
2018-09-20,UUP,-0.00717412
2018-09-21,EEM,0.0046481
2018-09-21,GLD,-0.00682593
2018-09-21,HYG,0.00023172
2018-09-21,SPY,-0.00091322
2018-09-21,TLT,-0.00042715
2018-09-21,UUP,0.00321154
2018-09-24,EEM,-0.0113349
2018-09-24,GLD,-0.0001762
2018-09-24,HYG,-0.00046347
2018-09-24,SPY,-0.00332249
2018-09-24,TLT,-0.00256182
2018-09-24,UUP,0.0
2018-09-25,EEM,0.00397785
2018-09-25,GLD,0.00158633
2018-09-25,HYG,-0.00081244
2018-09-25,SPY,-0.00092774
2018-09-25,TLT,-0.00102734
2018-09-25,UUP,0.00080041
2018-09-26,EEM,0.00209714
2018-09-26,GLD,-0.00527935
2018-09-26,HYG,0.0010452
2018-09-26,SPY,-0.00299215
2018-09-26,TLT,0.00702804
2018-09-26,UUP,0.00039984
2018-09-27,EEM,0.00488368
2018-09-27,GLD,-0.00884564
2018-09-27,HYG,0.00185609
2018-09-27,SPY,0.00279418
2018-09-27,TLT,0.0006807
2018-09-27,UUP,0.00719419
2018-09-28,EEM,-0.00671131
2018-09-28,GLD,0.00633645
2018-09-28,HYG,0.00069394
2018-09-28,SPY,0.00010366
2018-09-28,TLT,-0.00263608
2018-09-28,UUP,0.00238093
2018-10-01,EEM,0.00023298
2018-10-01,GLD,-0.00168502
2018-10-01,HYG,0.00289431
2018-10-01,SPY,0.00347367
2018-10-01,TLT,-0.00734187
2018-10-01,UUP,0.00158361
2018-10-02,EEM,-0.01257877
2018-10-02,GLD,0.0115484
2018-10-02,HYG,-0.00081165
2018-10-02,SPY,-0.0005826
2018-10-02,TLT,0.0061129
2018-10-02,UUP,0.00158102
2018-10-03,EEM,-0.00825652
2018-10-03,GLD,-0.00395192
2018-10-03,HYG,-0.00266689
2018-10-03,SPY,0.00054896
2018-10-03,TLT,-0.01737112
2018-10-03,UUP,0.00315695
2018-10-04,EEM,-0.024976
2018-10-04,GLD,0.00052905
2018-10-04,HYG,-0.00372106
2018-10-04,SPY,-0.00781614
2018-10-04,TLT,-0.00705362
2018-10-04,UUP,0.00039357
2018-10-05,EEM,-0.00365965
2018-10-05,GLD,0.00281988
2018-10-05,HYG,-0.00443518
2018-10-05,SPY,-0.00559679
2018-10-05,TLT,-0.00859548
2018-10-05,UUP,-0.00117988
2018-10-08,EEM,0.00146944
2018-10-08,GLD,-0.01107207
2018-10-08,HYG,-0.0022275
2018-10-08,SPY,0.0
2018-10-08,TLT,-0.0033616
2018-10-08,UUP,0.00118127
2018-10-09,EEM,-0.00366759
2018-10-09,GLD,0.00053312
2018-10-09,HYG,0.00152681
2018-10-09,SPY,-0.00145944
2018-10-09,TLT,0.01011924
2018-10-09,UUP,-0.00039341
2018-10-10,EEM,-0.02969335
2018-10-10,GLD,0.00248667
2018-10-10,HYG,-0.0071558
2018-10-10,SPY,-0.03166307
2018-10-10,TLT,-0.00272403
2018-10-10,UUP,-0.00118016
2018-10-11,EEM,-0.01011626
2018-10-11,GLD,0.02569101
2018-10-11,HYG,0.00082759
2018-10-11,SPY,-0.02202646
2018-10-11,TLT,0.01215965
2018-10-11,UUP,-0.00551394
2018-10-12,EEM,0.02938186
2018-10-12,GLD,-0.00475035
2018-10-12,HYG,0.0053123
2018-10-12,SPY,0.01388823
2018-10-12,TLT,-0.00348219
2018-10-12,UUP,0.00316829
2018-10-15,EEM,-0.01067298
2018-10-15,GLD,0.00668226
2018-10-15,HYG,-0.00070438
2018-10-15,SPY,-0.00561679
2018-10-15,TLT,-0.00043702
2018-10-15,UUP,-0.00236872
2018-10-16,EEM,0.02508785
2018-10-16,GLD,-0.00172411
2018-10-16,HYG,0.00340825
2018-10-16,SPY,0.02186566
2018-10-16,TLT,0.00227223
2018-10-16,UUP,0.00039572
2018-10-17,EEM,-0.01223698
2018-10-17,GLD,-8.637e-05
2018-10-17,HYG,-0.00199075
2018-10-17,SPY,0.00017862
2018-10-17,TLT,-0.00592973
2018-10-17,UUP,0.00514237
2018-10-18,EEM,-0.0262634
2018-10-18,GLD,0.0011227
2018-10-18,HYG,-0.00422492
2018-10-18,SPY,-0.01444139
2018-10-18,TLT,-0.00035061
2018-10-18,UUP,0.00432897
2018-10-19,EEM,0.00941424
2018-10-19,GLD,0.00077643
2018-10-19,HYG,0.00058925
2018-10-19,SPY,-0.00054236
2018-10-19,TLT,-0.00219401
2018-10-19,UUP,-0.00195923
2018-10-22,EEM,0.01083979
2018-10-22,GLD,-0.00258601
2018-10-22,HYG,0.00047094
2018-10-22,SPY,-0.00448877
2018-10-22,TLT,-0.00131905
2018-10-22,UUP,0.00353363
2018-10-23,EEM,-0.01097235
2018-10-23,GLD,0.00587676
2018-10-23,HYG,-0.00094248
2018-10-23,SPY,-0.00509082
2018-10-23,TLT,0.00317031
2018-10-23,UUP,-0.00156502
2018-10-24,EEM,-0.03227426
2018-10-24,GLD,0.00231982
2018-10-24,HYG,-0.00494872
2018-10-24,SPY,-0.03029856
2018-10-24,TLT,0.00754918
2018-10-24,UUP,0.0050941
2018-10-25,EEM,0.01928052
2018-10-25,GLD,-0.00222872
2018-10-25,HYG,0.00201312
2018-10-25,SPY,0.01794041
2018-10-25,TLT,-0.00418206
2018-10-25,UUP,0.00272894
2018-10-26,EEM,-0.01150295
2018-10-26,GLD,0.00317865
2018-10-26,HYG,-0.00449064
2018-10-26,SPY,-0.0175871
2018-10-26,TLT,0.00603666
2018-10-26,UUP,-0.00272151
2018-10-29,EEM,-0.01732598
2018-10-29,GLD,-0.00393936
2018-10-29,HYG,-0.00095007
2018-10-29,SPY,-0.00554051
2018-10-29,TLT,-0.00226113
2018-10-29,UUP,0.00272894
2018-10-30,EEM,0.01947363
2018-10-30,GLD,-0.00438479
2018-10-30,HYG,0.00237654
2018-10-30,SPY,0.01481854
2018-10-30,TLT,-0.00496804
2018-10-30,UUP,0.00427697
2018-10-31,EEM,0.01084165
2018-10-31,GLD,-0.00561314
2018-10-31,HYG,0.0
2018-10-31,SPY,0.01068098
2018-10-31,TLT,-0.00507999
2018-10-31,UUP,-0.00038714
2018-11-01,EEM,0.03575049
2018-11-01,GLD,0.01285276
2018-11-01,HYG,0.0045869
2018-11-01,SPY,0.01064189
2018-11-01,TLT,0.00092621
2018-11-01,UUP,-0.00658408
2018-11-02,EEM,0.00641006
2018-11-02,GLD,0.00017152
2018-11-02,HYG,-0.00059308
2018-11-02,SPY,-0.00592321
2018-11-02,TLT,-0.01243266
2018-11-02,UUP,0.00233925
2018-11-05,EEM,0.00269546
2018-11-05,GLD,-0.00240033
2018-11-05,HYG,0.0008305
2018-11-05,SPY,0.00551696
2018-11-05,TLT,0.00392842
2018-11-05,UUP,-0.00038886
2018-11-06,EEM,-0.00171074
2018-11-06,GLD,-0.0028358
2018-11-06,HYG,0.00260848
2018-11-06,SPY,0.00632812
2018-11-06,TLT,-0.00062225
2018-11-06,UUP,-0.00233479
2018-11-07,EEM,0.01884493
2018-11-07,GLD,-8.62e-05
2018-11-07,HYG,0.00579471
2018-11-07,SPY,0.02140884
2018-11-07,TLT,0.00133463
2018-11-07,UUP,-0.00195015
2018-11-08,EEM,-0.02594303
2018-11-08,GLD,-0.00215462
2018-11-08,HYG,-0.00246912
2018-11-08,SPY,-0.00181503
2018-11-08,TLT,-8.915e-05
2018-11-08,UUP,0.00586171
2018-11-09,EEM,-0.01849535
2018-11-09,GLD,-0.01122815
2018-11-09,HYG,-0.00565792
2018-11-09,SPY,-0.00976832
2018-11-09,TLT,0.00746607
2018-11-09,UUP,0.00194249
2018-11-12,EEM,-0.01407049
2018-11-12,GLD,-0.00716282
2018-11-12,HYG,-0.00616368
2018-11-12,SPY,-0.01868525
2018-11-12,TLT,0.0065285
2018-11-12,UUP,0.0089183
2018-11-13,EEM,0.01146789
2018-11-13,GLD,0.00035187
2018-11-13,HYG,-0.00167021
2018-11-13,SPY,-0.00187123
2018-11-13,TLT,-0.00061351
2018-11-13,UUP,-0.00345903
2018-11-14,EEM,0.00604679
2018-11-14,GLD,0.00826739
2018-11-14,HYG,-0.00191113
2018-11-14,SPY,-0.00683648
2018-11-14,TLT,0.00061388
2018-11-14,UUP,-0.00347077
2018-11-15,EEM,0.02228878
2018-11-15,GLD,0.00113396
2018-11-15,HYG,-0.00023942
2018-11-15,SPY,0.01043655
2018-11-15,TLT,-0.00043783
2018-11-15,UUP,0.00232196
2018-11-16,EEM,0.00196032
2018-11-16,GLD,0.00740617
2018-11-16,HYG,-0.00299316
2018-11-16,SPY,0.0026006
2018-11-16,TLT,0.00578718
2018-11-16,UUP,-0.00733585
2018-11-19,EEM,-0.0134478
2018-11-19,GLD,0.00043241
2018-11-19,HYG,-0.00312267
2018-11-19,SPY,-0.01691445
2018-11-19,TLT,0.00278995
2018-11-19,UUP,-0.00077799
2018-11-20,EEM,-0.02156114
2018-11-20,GLD,0.0
2018-11-20,HYG,-0.00313196
2018-11-20,SPY,-0.01850618
2018-11-20,TLT,0.00034784
2018-11-20,UUP,0.00506039
2018-11-21,EEM,0.01849016
2018-11-21,GLD,0.00164263
2018-11-21,HYG,0.00507557
2018-11-21,SPY,0.00340747
2018-11-21,TLT,-0.00034772
2018-11-21,UUP,0.0
2018-11-23,EEM,-0.01168851
2018-11-23,GLD,-0.00077683
2018-11-23,HYG,-0.00553076
2018-11-23,SPY,-0.00667874
2018-11-23,TLT,0.00104301
2018-11-23,UUP,0.00193647
2018-11-26,EEM,0.01233012
2018-11-26,GLD,-0.00112289
2018-11-26,HYG,0.00471487
2018-11-26,SPY,0.0161444
2018-11-26,TLT,-0.00225816
2018-11-26,UUP,0.0019329
2018-11-27,EEM,0.00696
2018-11-27,GLD,-0.00596681
2018-11-27,HYG,-0.00048081
2018-11-27,SPY,0.00336467
2018-11-27,TLT,0.00113193
2018-11-27,UUP,0.00270051
2018-11-28,EEM,0.02394477
2018-11-28,GLD,0.00374076
2018-11-28,HYG,0.00830674
2018-11-28,SPY,0.02302513
2018-11-28,TLT,-0.00486938
2018-11-28,UUP,-0.00500206
2018-11-29,EEM,-0.00867906
2018-11-29,GLD,0.00312013
2018-11-29,HYG,0.00023882
2018-11-29,SPY,-0.002185
2018-11-29,TLT,0.00393214
2018-11-29,UUP,-0.00154669
2018-11-30,EEM,-0.00097251
2018-11-30,GLD,-0.00172798
2018-11-30,HYG,-0.00202933
2018-11-30,SPY,0.00609528
2018-11-30,TLT,0.00374205
2018-11-30,UUP,0.00387311
2018-12-03,EEM,0.02020464
2018-12-03,GLD,0.00752988
2018-12-03,HYG,0.00692065
2018-12-03,SPY,0.01324125
2018-12-03,TLT,0.00710078
2018-12-03,UUP,0.00038554
2018-12-04,EEM,-0.02123642
2018-12-04,GLD,0.00609912
2018-12-04,HYG,-0.00620479
2018-12-04,SPY,-0.03240232
2018-12-04,TLT,0.0167411
2018-12-04,UUP,-0.00192817
2018-12-06,EEM,-0.0092636
2018-12-06,GLD,0.00017074
2018-12-06,HYG,-0.00348234
2018-12-06,SPY,-0.00151683
2018-12-06,TLT,0.00314052
2018-12-06,UUP,-0.0003864
2018-12-07,EEM,-0.01870078
2018-12-07,GLD,0.00810993
2018-12-07,HYG,-0.00192783
2018-12-07,SPY,-0.02323611
2018-12-07,TLT,0.00186163
2018-12-07,UUP,-0.00270591
2018-12-10,EEM,-0.01053173
2018-12-10,GLD,-0.00347189
2018-12-10,HYG,0.00072445
2018-12-10,SPY,0.00189688
2018-12-10,TLT,0.00413762
2018-12-10,UUP,0.00658919
2018-12-11,EEM,0.00760287
2018-12-11,GLD,-0.00118966
2018-12-11,HYG,0.00180949
2018-12-11,SPY,0.00022711
2018-12-11,TLT,-0.00016769
2018-12-11,UUP,0.00269549
2018-12-12,EEM,0.01634805
2018-12-12,GLD,0.00212694
2018-12-12,HYG,0.00325144
2018-12-12,SPY,0.00503563
2018-12-12,TLT,-0.00445881
2018-12-12,UUP,-0.00384022
2018-12-13,EEM,-0.00024746
2018-12-13,GLD,-0.00220734
2018-12-13,HYG,0.00240058
2018-12-13,SPY,-0.00033879
2018-12-13,TLT,-0.00236525
2018-12-13,UUP,0.0
2018-12-14,EEM,-0.01410905
2018-12-14,GLD,-0.00399899
2018-12-14,HYG,-0.00419074
2018-12-14,SPY,-0.01846498
2018-12-14,TLT,0.00347226
2018-12-14,UUP,0.00385502
2018-12-17,EEM,-0.00928954
2018-12-17,GLD,0.00691957
2018-12-17,HYG,-0.00649413
2018-12-17,SPY,-0.01961846
2018-12-17,TLT,0.0058238
2018-12-17,UUP,-0.00268824
2018-12-18,EEM,0.00679093
2018-12-18,GLD,0.00237549
2018-12-18,HYG,-0.00181133
2018-12-18,SPY,-0.0010967
2018-12-18,TLT,0.00598861
2018-12-18,UUP,-0.00038506
2018-12-19,EEM,-0.01660695
2018-12-19,GLD,-0.00609396
2018-12-19,HYG,-0.00901623
2018-12-19,SPY,-0.01497556
2018-12-19,TLT,0.01321079
2018-12-19,UUP,0.00038521
2018-12-20,EEM,0.00779421
2018-12-20,GLD,0.01541342
2018-12-20,HYG,-0.00872856
2018-12-20,SPY,-0.01627786
2018-12-20,TLT,-0.00363086
2018-12-20,UUP,-0.00770114
2018-12-21,EEM,-0.00696062
2018-12-21,GLD,-0.00436092
2018-12-21,HYG,-0.00496082
2018-12-21,SPY,-0.02048965
2018-12-21,TLT,-0.00016578
2018-12-21,UUP,0.00659686
2018-12-24,EEM,-0.00934584
2018-12-24,GLD,0.0109501
2018-12-24,HYG,-0.00747801
2018-12-24,SPY,-0.02642285
2018-12-24,TLT,0.00497043
2018-12-24,UUP,-0.00444216
2018-12-26,EEM,0.01991616
2018-12-26,GLD,-0.00299944
2018-12-26,HYG,0.01682748
2018-12-26,SPY,0.0505247
2018-12-26,TLT,-0.01071559
2018-12-26,UUP,0.00508812
2018-12-27,EEM,-0.00128474
2018-12-27,GLD,0.00760485
2018-12-27,HYG,-0.00061778
2018-12-27,SPY,0.00767746
2018-12-27,TLT,0.00016661
2018-12-27,UUP,-0.0042834
2018-12-28,EEM,0.00951897
2018-12-28,GLD,0.00406401
2018-12-28,HYG,0.00148264
2018-12-28,SPY,-0.00128994
2018-12-28,TLT,0.00841385
2018-12-28,UUP,-0.00273765
2018-12-31,EEM,-0.00458712
2018-12-31,GLD,0.00156949
2018-12-31,HYG,0.00074079
2018-12-31,SPY,0.0087587
2018-12-31,TLT,0.00379996
2018-12-31,UUP,-0.00196079
2019-01-02,EEM,0.00256027
2019-01-02,GLD,0.00065981
2019-01-02,HYG,-0.00135681
2019-01-02,SPY,0.00104038
2019-01-02,TLT,0.00526709
2019-01-02,UUP,0.00746558
2019-01-03,EEM,-0.01813105
2019-01-03,GLD,0.00906617
2019-01-03,HYG,0.00049436
2019-01-03,SPY,-0.0238628
2019-01-03,TLT,0.0113799
2019-01-03,UUP,-0.00546017
2019-01-04,EEM,0.03224964
2019-01-04,GLD,-0.00808624
2019-01-04,HYG,0.01678395
2019-01-04,SPY,0.03349573
2019-01-04,TLT,-0.01157519
2019-01-04,UUP,-0.00156874
2019-01-07,EEM,0.00226767
2019-01-07,GLD,0.00345848
2019-01-07,HYG,0.00970998
2019-01-07,SPY,0.00788475
2019-01-07,TLT,-0.00294825
2019-01-07,UUP,-0.00432033
2019-01-08,EEM,0.00377067
2019-01-08,GLD,-0.00270804
2019-01-08,HYG,0.00649126
2019-01-08,SPY,0.00939533
2019-01-08,TLT,-0.00262824
2019-01-08,UUP,0.00315587
2019-01-09,EEM,0.01778142
2019-01-09,GLD,0.00641816
2019-01-09,HYG,0.0011942
2019-01-09,SPY,0.00467335
2019-01-09,TLT,-0.00156527
2019-01-09,UUP,-0.00943773
2019-01-10,EEM,0.00713602
2019-01-10,GLD,-0.00588669
2019-01-10,HYG,0.0039365
2019-01-10,SPY,0.0035277
2019-01-10,TLT,-0.00643346
2019-01-10,UUP,0.00595468
2019-01-11,EEM,-0.0048866
2019-01-11,GLD,0.00172717
2019-01-11,HYG,-0.00320802
2019-01-11,SPY,0.00038613
2019-01-11,TLT,0.00390201
2019-01-11,UUP,0.00078932
2019-01-14,EEM,-0.00834768
2019-01-14,GLD,0.0023809
2019-01-14,HYG,-0.00321896
2019-01-14,SPY,-0.00610076
2019-01-14,TLT,-0.00372133
2019-01-14,UUP,0.0
2019-01-15,EEM,0.00693237
2019-01-15,GLD,-0.00172004
2019-01-15,HYG,0.00334888
2019-01-15,SPY,0.01146058
2019-01-15,TLT,-0.00365204
2019-01-15,UUP,0.00354884
2019-01-16,EEM,0.01229393
2019-01-16,GLD,0.00319986
2019-01-16,HYG,0.00154986
2019-01-16,SPY,0.00242004
2019-01-16,TLT,0.00099975
2019-01-16,UUP,0.00117873
2019-01-17,EEM,0.0043723
2019-01-17,GLD,-0.00130855
2019-01-17,HYG,0.0027363
2019-01-17,SPY,0.00758651
2019-01-17,TLT,0.00024991
2019-01-17,UUP,0.0
2019-01-18,EEM,0.00483664
2019-01-18,GLD,-0.00892641
2019-01-18,HYG,0.00284842
2019-01-18,SPY,0.01331009
2019-01-18,TLT,-0.00524195
2019-01-18,UUP,0.00313977
2019-01-22,EEM,-0.0173286
2019-01-22,GLD,0.00355313
2019-01-22,HYG,-0.00662686
2019-01-22,SPY,-0.01351028
2019-01-22,TLT,0.00677486
2019-01-22,UUP,0.0
2019-01-23,EEM,0.01028688
2019-01-23,GLD,-0.00139974
2019-01-23,HYG,0.00202528
2019-01-23,SPY,0.00209249
2019-01-23,TLT,-0.00041536
2019-01-23,UUP,-0.00234741
2019-01-24,EEM,0.00969672
2019-01-24,GLD,-0.00156664
2019-01-24,HYG,0.00107004
2019-01-24,SPY,0.00053107
2019-01-24,TLT,0.00656578
2019-01-24,UUP,0.00588229
2019-01-25,EEM,0.01320541
2019-01-25,GLD,0.01461726
2019-01-25,HYG,0.00249426
2019-01-25,SPY,0.0084618
2019-01-25,TLT,-0.00478923
2019-01-25,UUP,-0.00818707
2019-01-28,EEM,-0.01042677
2019-01-28,GLD,0.00349992
2019-01-28,HYG,-0.0015407
2019-01-28,SPY,-0.00760049
2019-01-28,TLT,-0.00099521
2019-01-28,UUP,0.00078604
2019-01-29,EEM,0.00167653
2019-01-29,GLD,0.00559658
2019-01-29,HYG,-0.0005929
2019-01-29,SPY,-0.00132673
2019-01-29,TLT,0.00506622
2019-01-29,UUP,0.00039285
2019-01-30,EEM,0.02175456
2019-01-30,GLD,0.00572672
2019-01-30,HYG,0.00795469
2019-01-30,SPY,0.01583046
2019-01-30,TLT,-0.000744
2019-01-30,UUP,-0.00510401
2019-01-31,EEM,0.00842317
2019-01-31,GLD,0.00048117
2019-01-31,HYG,0.00247315
2019-01-31,SPY,0.00878264
2019-01-31,TLT,0.00860032
2019-01-31,UUP,0.00197317
2019-02-01,EEM,-0.00788876
2019-02-01,GLD,-0.00200401
2019-02-01,HYG,-0.0004842
2019-02-01,SPY,0.0004815
2019-02-01,TLT,-0.00604
2019-02-01,UUP,0.0
2019-02-04,EEM,0.00163701
2019-02-04,GLD,-0.00433736
2019-02-04,HYG,0.00236181
2019-02-04,SPY,0.00703518
2019-02-04,TLT,-0.00446428
2019-02-04,UUP,0.00275688
2019-02-05,EEM,0.01377545
2019-02-05,GLD,0.00258148
2019-02-05,HYG,0.00353471
2019-02-05,SPY,0.00419208
2019-02-05,TLT,0.00456742
2019-02-05,UUP,0.00274957
2019-02-06,EEM,-0.01358826
2019-02-06,GLD,-0.0067589
2019-02-06,HYG,-0.00093915
2019-02-06,SPY,-0.00131829
2019-02-06,TLT,0.00049606
2019-02-06,UUP,0.00391689
2019-02-07,EEM,-0.01003949
2019-02-07,GLD,0.00243029
2019-02-07,HYG,-0.00340818
2019-02-07,SPY,-0.00953251
2019-02-07,TLT,0.00661004
2019-02-07,UUP,0.002341
2019-02-08,EEM,-0.00566083
2019-02-08,GLD,0.0037983
2019-02-08,HYG,-0.00023524
2019-02-08,SPY,0.00122133
2019-02-08,TLT,0.00426776
2019-02-08,UUP,0.00116763
2019-02-11,EEM,-0.0033204
2019-02-11,GLD,-0.00491104
2019-02-11,HYG,0.00047106
2019-02-11,SPY,0.00055463
2019-02-11,TLT,-0.00392294
2019-02-11,UUP,0.00388822
2019-02-12,EEM,0.00832918
2019-02-12,GLD,0.00210358
2019-02-12,HYG,0.00483297
2019-02-12,SPY,0.01285966
2019-02-12,TLT,-0.00254333
2019-02-12,UUP,-0.00348579
2019-02-13,EEM,-0.00708036
2019-02-13,GLD,-0.00395606
2019-02-13,HYG,-0.00140652
2019-02-13,SPY,0.00324687
2019-02-13,TLT,-0.00378446
2019-02-13,UUP,0.00544125
2019-02-14,EEM,0.00190167
2019-02-14,GLD,0.00559289
2019-02-14,HYG,0.00011695
2019-02-14,SPY,-0.00221857
2019-02-14,TLT,0.00569805
2019-02-14,UUP,-0.0011596
2019-02-15,EEM,-0.00142344
2019-02-15,GLD,0.0059649
2019-02-15,HYG,0.00317135
2019-02-15,SPY,0.01089754
2019-02-15,TLT,0.00155987
2019-02-15,UUP,-0.00193508
2019-02-19,EEM,0.00783992
2019-02-19,GLD,0.01522431
2019-02-19,HYG,0.00035166
2019-02-19,SPY,0.00173015
2019-02-19,TLT,0.00254143
2019-02-19,UUP,-0.00387749
2019-02-20,EEM,0.00565795
2019-02-20,GLD,-0.00173633
2019-02-20,HYG,0.0008192
2019-02-20,SPY,0.00201567
2019-02-20,TLT,-0.00286238
2019-02-20,UUP,0.00077857
2019-02-21,EEM,-0.00210969
2019-02-21,GLD,-0.01130614
2019-02-21,HYG,-0.00093604
2019-02-21,SPY,-0.00355559
2019-02-21,TLT,-0.00893872
2019-02-21,UUP,0.00077779
2019-02-22,EEM,0.011041
2019-02-22,GLD,0.00359854
2019-02-22,HYG,0.00199038
2019-02-22,SPY,0.00619992
2019-02-22,TLT,0.0059576
2019-02-22,UUP,-0.00038872
2019-02-25,EEM,0.01115236
2019-02-25,GLD,-0.00103583
2019-02-25,HYG,0.0008176
2019-02-25,SPY,0.00136089
2019-02-25,TLT,-0.00296136
2019-02-25,UUP,-0.0007774
2019-02-26,EEM,-0.00344694
2019-02-26,GLD,0.00167503
2019-02-26,HYG,0.00128442
2019-02-26,SPY,-0.000715
2019-02-26,TLT,0.00495023
2019-02-26,UUP,-0.00389116
2019-02-27,EEM,-0.00853129
2019-02-27,GLD,-0.00708711
2019-02-27,HYG,0.00035008
2019-02-27,SPY,-0.00042993
2019-02-27,TLT,-0.01132874
2019-02-27,UUP,0.00078131
2019-02-28,EEM,-0.01302307
2019-02-28,GLD,-0.00561396
2019-02-28,HYG,-0.00058301
2019-02-28,SPY,-0.00186255
2019-02-28,TLT,-0.00340464
2019-02-28,UUP,0.00078061
2019-03-01,EEM,0.00117818
2019-03-01,GLD,-0.01701751
2019-03-01,HYG,0.00283472
2019-03-01,SPY,0.00624375
2019-03-01,TLT,-0.00924309
2019-03-01,UUP,0.00390017
2019-03-04,EEM,0.00141184
2019-03-04,GLD,-0.00262553
2019-03-04,HYG,-0.00151846
2019-03-04,SPY,-0.00363749
2019-03-04,TLT,0.00783782
2019-03-04,UUP,0.00116554
2019-03-05,EEM,0.00987084
2019-03-05,GLD,0.00131625
2019-03-05,HYG,-0.00046758
2019-03-05,SPY,-0.00135993
2019-03-05,TLT,0.00209042
2019-03-05,UUP,0.0027164
2019-03-06,EEM,-0.005585
2019-03-06,GLD,-0.00090372
2019-03-06,HYG,-0.00163902
2019-03-06,SPY,-0.00605682
2019-03-06,TLT,0.00367116
2019-03-06,UUP,0.0
2019-03-07,EEM,-0.01848864
2019-03-07,GLD,-0.00082229
2019-03-07,HYG,-0.00070383
2019-03-07,SPY,-0.00836535
2019-03-07,TLT,0.00648512
2019-03-07,UUP,0.00890074
2019-03-08,EEM,-0.00715284
2019-03-08,GLD,0.01094555
2019-03-08,HYG,-0.00164172
2019-03-08,SPY,-0.00200011
2019-03-08,TLT,0.00421258
2019-03-08,UUP,-0.00306854
2019-03-11,EEM,0.01873159
2019-03-11,GLD,-0.00488439
2019-03-11,HYG,0.00329012
2019-03-11,SPY,0.01450138
2019-03-11,TLT,-0.00296132
2019-03-11,UUP,-0.00230866
2019-03-12,EEM,0.00518667
2019-03-12,GLD,0.00605371
2019-03-12,HYG,0.00175712
2019-03-12,SPY,0.00377076
2019-03-12,TLT,0.00701275
2019-03-12,UUP,-0.00192819
2019-03-13,EEM,0.00117266
2019-03-13,GLD,0.00699295
2019-03-13,HYG,0.00268866
2019-03-13,SPY,0.00661941
2019-03-13,TLT,-0.00188399
2019-03-13,UUP,-0.00463686
2019-03-14,EEM,-0.00538791
2019-03-14,GLD,-0.0115471
2019-03-14,HYG,-0.00069965
2019-03-14,SPY,-0.00064011
2019-03-14,TLT,-0.00722294
2019-03-14,UUP,0.00310573
2019-03-15,EEM,0.01460207
2019-03-15,GLD,0.00457477
2019-03-15,HYG,0.00093357
2019-03-15,SPY,0.00494095
2019-03-15,TLT,0.00661389
2019-03-15,UUP,-0.0015481
2019-03-18,EEM,0.01114211
2019-03-18,GLD,0.00056924
2019-03-18,HYG,-0.00034975
2019-03-18,SPY,0.00362551
2019-03-18,TLT,-0.0005749
2019-03-18,UUP,-0.00116274
2019-03-19,EEM,0.00045926
2019-03-19,GLD,0.0027633
2019-03-19,HYG,0.00058342
2019-03-19,SPY,0.00024789
2019-03-19,TLT,-0.00221908
2019-03-19,UUP,-0.00116418
2019-03-20,EEM,0.00160631
2019-03-20,GLD,0.00648406
2019-03-20,HYG,0.00431167
2019-03-20,SPY,-0.00300958
2019-03-20,TLT,0.01046058
2019-03-20,UUP,-0.00582753
2019-03-21,EEM,0.00137442
2019-03-21,GLD,-0.00402641
2019-03-21,HYG,-0.00023189
2019-03-21,SPY,0.01129475
2019-03-21,TLT,0.00220099
2019-03-21,UUP,0.00625254
2019-03-22,EEM,-0.02928392
2019-03-22,GLD,0.00234477
2019-03-22,HYG,-0.00359827
2019-03-22,SPY,-0.01924661
2019-03-22,TLT,0.01553457
2019-03-22,UUP,0.00194167
2019-03-25,EEM,0.00235671
2019-03-25,GLD,0.00766312
2019-03-25,HYG,-0.00034943
2019-03-25,SPY,-0.00075206
2019-03-25,TLT,0.00160175
2019-03-25,UUP,0.0
2019-03-26,EEM,0.00305658
2019-03-26,GLD,-0.00496314
2019-03-26,HYG,0.00244709
2019-03-26,SPY,0.00745417
2019-03-26,TLT,-0.00071957
2019-03-26,UUP,0.00310082
2019-03-27,EEM,-0.01078276
2019-03-27,GLD,-0.0052293
2019-03-27,HYG,0.00069827
2019-03-27,SPY,-0.00522889
2019-03-27,TLT,0.00920227
2019-03-27,UUP,0.00115915
2019-03-28,EEM,0.00663503
2019-03-28,GLD,-0.01415285
2019-03-28,HYG,0.00197429
2019-03-28,SPY,0.00379003
2019-03-28,TLT,0.00348866
2019-03-28,UUP,0.0034736
2019-03-29,EEM,0.01035772
2019-03-29,GLD,0.00090238
2019-03-29,HYG,0.00255084
2019-03-29,SPY,0.00630568
2019-03-29,TLT,-0.00094804
2019-03-29,UUP,0.0011538
2019-04-01,EEM,0.01654269
2019-04-01,GLD,-0.00393413
2019-04-01,HYG,-0.00024385
2019-04-01,SPY,0.01185946
2019-04-01,TLT,-0.01420427
2019-04-01,UUP,-0.00076831
2019-04-02,EEM,-0.00320883
2019-04-02,GLD,0.00370283
2019-04-02,HYG,0.00046453
2019-04-02,SPY,0.00048923
2019-04-02,TLT,0.0018496
2019-04-02,UUP,0.00115344
2019-04-03,EEM,0.00689791
2019-04-03,GLD,-0.00147565
2019-04-03,HYG,0.00034873
2019-04-03,SPY,0.00157402
2019-04-03,TLT,-0.00866767
2019-04-03,UUP,-0.00153612
2019-04-04,EEM,0.00616585
2019-04-04,GLD,0.00254514
2019-04-04,HYG,0.00150892
2019-04-04,SPY,0.00265356
2019-04-04,TLT,0.00283357
2019-04-04,UUP,0.0011538
2019-04-05,EEM,0.00771667
2019-04-05,GLD,-0.00106459
2019-04-05,HYG,0.00185466
2019-04-05,SPY,0.00484017
2019-04-05,TLT,0.00129171
2019-04-05,UUP,0.00115264
2019-04-08,EEM,0.0
2019-04-08,GLD,0.00434496
2019-04-08,HYG,-0.00057887
2019-04-08,SPY,0.00076234
2019-04-08,TLT,-0.00354771
2019-04-08,UUP,-0.00345369
2019-04-09,EEM,-0.00202691
2019-04-09,GLD,0.00522406
2019-04-09,HYG,-0.00069449
2019-04-09,SPY,-0.00512504
2019-04-09,TLT,0.00315553
2019-04-09,UUP,0.00038513
2019-04-10,EEM,0.00473954
2019-04-10,GLD,0.00308565
2019-04-10,HYG,0.00440261
2019-04-10,SPY,0.0034115
2019-04-10,TLT,0.00241966
2019-04-10,UUP,-0.00153967
2019-04-11,EEM,-0.01078192
2019-04-11,GLD,-0.01279043
2019-04-11,HYG,0.00149943
2019-04-11,SPY,-0.00027778
2019-04-11,TLT,-0.00587383
2019-04-11,UUP,0.00308409
2019-04-12,EEM,0.00726622
2019-04-12,GLD,-0.00098397
2019-04-12,HYG,0.00149647
2019-04-12,SPY,0.00676601
2019-04-12,TLT,-0.0071223
2019-04-12,UUP,-0.00230591
2019-04-15,EEM,-0.00518466
2019-04-15,GLD,-0.0018879
2019-04-15,HYG,-0.0006896
2019-04-15,SPY,-0.00065513
2019-04-15,TLT,0.00252698
2019-04-15,UUP,-0.00038528
2019-04-16,EEM,0.00747751
2019-04-16,GLD,-0.00896379
2019-04-16,HYG,-0.00057534
2019-04-16,SPY,0.00065556
2019-04-16,TLT,-0.00626101
2019-04-16,UUP,0.00231213
2019-04-17,EEM,0.002924
2019-04-17,GLD,-0.00190858
2019-04-17,HYG,-0.00241736
2019-04-17,SPY,-0.00244698
2019-04-17,TLT,0.00040916
2019-04-17,UUP,-0.0007689
2019-04-18,EEM,-0.00067262
2019-04-18,GLD,0.00074829
2019-04-18,HYG,0.00046141
2019-04-18,SPY,0.00196869
2019-04-18,TLT,0.00523472
2019-04-18,UUP,0.00538664
2019-04-22,EEM,-0.00650825
2019-04-22,GLD,0.0
2019-04-22,HYG,-0.00173054
2019-04-22,SPY,0.00086254
2019-04-22,TLT,-0.00480068
2019-04-22,UUP,-0.00229629
2019-04-23,EEM,0.00225917
2019-04-23,GLD,-0.00207693
2019-04-23,HYG,0.00346702
2019-04-23,SPY,0.00899138
2019-04-23,TLT,0.00212583
2019-04-23,UUP,0.00345236
2019-04-24,EEM,-0.01352302
2019-04-24,GLD,0.00291374
2019-04-24,HYG,-0.0013823
2019-04-24,SPY,-0.00221941
2019-04-24,TLT,0.00815871
2019-04-24,UUP,0.00496939
2019-04-25,EEM,-0.00137055
2019-04-25,GLD,0.00083007
2019-04-25,HYG,0.00046182
2019-04-25,SPY,-0.00061589
2019-04-25,TLT,-0.00145731
2019-04-25,UUP,0.00190187
2019-04-26,EEM,0.00388933
2019-04-26,GLD,0.00663518
2019-04-26,HYG,0.00253547
2019-04-26,SPY,0.00465687
2019-04-26,TLT,0.00340403
2019-04-26,UUP,-0.00113899
2019-04-29,EEM,0.00205113
2019-04-29,GLD,-0.00444921
2019-04-29,HYG,-0.00045972
2019-04-29,SPY,0.00156776
2019-04-29,TLT,-0.00638095
2019-04-29,UUP,-0.00228049
2019-04-30,EEM,-0.00091006
2019-04-30,GLD,0.00306211
2019-04-30,HYG,0.00011462
2019-04-30,SPY,0.00051038
2019-04-30,TLT,0.00512168
2019-04-30,UUP,-0.00304767
2019-05-01,EEM,-0.00751165
2019-05-01,GLD,-0.00660062
2019-05-01,HYG,-0.00328003
2019-05-01,SPY,-0.00751624
2019-05-01,TLT,0.00412513
2019-05-01,UUP,0.00114648
2019-05-02,EEM,0.00229336
2019-05-02,GLD,-0.00382059
2019-05-02,HYG,0.00069551
2019-05-02,SPY,-0.00215929
2019-05-02,TLT,-0.00476239
2019-05-02,UUP,0.00229007
2019-05-03,EEM,0.0118992
2019-05-03,GLD,0.00591962
2019-05-03,HYG,0.00254746
2019-05-03,SPY,0.00978789
2019-05-03,TLT,0.00283846
2019-05-03,UUP,-0.00380809
2019-05-06,EEM,-0.02057898
2019-05-06,GLD,0.00132612
2019-05-06,HYG,0.00046233
2019-05-06,SPY,-0.00411529
2019-05-06,TLT,0.00274939
2019-05-06,UUP,0.00076458
2019-05-07,EEM,-0.01962585
2019-05-07,GLD,0.003311
2019-05-07,HYG,-0.00600418
2019-05-07,SPY,-0.01669942
2019-05-07,TLT,0.00766151
2019-05-07,UUP,0.00076391
2019-05-08,EEM,-0.00141284
2019-05-08,GLD,-0.00247501
2019-05-08,HYG,0.00034873
2019-05-08,SPY,-0.00138936
2019-05-08,TLT,-0.00432189
2019-05-08,UUP,0.00038149
2019-05-09,EEM,-0.01580223
2019-05-09,GLD,0.00239842
2019-05-09,HYG,-0.00150963
2019-05-09,SPY,-0.00302569
2019-05-09,TLT,0.00409968
2019-05-09,UUP,-0.00190751
2019-05-10,EEM,0.00599104
2019-05-10,GLD,0.00189772
2019-05-10,HYG,0.00279128
2019-05-10,SPY,0.00502355
2019-05-10,TLT,-0.00136106
2019-05-10,UUP,-0.00038233
2019-05-13,EEM,-0.03334913
2019-05-13,GLD,0.01021163
2019-05-13,HYG,-0.00916151
2019-05-13,SPY,-0.02513019
2019-05-13,TLT,0.00785576
2019-05-13,UUP,0.0
2019-05-14,EEM,0.01404603
2019-05-14,GLD,-0.0017119
2019-05-14,HYG,0.00222335
2019-05-14,SPY,0.0090435
2019-05-14,TLT,-0.00294309
2019-05-14,UUP,0.00229436
2019-05-15,EEM,0.0019443
2019-05-15,GLD,-0.00057161
2019-05-15,HYG,0.00093414
2019-05-15,SPY,0.00585735
2019-05-15,TLT,0.00614262
2019-05-15,UUP,0.0003816
2019-05-16,EEM,-0.0048505
2019-05-16,GLD,-0.00719011
2019-05-16,HYG,0.00303371
2019-05-16,SPY,0.00926112
2019-05-16,TLT,-0.00333027
2019-05-16,UUP,0.00266978
2019-05-17,EEM,-0.01803557
2019-05-17,GLD,-0.00707761
2019-05-17,HYG,-0.00034895
2019-05-17,SPY,-0.00646474
2019-05-17,TLT,0.00222752
2019-05-17,UUP,0.00228214
2019-05-20,EEM,-0.0042197
2019-05-20,GLD,-8.29e-05
2019-05-20,HYG,-0.0009311
2019-05-20,SPY,-0.00661204
2019-05-20,TLT,-0.00206349
2019-05-20,UUP,-0.0007589
2019-05-21,EEM,0.01271184
2019-05-21,GLD,-0.00232094
2019-05-21,HYG,0.00314483
2019-05-21,SPY,0.00901529
2019-05-21,TLT,-0.0015908
2019-05-21,UUP,0.0015192
2019-05-22,EEM,-0.00492246
2019-05-22,GLD,-0.00099703
2019-05-22,HYG,0.00081259
2019-05-22,SPY,-0.0030714
2019-05-22,TLT,0.00573574
2019-05-22,UUP,0.00075832
2019-05-23,EEM,-0.01286195
2019-05-23,GLD,0.00773453
2019-05-23,HYG,-0.00498835
2019-05-23,SPY,-0.01221842
2019-05-23,TLT,0.01124753
2019-05-23,UUP,-0.00189458
2019-05-24,EEM,0.00100252
2019-05-24,GLD,0.00107291
2019-05-24,HYG,-0.00139919
2019-05-24,SPY,0.00226842
2019-05-24,TLT,0.00086181
2019-05-24,UUP,-0.00341689
2019-05-28,EEM,0.00350419
2019-05-28,GLD,-0.0038747
2019-05-28,HYG,-0.00093346
2019-05-28,SPY,-0.00930057
2019-05-28,TLT,0.00719935
2019-05-28,UUP,0.00419056
2019-05-29,EEM,0.00648546
2019-05-29,GLD,0.00033105
2019-05-29,HYG,-0.00268836
2019-05-29,SPY,-0.00671085
2019-05-29,TLT,0.00303054
2019-05-29,UUP,0.00227608
2019-05-30,EEM,0.00545219
2019-05-30,GLD,0.00678415
2019-05-30,HYG,0.00210935
2019-05-30,SPY,0.00273097
2019-05-30,TLT,0.00859872
2019-05-30,UUP,0.00037857
2019-05-31,EEM,0.00345119
2019-05-31,GLD,0.01347686
2019-05-31,HYG,-0.00724995
2019-05-31,SPY,-0.01347527
2019-05-31,TLT,0.01251888
2019-05-31,UUP,-0.00416194
2019-06-03,EEM,0.00908873
2019-06-03,GLD,0.01443281
2019-06-03,HYG,0.00160944
2019-06-03,SPY,-0.00254285
2019-06-03,TLT,0.00668926
2019-06-03,UUP,-0.0053191
2019-06-04,EEM,0.0021905
2019-06-04,GLD,0.00031973
2019-06-04,HYG,0.01004114
2019-06-04,SPY,0.02170687
2019-06-04,TLT,-0.01140121
2019-06-04,UUP,-0.00114604
2019-06-05,EEM,-0.00801545
2019-06-05,GLD,0.00255693
2019-06-05,HYG,0.00233896
2019-06-05,SPY,0.00866199
2019-06-05,TLT,-0.00565228
2019-06-05,UUP,0.00344172
2019-06-06,EEM,0.00048974
2019-06-06,GLD,0.00326768
2019-06-06,HYG,0.00210089
2019-06-06,SPY,0.00650288
2019-06-06,TLT,0.00322622
2019-06-06,UUP,-0.00342991
2019-06-07,EEM,0.00783173
2019-06-07,GLD,0.00564029
2019-06-07,HYG,0.00256166
2019-06-07,SPY,0.01000692
2019-06-07,TLT,0.00865139
2019-06-07,UUP,-0.00420642
2019-06-10,EEM,0.01044186
2019-06-10,GLD,-0.00995335
2019-06-10,HYG,0.00150994
2019-06-10,SPY,0.00458902
2019-06-10,TLT,-0.00941196
2019-06-10,UUP,0.00115194
2019-06-11,EEM,0.01129562
2019-06-11,GLD,-0.00119685
2019-06-11,HYG,0.00139155
2019-06-11,SPY,-0.00024249
2019-06-11,TLT,0.00061287
2019-06-11,UUP,0.00038365
2019-06-12,EEM,-0.01069415
2019-06-12,GLD,0.00519253
2019-06-12,HYG,-0.0023162
2019-06-12,SPY,-0.00176537
2019-06-12,TLT,0.00076589
2019-06-12,UUP,0.00268403
2019-06-13,EEM,-0.00168133
2019-06-13,GLD,0.00611934
2019-06-13,HYG,0.00232158
2019-06-13,SPY,0.00412635
2019-06-13,TLT,0.00344364
2019-06-13,UUP,0.00076479
2019-06-14,EEM,-0.01106848
2019-06-14,GLD,-0.00031596
2019-06-14,HYG,-0.0006952
2019-06-14,SPY,-0.00110478
2019-06-14,TLT,0.00251647
2019-06-14,UUP,0.00534968
2019-06-17,EEM,0.00394706
2019-06-17,GLD,-0.00063207
2019-06-17,HYG,-0.00150668
2019-06-17,SPY,0.00038008
2019-06-17,TLT,0.00174982
2019-06-17,UUP,0.00038015
2019-06-18,EEM,0.02417565
2019-06-18,GLD,0.00506008
2019-06-18,HYG,0.00696419
2019-06-18,SPY,0.01047133
2019-06-18,TLT,0.00501132
2019-06-18,UUP,0.00151978
2019-06-19,EEM,0.00834559
2019-06-19,GLD,0.00605724
2019-06-19,HYG,0.00472552
2019-06-19,SPY,0.00225718
2019-06-19,TLT,0.00143566
2019-06-19,UUP,-0.00455242
2019-06-20,EEM,0.01466056
2019-06-20,GLD,0.0251779
2019-06-20,HYG,0.00504737
2019-06-20,SPY,0.0095542
2019-06-20,TLT,0.00264068
2019-06-20,UUP,-0.00609757
2019-06-21,EEM,-0.00326269
2019-06-21,GLD,0.00663561
2019-06-21,HYG,-0.0031955
2019-06-21,SPY,-0.00145362
2019-06-21,TLT,-0.01098617
2019-06-21,UUP,-0.00498463
2019-06-24,EEM,-0.00140296
2019-06-24,GLD,0.01485079
2019-06-24,HYG,-0.00011433
2019-06-24,SPY,-0.00122454
2019-06-24,TLT,0.00745594
2019-06-24,UUP,-0.00154145
2019-06-25,EEM,-0.01030191
2019-06-25,GLD,0.00194113
2019-06-25,HYG,-0.0042383
2019-06-25,SPY,-0.00980777
2019-06-25,TLT,0.00309646
2019-06-25,UUP,0.0023157
2019-06-26,EEM,0.00946298
2019-06-26,GLD,-0.00916539
2019-06-26,HYG,-0.00045938
2019-06-26,SPY,-0.00099743
2019-06-26,TLT,-0.00639898
2019-06-26,UUP,0.00077018
2019-06-27,EEM,0.00703073
2019-06-27,GLD,-0.0009777
2019-06-27,HYG,0.00276113
2019-06-27,SPY,0.00354586
2019-06-27,TLT,0.00704637
2019-06-27,UUP,0.0
2019-06-28,EEM,-0.00139633
2019-06-28,GLD,0.00271003
2019-06-28,HYG,0.0003448
2019-06-28,SPY,0.00514592
2019-06-28,TLT,-0.00067712
2019-06-28,UUP,-0.00076958
2019-07-01,EEM,0.01188534
2019-07-01,GLD,-0.01936938
2019-07-01,HYG,0.00029927
2019-07-01,SPY,0.00907832
2019-07-01,TLT,-0.00233889
2019-07-01,UUP,0.00731618
2019-07-02,EEM,-0.00253349
2019-07-02,GLD,0.02135974
2019-07-02,HYG,0.00218836
2019-07-02,SPY,0.0026046
2019-07-02,TLT,0.00771315
2019-07-02,UUP,-0.00076458
2019-07-03,EEM,-0.00184698
2019-07-03,GLD,0.00164906
2019-07-03,HYG,0.00379305
2019-07-03,SPY,0.00799469
2019-07-03,TLT,0.00712938
2019-07-03,UUP,0.0
2019-07-05,EEM,-0.00693945
2019-07-05,GLD,-0.01115023
2019-07-05,HYG,-0.00400698
2019-07-05,SPY,-0.00113797
2019-07-05,TLT,-0.01326338
2019-07-05,UUP,0.00535582
2019-07-08,EEM,-0.00605664
2019-07-08,GLD,-0.00643262
2019-07-08,HYG,-0.0019549
2019-07-08,SPY,-0.00549446
2019-07-08,TLT,0.00135947
2019-07-08,UUP,0.0019026
2019-07-09,EEM,-0.00304667
2019-07-09,GLD,0.00350375
2019-07-09,HYG,-0.00115133
2019-07-09,SPY,0.00124624
2019-07-09,TLT,-0.00037699
2019-07-09,UUP,0.00075947
2019-07-10,EEM,0.00846287
2019-07-10,GLD,0.01578749
2019-07-10,HYG,0.00276763
2019-07-10,SPY,0.00477821
2019-07-10,TLT,-0.00550677
2019-07-10,UUP,-0.00417449
2019-07-11,EEM,-0.00186516
2019-07-11,GLD,-0.00844358
2019-07-11,HYG,-0.00195545
2019-07-11,SPY,0.00234421
2019-07-11,TLT,-0.0133504
2019-07-11,UUP,0.0
2019-07-12,EEM,0.00070066
2019-07-12,GLD,0.00625472
2019-07-12,HYG,0.00161296
2019-07-12,SPY,0.00447709
2019-07-12,TLT,0.00115334
2019-07-12,UUP,-0.00190541
2019-07-15,EEM,0.00373415
2019-07-15,GLD,0.0
2019-07-15,HYG,0.00069093
2019-07-15,SPY,0.00033258
2019-07-15,TLT,0.00575938
2019-07-15,UUP,0.00152724
2019-07-16,EEM,-0.00139493
2019-07-16,GLD,-0.00846255
2019-07-16,HYG,-0.00206936
2019-07-16,SPY,-0.00322524
2019-07-16,TLT,-0.00297766
2019-07-16,UUP,0.00457481
2019-07-17,EEM,-0.00302712
2019-07-17,GLD,0.01646532
2019-07-17,HYG,-0.00126739
2019-07-17,SPY,-0.00680513
2019-07-17,TLT,0.01079739
2019-07-17,UUP,-0.00189746
2019-07-18,EEM,0.00607209
2019-07-18,GLD,0.01411795
2019-07-18,HYG,0.00046145
2019-07-18,SPY,0.00366094
2019-07-18,TLT,7.605e-05
2019-07-18,UUP,-0.00532315
2019-07-19,EEM,-0.00510687
2019-07-19,GLD,-0.01472739
2019-07-19,HYG,-0.00173004
2019-07-19,SPY,-0.00555478
2019-07-19,TLT,-0.00234842
2019-07-19,UUP,0.00496939
2019-07-22,EEM,0.00023334
2019-07-22,GLD,-0.00014876
2019-07-22,HYG,0.00334928
2019-07-22,SPY,0.00245614
2019-07-22,TLT,0.00189825
2019-07-22,UUP,0.00190187
2019-07-23,EEM,0.00116651
2019-07-23,GLD,-0.00565262
2019-07-23,HYG,0.00172693
2019-07-23,SPY,0.00715029
2019-07-23,TLT,-0.00545707
2019-07-23,UUP,0.00455579
2019-07-24,EEM,0.00163076
2019-07-24,GLD,0.00508634
2019-07-24,HYG,0.00080435
2019-07-24,SPY,0.00469978
2019-07-24,TLT,0.00434378
2019-07-24,UUP,0.0
2019-07-25,EEM,-0.00883913
2019-07-25,GLD,-0.00707001
2019-07-25,HYG,-0.00137781
2019-07-25,SPY,-0.00477716
2019-07-25,TLT,-0.00477999
2019-07-25,UUP,0.00188974
2019-07-26,EEM,0.00211214
2019-07-26,GLD,0.00164894
2019-07-26,HYG,0.00218427
2019-07-26,SPY,0.00669996
2019-07-26,TLT,0.00236324
2019-07-26,UUP,0.0015088
2019-07-29,EEM,-0.00187358
2019-07-29,GLD,0.00665968
2019-07-29,HYG,-0.00149138
2019-07-29,SPY,-0.00182147
2019-07-29,TLT,0.00030419
2019-07-29,UUP,0.00075327
2019-07-30,EEM,-0.00774272
2019-07-30,GLD,0.00334496
2019-07-30,HYG,0.00045965
2019-07-30,SPY,-0.00245457
2019-07-30,TLT,0.0024335
2019-07-30,UUP,0.0
2019-07-31,EEM,-0.01229606
2019-07-31,GLD,-0.01311297
2019-07-31,HYG,-0.00172264
2019-07-31,SPY,-0.01094024
2019-07-31,TLT,0.00804057
2019-07-31,UUP,0.00602184
2019-08-01,EEM,-0.01963146
2019-08-01,GLD,0.0240222
2019-08-01,HYG,-0.00049684
2019-08-01,SPY,-0.00870785
2019-08-01,TLT,0.01986031
2019-08-01,UUP,-0.00299285
2019-08-02,EEM,-0.0097679
2019-08-02,GLD,-0.00381207
2019-08-02,HYG,-0.00150181
2019-08-02,SPY,-0.00752973
2019-08-02,TLT,0.00924179
2019-08-02,UUP,-0.0022514
2019-08-05,EEM,-0.03699119
2019-08-05,GLD,0.01398185
2019-08-05,HYG,-0.01041817
2019-08-05,SPY,-0.03007272
2019-08-05,TLT,0.01728771
2019-08-05,UUP,-0.00488911
2019-08-06,EEM,0.01434045
2019-08-06,GLD,0.00812839
2019-08-06,HYG,0.00643304
2019-08-06,SPY,0.01402264
2019-08-06,TLT,0.00799299
2019-08-06,UUP,0.00113383
2019-08-07,EEM,0.0045441
2019-08-07,GLD,0.0151897
2019-08-07,HYG,-0.00011608
2019-08-07,SPY,0.00059067
2019-08-07,TLT,0.00035731
2019-08-07,UUP,-0.00075497
2019-08-08,EEM,0.01231483
2019-08-08,GLD,0.00503469
2019-08-08,HYG,0.00395275
2019-08-08,SPY,0.01962006
2019-08-08,TLT,0.00214301
2019-08-08,UUP,0.00075554
2019-08-09,EEM,-0.01017866
2019-08-09,GLD,-0.00331617
2019-08-09,HYG,-0.00138975
2019-08-09,SPY,-0.0068115
2019-08-09,TLT,-0.00199551
2019-08-09,UUP,-0.00113254
2019-08-12,EEM,-0.01203917
2019-08-12,GLD,0.0096985
2019-08-12,HYG,-0.00347843
2019-08-12,SPY,-0.01217328
2019-08-12,TLT,0.0208498
2019-08-12,UUP,-0.00075583
2019-08-13,EEM,0.01269366
2019-08-13,GLD,-0.00595952
2019-08-13,HYG,0.00442157
2019-08-13,SPY,0.01555147
2019-08-13,TLT,-0.00342787
2019-08-13,UUP,0.00453848
2019-08-14,EEM,-0.02882963
2019-08-14,GLD,0.00684159
2019-08-14,HYG,-0.00891965
2019-08-14,SPY,-0.02956752
2019-08-14,TLT,0.02252966
2019-08-14,UUP,0.00225911
2019-08-15,EEM,0.00671159
2019-08-15,GLD,0.00665497
2019-08-15,HYG,0.00292209
2019-08-15,SPY,0.00264178
2019-08-15,TLT,0.01111939
2019-08-15,UUP,0.00075128
2019-08-16,EEM,0.01384621
2019-08-16,GLD,-0.00640221
2019-08-16,HYG,0.00337948
2019-08-16,SPY,0.01475508
2019-08-16,TLT,-0.00801014
2019-08-16,UUP,0.00075072
2019-08-19,EEM,0.00404629
2019-08-19,GLD,-0.0116963
2019-08-19,HYG,0.0029035
2019-08-19,SPY,0.01204743
2019-08-19,TLT,-0.01430221
2019-08-19,UUP,0.00225064
2019-08-20,EEM,0.00201516
2019-08-20,GLD,0.00779538
2019-08-20,HYG,0.00081083
2019-08-20,SPY,-0.00766231
2019-08-20,TLT,0.01034442
2019-08-20,UUP,-0.00224559
2019-08-21,EEM,0.00955262
2019-08-21,GLD,-0.00316442
2019-08-21,HYG,0.00428131
2019-08-21,SPY,0.00813543
2019-08-21,TLT,-0.00666552
2019-08-21,UUP,0.00112532
2019-08-22,EEM,-0.01294833
2019-08-22,GLD,-0.00253951
2019-08-22,HYG,0.00184302
2019-08-22,SPY,-0.00030773
2019-08-22,TLT,-0.00664069
2019-08-22,UUP,-0.00074923
2019-08-23,EEM,-0.01488355
2019-08-23,GLD,0.01958985
2019-08-23,HYG,-0.00459962
2019-08-23,SPY,-0.02568777
2019-08-23,TLT,0.01643416
2019-08-23,UUP,-0.00562441
2019-08-26,EEM,0.00537757
2019-08-26,GLD,0.00013875
2019-08-26,HYG,0.00496779
2019-08-26,SPY,0.01105872
2019-08-26,TLT,-0.00404169
2019-08-26,UUP,0.00527899
2019-08-27,EEM,0.00178313
2019-08-27,GLD,0.00957074
2019-08-27,HYG,-0.00045944
2019-08-27,SPY,-0.0039237
2019-08-27,TLT,0.01540863
2019-08-27,UUP,-0.00075016
2019-08-28,EEM,0.0027965
2019-08-28,GLD,-0.00281654
2019-08-28,HYG,0.00241521
2019-08-28,SPY,0.00704146
2019-08-28,TLT,0.00128709
2019-08-28,UUP,0.00225225
2019-08-29,EEM,0.01115638
2019-08-29,GLD,-0.00716457
2019-08-29,HYG,0.0010326
2019-08-29,SPY,0.01277308
2019-08-29,TLT,-0.00378815
2019-08-29,UUP,0.00262179
2019-08-30,EEM,0.00777303
2019-08-30,GLD,-0.00256727
2019-08-30,HYG,-0.00091692
2019-08-30,SPY,-0.00044425
2019-08-30,TLT,0.00027049
2019-08-30,UUP,0.00373554
2019-09-03,EEM,-0.00622005
2019-09-03,GLD,0.01391304
2019-09-03,HYG,-0.00286922
2019-09-03,SPY,-0.00584697
2019-09-03,TLT,0.0012928
2019-09-03,UUP,0.00223297
2019-09-04,EEM,0.01677491
2019-09-04,GLD,0.00624359
2019-09-04,HYG,0.00208024
2019-09-04,SPY,0.01135027
2019-09-04,TLT,0.001495
2019-09-04,UUP,-0.00631274
2019-09-05,EEM,0.01132727
2019-09-05,GLD,-0.02400112
2019-09-05,HYG,0.00391991
2019-09-05,SPY,0.01285543
2019-09-05,TLT,-0.01811051
2019-09-05,UUP,0.00037376
2019-09-06,EEM,0.00438289
2019-09-06,GLD,-0.00852313
2019-09-06,HYG,0.00091983
2019-09-06,SPY,0.00077206
2019-09-06,TLT,0.00711486
2019-09-06,UUP,0.00037354
2019-09-09,EEM,0.00315133
2019-09-09,GLD,-0.00373449
2019-09-09,HYG,0.00103241
2019-09-09,SPY,0.00050351
2019-09-09,TLT,-0.01776484
2019-09-09,UUP,-0.00186707
2019-09-10,EEM,0.00072494
2019-09-10,GLD,-0.00855794
2019-09-10,HYG,0.00057338
2019-09-10,SPY,-0.00023498
2019-09-10,TLT,-0.0175279
2019-09-10,UUP,0.00112229
2019-09-11,EEM,0.00700326
2019-09-11,GLD,0.00606368
2019-09-11,HYG,-0.00011459
2019-09-11,SPY,0.00711102
2019-09-11,TLT,-0.00177713
2019-09-11,UUP,0.00298958
2019-09-12,EEM,0.00719427
2019-09-12,GLD,0.00205636
2019-09-12,HYG,0.00057299
2019-09-12,SPY,0.00346365
2019-09-12,TLT,-0.00655075
2019-09-12,UUP,-0.00298067
2019-09-13,EEM,0.00571452
2019-09-13,GLD,-0.00827918
2019-09-13,HYG,-0.00183253
2019-09-13,SPY,-0.00066387
2019-09-13,TLT,-0.02135891
2019-09-13,UUP,-0.00149471
2019-09-16,EEM,-0.00781279
2019-09-16,GLD,0.00834829
2019-09-16,HYG,0.00355666
2019-09-16,SPY,-0.00308813
2019-09-16,TLT,0.01274378
2019-09-16,UUP,0.004491
2019-09-17,EEM,0.0
2019-09-17,GLD,0.00198131
2019-09-17,HYG,0.00057175
2019-09-17,SPY,0.00253169
2019-09-17,TLT,0.00542362
2019-09-17,UUP,-0.00447093
2019-09-18,EEM,-0.00405631
2019-09-18,GLD,-0.00628531
2019-09-18,HYG,-0.00057142
2019-09-18,SPY,0.00059791
2019-09-18,TLT,0.00424299
2019-09-18,UUP,0.00374253
2019-09-19,EEM,-0.00407283
2019-09-19,GLD,0.00405083
2019-09-19,HYG,-0.00114317
2019-09-19,SPY,-6.617e-05
2019-09-19,TLT,0.00300888
2019-09-19,UUP,-0.00223721
2019-09-20,EEM,0.00096252
2019-09-20,GLD,0.01182049
2019-09-20,HYG,0.00125908
2019-09-20,SPY,-0.0047248
2019-09-20,TLT,0.01321041
2019-09-20,UUP,0.00261582
2019-09-23,EEM,0.00096095
2019-09-23,GLD,0.00559638
2019-09-23,HYG,-0.00045723
2019-09-23,SPY,-0.00023474
2019-09-23,TLT,-0.00021178
2019-09-23,UUP,0.00149098
2019-09-24,EEM,-0.01056398
2019-09-24,GLD,0.00528692
2019-09-24,HYG,-0.00137232
2019-09-24,SPY,-0.00784699
2019-09-24,TLT,0.01205445
2019-09-24,UUP,-0.00372164
2019-09-25,EEM,-0.00072793
2019-09-25,GLD,-0.01854538
2019-09-25,HYG,-0.00103092
2019-09-25,SPY,0.00591503
2019-09-25,TLT,-0.01462754
2019-09-25,UUP,0.00784454
2019-09-26,EEM,-0.00024296
2019-09-26,GLD,-0.00028209
2019-09-26,HYG,-0.00068759
2019-09-26,SPY,-0.00208338
2019-09-26,TLT,0.00643317
2019-09-26,UUP,0.00259449
2019-09-27,EEM,-0.01287359
2019-09-27,GLD,-0.00514843
2019-09-27,HYG,-0.00114711
2019-09-27,SPY,-0.00538729
2019-09-27,TLT,0.00245723
2019-09-27,UUP,-0.00147868
2019-09-30,EEM,0.00565967
2019-09-30,GLD,-0.01552533
2019-09-30,HYG,0.00114843
2019-09-30,SPY,0.00463789
2019-09-30,TLT,0.00245272
2019-09-30,UUP,0.00333221
2019-10-01,EEM,-0.00709568
2019-10-01,GLD,0.00547281
2019-10-01,HYG,-0.00230355
2019-10-01,SPY,-0.01189466
2019-10-01,TLT,0.00301037
2019-10-01,UUP,-0.00332115
2019-10-02,EEM,-0.0076395
2019-10-02,GLD,0.01167363
2019-10-02,HYG,-0.00588788
2019-10-02,SPY,-0.01766467
2019-10-02,TLT,0.00244392
2019-10-02,UUP,-0.00074044
2019-10-03,EEM,0.01291308
2019-10-03,GLD,0.00453065
2019-10-03,HYG,0.00058096
2019-10-03,SPY,0.00819257
2019-10-03,TLT,0.00912114
2019-10-03,UUP,-0.00037058
2019-10-04,EEM,0.00441286
2019-10-04,GLD,0.0
2019-10-04,HYG,0.00313394
2019-10-04,SPY,0.0135321
2019-10-04,TLT,0.00738379
2019-10-04,UUP,-0.00074126
2019-10-07,EEM,-0.00829886
2019-10-07,GLD,-0.00852707
2019-10-07,HYG,-0.00081052
2019-10-07,SPY,-0.00431435
2019-10-07,TLT,-0.00828831
2019-10-07,UUP,0.00185461
2019-10-08,EEM,-0.00713748
2019-10-08,GLD,0.0087426
2019-10-08,HYG,-0.00370545
2019-10-08,SPY,-0.01552482
2019-10-08,TLT,0.00269336
2019-10-08,UUP,0.00148087
2019-10-09,EEM,0.00768473
2019-10-09,GLD,0.00091604
2019-10-09,HYG,0.00302196
2019-10-09,SPY,0.00949629
2019-10-09,TLT,-0.00564803
2019-10-09,UUP,-0.00073917
2019-10-10,EEM,0.01033192
2019-10-10,GLD,-0.00872936
2019-10-10,HYG,0.00127465
2019-10-10,SPY,0.00676356
2019-10-10,TLT,-0.01489471
2019-10-10,UUP,-0.00406972
2019-10-11,EEM,0.01607008
2019-10-11,GLD,-0.00553937
2019-10-11,HYG,0.00416633
2019-10-11,SPY,0.01036697
2019-10-11,TLT,-0.0123767
2019-10-11,UUP,-0.00371464
2019-10-14,EEM,-0.00431335
2019-10-14,GLD,0.00399913
2019-10-14,HYG,0.0006914
2019-10-14,SPY,-0.00111391
2019-10-14,TLT,0.00726303
2019-10-14,UUP,0.00298273
2019-10-15,EEM,0.00890477
2019-10-15,GLD,-0.00697059
2019-10-15,HYG,0.00218812
2019-10-15,SPY,0.00990051
2019-10-15,TLT,-0.01208858
2019-10-15,UUP,-0.00297386
2019-10-16,EEM,0.00286293
2019-10-16,GLD,0.00573027
2019-10-16,HYG,-0.0008042
2019-10-16,SPY,-0.00160572
2019-10-16,TLT,0.00121643
2019-10-16,UUP,-0.00260997
2019-10-17,EEM,0.00380556
2019-10-17,GLD,0.00142438
2019-10-17,HYG,0.00137987
2019-10-17,SPY,0.0029486
2019-10-17,TLT,-0.00242983
2019-10-17,UUP,-0.00373833
2019-10-18,EEM,-0.00521304
2019-10-18,GLD,-0.00106674
2019-10-18,HYG,0.00022969
2019-10-18,SPY,-0.00437716
2019-10-18,TLT,0.0
2019-10-18,UUP,-0.00375236
2019-10-21,EEM,0.009052
2019-10-21,GLD,-0.00477014
2019-10-21,HYG,0.00034472
2019-10-21,SPY,0.00677912
2019-10-21,TLT,-0.00752269
2019-10-21,UUP,0.00075327
2019-10-22,EEM,0.00070795
2019-10-22,GLD,0.002933
2019-10-22,HYG,0.00022937
2019-10-22,SPY,-0.00326667
2019-10-22,TLT,0.00584709
2019-10-22,UUP,0.00225818
2019-10-23,EEM,0.00023613
2019-10-23,GLD,0.00235379
2019-10-23,HYG,0.00091861
2019-10-23,SPY,0.00290965
2019-10-23,TLT,0.00100453
2019-10-23,UUP,-0.0003755
2019-10-24,EEM,0.0
2019-10-24,GLD,0.00711592
2019-10-24,HYG,0.00114618
2019-10-24,SPY,0.00163388
2019-10-24,TLT,-0.00200738
2019-10-24,UUP,0.00300522
2019-10-25,EEM,0.00707539
2019-10-25,GLD,0.00233167
2019-10-25,HYG,0.00080137
2019-10-25,SPY,0.00409527
2019-10-25,TLT,-0.00488446
2019-10-25,UUP,0.00112363
2019-10-28,EEM,0.00585495
2019-10-28,GLD,-0.00860004
2019-10-28,HYG,-0.0001143
2019-10-28,SPY,0.00563636
2019-10-28,TLT,-0.00909643
2019-10-28,UUP,-0.00074819
2019-10-29,EEM,-0.00512243
2019-10-29,GLD,-0.00277303
2019-10-29,HYG,-0.00183059
2019-10-29,SPY,-0.00029702
2019-10-29,TLT,0.00065568
2019-10-29,UUP,-0.00037446
2019-10-30,EEM,0.00444666
2019-10-30,GLD,0.00549023
2019-10-30,HYG,-0.00126165
2019-10-30,SPY,0.00306746
2019-10-30,TLT,0.01463405
2019-10-30,UUP,-0.00224718
2019-10-31,EEM,-0.00792171
2019-10-31,GLD,0.0099985
2019-10-31,HYG,-0.00344427
2019-10-31,SPY,-0.00266351
2019-10-31,TLT,0.01349051
2019-10-31,UUP,-0.0018768
2019-11-01,EEM,0.01503034
2019-11-01,GLD,0.00091276
2019-11-01,HYG,0.00429207
2019-11-01,SPY,0.0092639
2019-11-01,TLT,-0.00307826
2019-11-01,UUP,-0.00037607
2019-11-04,EEM,0.00994936
2019-11-04,GLD,-0.00287601
2019-11-04,HYG,0.00207298
2019-11-04,SPY,0.00401775
2019-11-04,TLT,-0.01316148
2019-11-04,UUP,0.00376224
2019-11-05,EEM,0.00572721
2019-11-05,GLD,-0.01618001
2019-11-05,HYG,-0.00103479
2019-11-05,SPY,-0.00110598
2019-11-05,TLT,-0.0112465
2019-11-05,UUP,0.00374806
2019-11-06,EEM,-0.00318921
2019-11-06,GLD,0.00429025
2019-11-06,HYG,-0.00115051
2019-11-06,SPY,0.00022794
2019-11-06,TLT,0.00605138
2019-11-06,UUP,0.0
2019-11-07,EEM,0.00731278
2019-11-07,GLD,-0.01552149
2019-11-07,HYG,-0.0004605
2019-11-07,SPY,0.00351679
2019-11-07,TLT,-0.01811854
2019-11-07,UUP,0.00224047
2019-11-08,EEM,-0.00907441
2019-11-08,GLD,-0.00636439
2019-11-08,HYG,0.00092207
2019-11-08,SPY,0.00246629
2019-11-08,TLT,-0.00420721
2019-11-08,UUP,0.00223538
2019-11-11,EEM,-0.00709701
2019-11-11,GLD,-0.00240193
2019-11-11,HYG,-0.00057584
2019-11-11,SPY,-0.00190977
2019-11-11,TLT,0.00066726
2019-11-11,UUP,-0.00148693
2019-11-12,EEM,-0.00645617
2019-11-12,GLD,0.00269951
2019-11-12,HYG,0.00023066
2019-11-12,SPY,0.00210791
2019-11-12,TLT,0.00459245
2019-11-12,UUP,0.00148914
2019-11-13,EEM,-0.00765858
2019-11-13,GLD,0.00400206
2019-11-13,HYG,-0.00103662
2019-11-13,SPY,0.00032353
2019-11-13,TLT,0.00648915
2019-11-13,UUP,-0.00037156
2019-11-14,EEM,0.00070175
2019-11-14,GLD,0.00420352
2019-11-14,HYG,-0.00057734
2019-11-14,SPY,0.00145584
2019-11-14,TLT,0.01032946
2019-11-14,UUP,-0.00074382
2019-11-15,EEM,0.00794588
2019-11-15,GLD,-0.00252592
2019-11-15,HYG,0.00299981
2019-11-15,SPY,0.00723636
2019-11-15,TLT,-0.00108782
2019-11-15,UUP,-0.00223297
2019-11-18,EEM,-0.00162313
2019-11-18,GLD,0.00296642
2019-11-18,HYG,-0.00126484
2019-11-18,SPY,0.00073754
2019-11-18,TLT,0.0018146
2019-11-18,UUP,-0.00186507
2019-11-19,EEM,0.00209017
2019-11-19,GLD,0.00050503
2019-11-19,HYG,-0.00357047
2019-11-19,SPY,-0.00028829
2019-11-19,TLT,0.00833326
2019-11-19,UUP,0.00112112
2019-11-20,EEM,-0.00440328
2019-11-20,GLD,0.00050467
2019-11-20,HYG,-0.00208017
2019-11-20,SPY,-0.00371903
2019-11-20,TLT,0.01034726
2019-11-20,UUP,0.0
2019-11-21,EEM,-0.00209503
2019-11-21,GLD,-0.00547704
2019-11-21,HYG,0.00023144
2019-11-21,SPY,-0.00160875
2019-11-21,TLT,-0.00625857
2019-11-21,UUP,0.00149303
2019-11-22,EEM,0.0
2019-11-22,GLD,-0.00188402
2019-11-22,HYG,0.00382148
2019-11-22,SPY,0.0022239
2019-11-22,TLT,0.00128825
2019-11-22,UUP,0.00298178
2019-11-25,EEM,0.01003038
2019-11-25,GLD,-0.00479166
2019-11-25,HYG,0.00265332
2019-11-25,SPY,0.00775021
2019-11-25,TLT,0.0029303
2019-11-25,UUP,0.00074327
2019-11-26,EEM,-0.00300234
2019-11-26,GLD,0.00481473
2019-11-26,HYG,0.00115012
2019-11-26,SPY,0.00226551
2019-11-26,TLT,0.00584468
2019-11-26,UUP,-0.00111412
2019-11-27,EEM,0.0011582
2019-11-27,GLD,-0.00529992
2019-11-27,HYG,0.001264
2019-11-27,SPY,0.00445752
2019-11-27,TLT,-0.00290502
2019-11-27,UUP,0.0014871
2019-11-29,EEM,-0.01573345
2019-11-29,GLD,0.00620397
2019-11-29,HYG,-0.00218085
2019-11-29,SPY,-0.0037084
2019-11-29,TLT,-0.00213207
2019-11-29,UUP,-0.00111362
2019-12-02,EEM,-0.00023478
2019-12-02,GLD,-0.00050781
2019-12-02,HYG,-0.00068095
2019-12-02,SPY,-0.00849506
2019-12-02,TLT,-0.01333314
2019-12-02,UUP,-0.0040877
2019-12-03,EEM,-0.00517322
2019-12-03,GLD,0.00957985
2019-12-03,HYG,-0.00138656
2019-12-03,SPY,-0.00670632
2019-12-03,TLT,0.02096749
2019-12-03,UUP,-0.00111936
2019-12-04,EEM,0.0075634
2019-12-04,GLD,-0.00136584
2019-12-04,HYG,0.00300805
2019-12-04,SPY,0.00617031
2019-12-04,TLT,-0.0099852
2019-12-04,UUP,-0.0011207
2019-12-05,EEM,0.00445678
2019-12-05,GLD,0.00057588
2019-12-05,HYG,0.00149971
2019-12-05,SPY,0.00179783
2019-12-05,TLT,-0.00486408
2019-12-05,UUP,-0.00224374
2019-12-06,EEM,0.00583864
2019-12-06,GLD,-0.00992809
2019-12-06,HYG,0.00138257
2019-12-06,SPY,0.00913431
2019-12-06,TLT,-0.00553516
2019-12-06,UUP,0.00374806
2019-12-09,EEM,-0.00394696
2019-12-09,GLD,-0.00029061
2019-12-09,HYG,0.0
2019-12-09,SPY,-0.00314422
2019-12-09,TLT,0.00216881
2019-12-09,UUP,-0.00112019
2019-12-10,EEM,0.00349626
2019-12-10,GLD,0.00283471
2019-12-10,HYG,0.00241602
2019-12-10,SPY,-0.00111506
2019-12-10,TLT,7.189e-05
2019-12-10,UUP,-0.00112153
2019-12-11,EEM,0.01463426
2019-12-11,GLD,0.00688553
2019-12-11,HYG,0.00206561
2019-12-11,SPY,0.0028388
2019-12-11,TLT,0.00786084
2019-12-11,UUP,-0.00374253
2019-12-12,EEM,0.0173991
2019-12-12,GLD,-0.00352725
2019-12-12,HYG,0.00229006
2019-12-12,SPY,0.00861866
2019-12-12,TLT,-0.01645776
2019-12-12,UUP,0.00150257
2019-12-13,EEM,-0.00045008
2019-12-13,GLD,0.00447887
2019-12-13,HYG,0.00102851
2019-12-13,SPY,0.00059941
2019-12-13,TLT,0.01156775
2019-12-13,UUP,0.0
2019-12-16,EEM,0.00848469
2019-12-16,GLD,-7.199e-05
2019-12-16,HYG,0.00194113
2019-12-16,SPY,0.00686997
2019-12-16,TLT,-0.00899034
2019-12-16,UUP,-0.00187531
2019-12-17,EEM,0.00912009
2019-12-17,GLD,-0.00021576
2019-12-17,HYG,0.0030752
2019-12-17,SPY,0.00021884
2019-12-17,TLT,-0.00137864
2019-12-17,UUP,0.00187883
2019-12-18,EEM,0.0054224
2019-12-18,GLD,7.201e-05
2019-12-18,HYG,0.00181696
2019-12-18,SPY,6.29e-05
2019-12-18,TLT,-0.00821224
2019-12-18,UUP,0.00187556
2019-12-19,EEM,0.00044942
2019-12-19,GLD,0.00258956
2019-12-19,HYG,-0.00052303
2019-12-19,SPY,0.00409889
2019-12-19,TLT,0.00159994
2019-12-19,UUP,0.0
2019-12-20,EEM,0.00202154
2019-12-20,GLD,0.00100444
2019-12-20,HYG,-0.00147984
2019-12-20,SPY,0.00438381
2019-12-20,TLT,0.00131882
2019-12-20,UUP,0.00336947
2019-12-23,EEM,0.00134494
2019-12-23,GLD,0.00308194
2019-12-23,HYG,0.00045589
2019-12-23,SPY,0.00152804
2019-12-23,TLT,-0.00146349
2019-12-23,UUP,-0.00053277
2019-12-24,EEM,-0.00223856
2019-12-24,GLD,0.00943199
2019-12-24,HYG,0.00079755
2019-12-24,SPY,3.103e-05
2019-12-24,TLT,0.00285826
2019-12-24,UUP,0.0
2019-12-26,EEM,0.00717955
2019-12-26,GLD,0.0078573
2019-12-26,HYG,0.00148036
2019-12-26,SPY,0.0053234
2019-12-26,TLT,0.00241165
2019-12-26,UUP,-0.00152335
2019-12-27,EEM,0.00400985
2019-12-27,GLD,-0.00035119
2019-12-27,HYG,-0.00045471
2019-12-27,SPY,-0.00024777
2019-12-27,TLT,0.00109335
2019-12-27,UUP,-0.00495791
2019-12-30,EEM,-0.00665617
2019-12-30,GLD,0.0021078
2019-12-30,HYG,-0.00068225
2019-12-30,SPY,-0.00551317
2019-12-30,TLT,-0.00364079
2019-12-30,UUP,-0.00191649
2019-12-31,EEM,0.00223346
2019-12-31,GLD,0.00189293
2019-12-31,HYG,0.00091039
2019-12-31,SPY,0.00242921
2019-12-31,TLT,-0.0097943
2019-12-31,UUP,-0.00268824
2020-01-02,EEM,0.02028071
2020-01-02,GLD,0.00734782
2020-01-02,HYG,0.00420744
2020-01-02,SPY,0.0093521
2020-01-02,TLT,0.0112933
2020-01-02,UUP,0.00346562
2020-01-03,EEM,-0.01856691
2020-01-03,GLD,0.01326852
2020-01-03,HYG,-0.0010191
2020-01-03,SPY,-0.00757258
2020-01-03,TLT,0.01540042
2020-01-03,UUP,0.00115122
2020-01-06,EEM,-0.00244811
2020-01-06,GLD,0.0104895
2020-01-06,HYG,-0.00102026
2020-01-06,SPY,0.00381528
2020-01-06,TLT,-0.00567834
2020-01-06,UUP,-0.00229979
2020-01-07,EEM,-0.00066956
2020-01-07,GLD,0.00393515
2020-01-07,HYG,-0.00090797
2020-01-07,SPY,-0.00281175
2020-01-07,TLT,-0.00491597
2020-01-07,UUP,0.00345763
2020-01-08,EEM,0.00580495
2020-01-08,GLD,-0.00750152
2020-01-08,HYG,0.0009088
2020-01-08,SPY,0.00532965
2020-01-08,TLT,-0.00661109
2020-01-08,UUP,0.00267992
2020-01-09,EEM,0.00665932
2020-01-09,GLD,-0.00565165
2020-01-09,HYG,0.00260953
2020-01-09,SPY,0.00678047
2020-01-09,TLT,0.00351055
2020-01-09,UUP,0.001909
2020-01-10,EEM,0.00529237
2020-01-10,GLD,0.00602619
2020-01-10,HYG,0.00033943
2020-01-10,SPY,-0.00287739
2020-01-10,TLT,0.00889057
2020-01-10,UUP,-0.00076221
2020-01-13,EEM,0.01557316
2020-01-13,GLD,-0.00741948
2020-01-13,HYG,0.0
2020-01-13,SPY,0.00687686
2020-01-13,TLT,-0.0030333
2020-01-13,UUP,0.0
2020-01-14,EEM,-0.00561535
2020-01-14,GLD,-0.00089154
2020-01-14,HYG,-0.00011263
2020-01-14,SPY,-0.00152449
2020-01-14,TLT,0.00514379
2020-01-14,UUP,0.00038148
2020-01-15,EEM,-0.00781929
2020-01-15,GLD,0.00583424
2020-01-15,HYG,0.00022615
2020-01-15,SPY,0.00226009
2020-01-15,TLT,0.00663129
2020-01-15,UUP,-0.00152492
2020-01-16,EEM,0.00634852
2020-01-16,GLD,-0.00156951
2020-01-16,HYG,0.00033927
2020-01-16,SPY,0.00831799
2020-01-16,TLT,-0.00315054
2020-01-16,UUP,0.00152725
2020-01-17,EEM,0.00565585
2020-01-17,GLD,0.00184543
2020-01-17,HYG,-0.00079176
2020-01-17,SPY,0.00311269
2020-01-17,TLT,-0.00854775
2020-01-17,UUP,0.00343118
2020-01-21,EEM,-0.02530822
2020-01-21,GLD,0.00109158
2020-01-21,HYG,-0.00215046
2020-01-21,SPY,-0.00195817
2020-01-21,TLT,0.01050511
2020-01-21,UUP,-0.0007599
2020-01-22,EEM,0.00821131
2020-01-22,GLD,0.00034066
2020-01-22,HYG,0.00181481
2020-01-22,SPY,0.00012066
2020-01-22,TLT,0.00351385
2020-01-22,UUP,-0.00076047
2020-01-23,EEM,-0.01034555
2020-01-23,GLD,0.00224812
2020-01-23,HYG,-0.00305661
2020-01-23,SPY,0.00114706
2020-01-23,TLT,0.00700183
2020-01-23,UUP,0.0026636
2020-01-24,EEM,-0.00800721
2020-01-24,GLD,0.00584557
2020-01-24,HYG,-0.00420121
2020-01-24,SPY,-0.00889321
2020-01-24,TLT,0.00808859
2020-01-24,UUP,0.00151806
2020-01-27,EEM,-0.03452917
2020-01-27,GLD,0.00682531
2020-01-27,HYG,-0.00672897
2020-01-27,SPY,-0.01602914
2020-01-27,TLT,0.01555418
2020-01-27,UUP,0.00151568
2020-01-28,EEM,0.00836053
2020-01-28,GLD,-0.00892679
2020-01-28,HYG,0.00861115
2020-01-28,SPY,0.01047914
2020-01-28,TLT,-0.00783118
2020-01-28,UUP,0.0
2020-01-29,EEM,0.00483646
2020-01-29,GLD,0.00541787
2020-01-29,HYG,-0.00056916
2020-01-29,SPY,-0.00082622
2020-01-29,TLT,0.00977894
2020-01-29,UUP,0.00151347
2020-01-30,EEM,-0.01489801
2020-01-30,GLD,6.732e-05
2020-01-30,HYG,0.00102433
2020-01-30,SPY,0.00324522
2020-01-30,TLT,0.00013852
2020-01-30,UUP,-0.00302228
2020-01-31,EEM,-0.0202419
2020-01-31,GLD,0.00579242
2020-01-31,HYG,-0.0040952
2020-01-31,SPY,-0.01815793
2020-01-31,TLT,0.00912966
2020-01-31,UUP,-0.00416826
2020-02-03,EEM,0.0111612
2020-02-03,GLD,-0.00649569
2020-02-03,HYG,-0.00016063
2020-02-03,SPY,0.00742835
2020-02-03,TLT,-0.00080982
2020-02-03,UUP,0.00494676
2020-02-04,EEM,0.02583371
2020-02-04,GLD,-0.01300895
2020-02-04,HYG,0.00596691
2020-02-04,SPY,0.01524141
2020-02-04,TLT,-0.01346692
2020-02-04,UUP,0.00151461
2020-02-05,EEM,0.00572328
2020-02-05,GLD,0.00122931
2020-02-05,HYG,0.00410601
2020-02-05,SPY,0.01154848
2020-02-05,TLT,-0.0109349
2020-02-05,UUP,0.00378064
2020-02-06,EEM,0.00091081
2020-02-06,GLD,0.0053884
2020-02-06,HYG,0.0007952
2020-02-06,SPY,0.00336477
2020-02-06,TLT,0.00450653
2020-02-06,UUP,0.00188328
2020-02-07,EEM,-0.01387304
2020-02-07,GLD,0.00264586
2020-02-07,HYG,-0.00147611
2020-02-07,SPY,-0.00532981
2020-02-07,TLT,0.01247833
2020-02-07,UUP,0.00225553
2020-02-10,EEM,0.00553475
2020-02-10,GLD,0.00257125
2020-02-10,HYG,0.00136522
2020-02-10,SPY,0.0074652
2020-02-10,TLT,0.00276983
2020-02-10,UUP,0.00150041
2020-02-11,EEM,0.01307347
2020-02-11,GLD,-0.00344196
2020-02-11,HYG,0.00068013
2020-02-11,SPY,0.00173301
2020-02-11,TLT,-0.00504081
2020-02-11,UUP,-0.00112346
2020-02-12,EEM,0.01358398
2020-02-12,GLD,-0.00081275
2020-02-12,HYG,0.00260999
2020-02-12,SPY,0.00644281
2020-02-12,TLT,-0.00506544
2020-02-12,UUP,0.00262457
2020-02-13,EEM,-0.01317862
2020-02-13,GLD,0.00569345
2020-02-13,HYG,0.00033923
2020-02-13,SPY,-0.00106691
2020-02-13,TLT,0.00383607
2020-02-13,UUP,0.00112194
2020-02-14,EEM,0.00045288
2020-02-14,GLD,0.00417843
2020-02-14,HYG,-0.00011337
2020-02-14,SPY,0.00160228
2020-02-14,TLT,0.00437743
2020-02-14,UUP,-0.00037356
2020-02-18,EEM,-0.00656119
2020-02-18,GLD,0.01281882
2020-02-18,HYG,-0.0020362
2020-02-18,SPY,-0.00257708
2020-02-18,TLT,0.00684863
2020-02-18,UUP,0.00373693
2020-02-19,EEM,0.00728767
2020-02-19,GLD,0.00583122
2020-02-19,HYG,0.00045339
2020-02-19,SPY,0.00478114
2020-02-19,TLT,-6.903e-05
2020-02-19,UUP,0.00186147
2020-02-20,EEM,-0.01560054
2020-02-20,GLD,0.00408466
2020-02-20,HYG,0.00169981
2020-02-20,SPY,-0.00410804
2020-02-20,TLT,0.00783405
2020-02-20,UUP,0.00297294
2020-02-21,EEM,-0.00574169
2020-02-21,GLD,0.01502522
2020-02-21,HYG,-0.00090521
2020-02-21,SPY,-0.01029841
2020-02-21,TLT,0.00934054
2020-02-21,UUP,-0.00592826
2020-02-24,EEM,-0.03742179
2020-02-24,GLD,0.00898513
2020-02-24,HYG,-0.01075483
2020-02-24,SPY,-0.03316559
2020-02-24,TLT,0.0149285
2020-02-24,UUP,0.00037281
2020-02-25,EEM,-0.00791965
2020-02-25,GLD,-0.01787426
2020-02-25,HYG,-0.00698109
2020-02-25,SPY,-0.03030189
2020-02-25,TLT,0.00532376
2020-02-25,UUP,-0.00298062
2020-02-26,EEM,0.00798288
2020-02-26,GLD,0.0043705
2020-02-26,HYG,0.00103713
2020-02-26,SPY,-0.00367835
2020-02-26,TLT,-0.00529557
2020-02-26,UUP,0.0007474
2020-02-27,EEM,-0.02399836
2020-02-27,GLD,0.00019484
2020-02-27,HYG,-0.01346983
2020-02-27,SPY,-0.04491188
2020-02-27,TLT,0.01084839
2020-02-27,UUP,-0.00597459
2020-02-28,EEM,-0.00368803
2020-02-28,GLD,-0.03649347
2020-02-28,HYG,0.00408443
2020-02-28,SPY,-0.00420105
2020-02-28,TLT,0.02258359
2020-02-28,UUP,-0.00338091
2020-03-02,EEM,0.02171763
2020-03-02,GLD,0.0055263
2020-03-02,HYG,0.00758773
2020-03-02,SPY,0.04330635
2020-03-02,TLT,-0.00735784
2020-03-02,UUP,-0.00527709
2020-03-03,EEM,-0.00676325
2020-03-03,GLD,0.03143433
2020-03-03,HYG,-0.00428612
2020-03-03,SPY,-0.02863266
2020-03-03,TLT,0.01552598
2020-03-03,UUP,-0.00416826
2020-03-04,EEM,0.01775275
2020-03-04,GLD,0.00175453
2020-03-04,HYG,0.01372996
2020-03-04,SPY,0.0420334
2020-03-04,TLT,-0.01061856
2020-03-04,UUP,0.00342474
2020-03-05,EEM,-0.02102734
2020-03-05,GLD,0.02160095
2020-03-05,HYG,-0.01262664
2020-03-05,SPY,-0.03324195
2020-03-05,TLT,0.02489139
2020-03-05,UUP,-0.00758447
2020-03-06,EEM,-0.02050291
2020-03-06,GLD,0.00038096
2020-03-06,HYG,-0.01127577
2020-03-06,SPY,-0.01653118
2020-03-06,TLT,0.05204407
2020-03-06,UUP,-0.00573164
2020-03-09,EEM,-0.06827801
2020-03-09,GLD,0.00165023
2020-03-09,HYG,-0.04303355
2020-03-09,SPY,-0.07809433
2020-03-09,TLT,0.02710333
2020-03-09,UUP,-0.01076104
2020-03-10,EEM,0.05081575
2020-03-10,GLD,-0.02110134
2020-03-10,HYG,0.01535767
2020-03-10,SPY,0.051745
2020-03-10,TLT,-0.05125834
2020-03-10,UUP,0.01476311
2020-03-11,EEM,-0.04657699
2020-03-11,GLD,-0.00356035
2020-03-11,HYG,-0.02178101
2020-03-11,SPY,-0.04874861
2020-03-11,TLT,-0.03679722
2020-03-11,UUP,0.00153135
2020-03-12,EEM,-0.10010678
2020-03-12,GLD,-0.03988826
2020-03-12,HYG,-0.0399555
2020-03-12,SPY,-0.095677
2020-03-12,TLT,0.00619705
2020-03-12,UUP,0.01070337
2020-03-13,EEM,0.07208549
2020-03-13,GLD,-0.03051624
2020-03-13,HYG,0.03143899
2020-03-13,SPY,0.08548604
2020-03-13,TLT,-0.02260401
2020-03-13,UUP,0.03782147
2020-03-16,EEM,-0.12479237
2020-03-16,GLD,-0.01144612
2020-03-16,HYG,-0.05496545
2020-03-16,SPY,-0.10942353
2020-03-16,TLT,0.06476566
2020-03-16,UUP,-0.0320701
2020-03-17,EEM,0.06892203
2020-03-17,GLD,0.01355548
2020-03-17,HYG,0.00938539
2020-03-17,SPY,0.05399206
2020-03-17,TLT,-0.06668263
2020-03-17,UUP,0.01769596
2020-03-18,EEM,-0.08636506
2020-03-18,GLD,-0.01992199
2020-03-18,HYG,-0.04413293
2020-03-18,SPY,-0.05063318
2020-03-18,TLT,-0.05641244
2020-03-18,UUP,0.01516829
2020-03-19,EEM,0.00776951
2020-03-19,GLD,-0.0189055
2020-03-19,HYG,-0.02246837
2020-03-19,SPY,0.00212503
2020-03-19,TLT,0.0272254
2020-03-19,UUP,0.02368805
2020-03-20,EEM,0.00738852
2020-03-20,GLD,0.01499571
2020-03-20,HYG,-0.02242524
2020-03-20,SPY,-0.04309406
2020-03-20,TLT,0.07519548
2020-03-20,UUP,-0.00284806
2020-03-23,EEM,-0.02391585
2020-03-23,GLD,0.04417959
2020-03-23,HYG,-0.01605735
2020-03-23,SPY,-0.02556806
2020-03-23,TLT,0.04120905
2020-03-23,UUP,-0.0014281
2020-03-24,EEM,0.07513882
2020-03-24,GLD,0.04853035
2020-03-24,HYG,0.04123564
2020-03-24,SPY,0.09060317
2020-03-24,TLT,-0.01861379
2020-03-24,UUP,-0.01144071
2020-03-25,EEM,0.03524749
2020-03-25,GLD,-0.01368964
2020-03-25,HYG,0.02812754
2020-03-25,SPY,0.0149702
2020-03-25,TLT,-0.00227156
2020-03-25,UUP,-0.0094034
2020-03-26,EEM,0.03786339
2020-03-26,GLD,0.01282222
2020-03-26,HYG,0.04573283
2020-03-26,SPY,0.05838952
2020-03-26,TLT,0.00492184
2020-03-26,UUP,-0.01606408
2020-03-27,EEM,-0.05684386
2020-03-27,GLD,-0.00646049
2020-03-27,HYG,0.00260372
2020-03-27,SPY,-0.02978546
2020-03-27,TLT,0.0266926
2020-03-27,UUP,-0.00816338
2020-03-30,EEM,0.01649181
2020-03-30,GLD,0.00440064
2020-03-30,HYG,0.00856806
2020-03-30,SPY,0.03247545
2020-03-30,TLT,-0.00822847
2020-03-30,UUP,0.00448945
2020-03-31,EEM,0.00678454
2020-03-31,GLD,-0.03184669
2020-03-31,HYG,-0.0079806
2020-03-31,SPY,-0.01490522
2020-03-31,TLT,-0.00811746
2020-03-31,UUP,-0.00074506
2020-04-01,EEM,-0.04277759
2020-04-01,GLD,0.00945622
2020-04-01,HYG,-0.02745003
2020-04-01,SPY,-0.04500477
2020-04-01,TLT,0.01401079
2020-04-01,UUP,0.00633626
2020-04-02,EEM,0.03367001
2020-04-02,GLD,0.01639342
2020-04-02,HYG,0.0077771
2020-04-02,SPY,0.02307551
2020-04-02,TLT,0.00634589
2020-04-02,UUP,0.00518515
2020-04-03,EEM,-0.01895169
2020-04-03,GLD,0.00493746
2020-04-03,HYG,-0.02142147
2020-04-03,SPY,-0.01445421
2020-04-03,TLT,0.00237959
2020-04-03,UUP,0.00552703
2020-04-06,EEM,0.05463325
2020-04-06,GLD,0.02771052
2020-04-06,HYG,0.02433741
2020-04-06,SPY,0.06716628
2020-04-06,TLT,-0.00261153
2020-04-06,UUP,0.00036636
2020-04-07,EEM,0.00515163
2020-04-07,GLD,-0.00535448
2020-04-07,HYG,0.0
2020-04-07,SPY,0.00101936
2020-04-07,TLT,-0.01047281
2020-04-07,UUP,-0.00915757
2020-04-08,EEM,0.01025069
2020-04-08,GLD,-0.00890797
2020-04-08,HYG,0.0260154
2020-04-08,SPY,0.03356819
2020-04-08,TLT,-0.00727549
2020-04-08,UUP,0.00369695
2020-04-09,EEM,-0.00366433
2020-04-09,GLD,0.02612356
2020-04-09,HYG,0.06545906
2020-04-09,SPY,0.01521763
2020-04-09,TLT,0.00181706
2020-04-09,UUP,-0.00736642
2020-04-13,EEM,0.00141462
2020-04-13,GLD,0.01714034
2020-04-13,HYG,-0.01432719
2020-04-13,SPY,-0.00913042
2020-04-13,TLT,-0.00913018
2020-04-13,UUP,-0.00148435
2020-04-14,EEM,0.02288133
2020-04-14,GLD,0.00786809
2020-04-14,HYG,0.0041887
2020-04-14,SPY,0.02949314
2020-04-14,TLT,-0.00024349
2020-04-14,UUP,-0.00557411
2020-04-15,EEM,-0.0256836
2020-04-15,GLD,-0.00510196
2020-04-15,HYG,-0.00932285
2020-04-15,SPY,-0.021248
2020-04-15,TLT,0.02648906
2020-04-15,UUP,0.00747386
2020-04-16,EEM,0.00538566
2020-04-16,GLD,-0.00086499
2020-04-16,HYG,-0.0009915
2020-04-16,SPY,0.00482405
2020-04-16,TLT,0.01135662
2020-04-16,UUP,0.00445106
2020-04-17,EEM,0.02227196
2020-04-17,GLD,-0.01941747
2020-04-17,HYG,0.00508214
2020-04-17,SPY,0.02701554
2020-04-17,TLT,-0.01340448
2020-04-17,UUP,-0.002585
2020-04-20,EEM,-0.012686
2020-04-20,GLD,0.00712612
2020-04-20,HYG,-0.01504494
2020-04-20,SPY,-0.01761793
2020-04-20,TLT,0.0080449
2020-04-20,UUP,0.00333218
2020-04-21,EEM,-0.02765348
2020-04-21,GLD,-0.00682527
2020-04-21,HYG,-0.01827962
2020-04-21,SPY,-0.03036335
2020-04-21,TLT,0.01259139
2020-04-21,UUP,0.00147589
2020-04-22,EEM,0.02729089
2020-04-22,GLD,0.01967086
2020-04-22,HYG,0.0087999
2020-04-22,SPY,0.02219449
2020-04-22,TLT,-0.01021619
2020-04-22,UUP,0.00294775
2020-04-23,EEM,-0.00363515
2020-04-23,GLD,0.00995487
2020-04-23,HYG,-0.00050564
2020-04-23,SPY,-7.161e-05
2020-04-23,TLT,0.00530832
2020-04-23,UUP,0.00036739
2020-04-24,EEM,-0.00140332
2020-04-24,GLD,-0.00428552
2020-04-24,HYG,-0.00935992
2020-04-24,SPY,0.01393879
2020-04-24,TLT,0.00234692
2020-04-24,UUP,-0.00220334
2020-04-27,EEM,0.02023596
2020-04-27,GLD,-0.00664044
2020-04-27,HYG,0.00408535
2020-04-27,SPY,0.01441812
2020-04-27,TLT,-0.01861355
2020-04-27,UUP,-0.00257643
2020-04-28,EEM,0.00192824
2020-04-28,GLD,-0.00445656
2020-04-28,HYG,0.00305242
2020-04-28,SPY,-0.00459859
2020-04-28,TLT,0.01151112
2020-04-28,UUP,-0.00110712
2020-04-29,EEM,0.02914505
2020-04-29,GLD,0.00553345
2020-04-29,HYG,0.01762156
2020-04-29,SPY,0.0261786
2020-04-29,TLT,-0.00518905
2020-04-29,UUP,-0.00406347
2020-04-30,EEM,-0.02110617
2020-04-30,GLD,-0.01811657
2020-04-30,HYG,0.00199329
2020-04-30,SPY,-0.00931042
2020-04-30,TLT,-0.01167644
2020-04-30,UUP,-0.00630571
2020-05-01,EEM,-0.03602609
2020-05-01,GLD,0.00617126
2020-05-01,HYG,-0.01724919
2020-05-01,SPY,-0.02647338
2020-05-01,TLT,0.00856296
2020-05-01,UUP,0.00111993
2020-05-04,EEM,0.01075876
2020-05-04,GLD,0.0035048
2020-05-04,HYG,-0.00139824
2020-05-04,SPY,0.00275841
2020-05-04,TLT,-0.00470401
2020-05-04,UUP,0.00559265
2020-05-05,EEM,0.00560234
2020-05-05,GLD,0.00424104
2020-05-05,HYG,0.008655
2020-05-05,SPY,0.00923897
2020-05-05,TLT,-0.006401
2020-05-05,UUP,0.00074175
2020-05-06,EEM,-0.00306438
2020-05-06,GLD,-0.01285559
2020-05-06,HYG,-0.00567831
2020-05-06,SPY,-0.00677865
2020-05-06,TLT,-0.01613609
2020-05-06,UUP,0.00481655
2020-05-07,EEM,0.00810314
2020-05-07,GLD,0.01535075
2020-05-07,HYG,0.00253768
2020-05-07,SPY,0.01206676
2020-05-07,TLT,0.01670641
2020-05-07,UUP,-0.00294984
2020-05-08,EEM,0.02106462
2020-05-08,GLD,-0.00601029
2020-05-08,HYG,0.00949391
2020-05-08,SPY,0.01654632
2020-05-08,TLT,-0.01300069
2020-05-08,UUP,-0.00036975
2020-05-11,EEM,-0.00651507
2020-05-11,GLD,-0.00623364
2020-05-11,HYG,-0.00451439
2020-05-11,SPY,0.00020515
2020-05-11,TLT,-0.00780595
2020-05-11,UUP,0.00369952
2020-05-12,EEM,-0.00382524
2020-05-12,GLD,0.00388907
2020-05-12,HYG,-0.00125968
2020-05-12,SPY,-0.01993135
2020-05-12,TLT,0.01026503
2020-05-12,UUP,-0.00184294
2020-05-13,EEM,-0.00191972
2020-05-13,GLD,0.00962265
2020-05-13,HYG,-0.00529668
2020-05-13,SPY,-0.01768627
2020-05-13,TLT,0.00699613
2020-05-13,UUP,0.00184634
2020-05-14,EEM,0.00384731
2020-05-14,GLD,0.00885006
2020-05-14,HYG,-0.00342366
2020-05-14,SPY,0.01196751
2020-05-14,TLT,0.00978667
2020-05-14,UUP,0.00110581
2020-05-15,EEM,-0.01368772
2020-05-15,GLD,0.00564381
2020-05-15,HYG,0.00139952
2020-05-15,SPY,0.00459691
2020-05-15,TLT,-0.0025723
2020-05-15,UUP,0.00073631
2020-05-18,EEM,0.03913428
2020-05-18,GLD,-0.00756414
2020-05-18,HYG,0.01766021
2020-05-18,SPY,0.03045976
2020-05-18,TLT,-0.02195456
2020-05-18,UUP,-0.00809414
2020-05-19,EEM,-0.00801288
2020-05-19,GLD,0.00965021
2020-05-19,HYG,0.00124831
2020-05-19,SPY,-0.01027121
2020-05-19,TLT,0.00374144
2020-05-19,UUP,-0.00074178
2020-05-20,EEM,0.01319325
2020-05-20,GLD,0.00237428
2020-05-20,HYG,0.01059881
2020-05-20,SPY,0.01698798
2020-05-20,TLT,0.0029939
2020-05-20,UUP,-0.00334076
2020-05-21,EEM,-0.01142716
2020-05-21,GLD,-0.01457634
2020-05-21,HYG,-0.0002474
2020-05-21,SPY,-0.00690407
2020-05-21,TLT,0.00249782
2020-05-21,UUP,0.00223453
2020-05-22,EEM,-0.02069876
2020-05-22,GLD,0.00591684
2020-05-22,HYG,0.00246864
2020-05-22,SPY,0.00189929
2020-05-22,TLT,0.00601574
2020-05-22,UUP,0.00297294
2020-05-26,EEM,0.02195978
2020-05-26,GLD,-0.01421486
2020-05-26,HYG,0.00750955
2020-05-26,SPY,0.01232034
2020-05-26,TLT,-0.01340941
2020-05-26,UUP,-0.00741025
2020-05-27,EEM,0.00322333
2020-05-27,GLD,0.00180243
2020-05-27,HYG,0.00207705
2020-05-27,SPY,0.01487919
2020-05-27,TLT,-0.00183688
2020-05-27,UUP,-0.0003732
2020-05-28,EEM,-0.00696139
2020-05-28,GLD,0.00335034
2020-05-28,HYG,0.00097546
2020-05-28,SPY,-0.00184516
2020-05-28,TLT,-0.00368053
2020-05-28,UUP,-0.00522782
2020-05-29,EEM,0.01725564
2020-05-29,GLD,0.00735841
2020-05-29,HYG,0.00402026
2020-05-29,SPY,0.00445618
2020-05-29,TLT,0.00714141
2020-05-29,UUP,-0.00150145
2020-06-01,EEM,0.0230586
2020-06-01,GLD,0.00460377
2020-06-01,HYG,0.00756386
2020-06-01,SPY,0.00404147
2020-06-01,TLT,-0.00673236
2020-06-01,UUP,-0.00563907
2020-06-02,EEM,0.02383423
2020-06-02,GLD,-0.00647683
2020-06-02,HYG,0.00991281
2020-06-02,SPY,0.00828017
2020-06-02,TLT,-0.00363581
2020-06-02,UUP,-0.00113433
2020-06-03,EEM,0.02327928
2020-06-03,GLD,-0.01845018
2020-06-03,HYG,0.00466837
2020-06-03,SPY,0.01330839
2020-06-03,TLT,-0.01329738
2020-06-03,UUP,-0.00605591
2020-06-04,EEM,-0.01409493
2020-06-04,GLD,0.01052627
2020-06-04,HYG,-0.00309753
2020-06-04,SPY,-0.00262687
2020-06-04,TLT,-0.01447914
2020-06-04,UUP,-0.00380808
2020-06-05,EEM,0.02633545
2020-06-05,GLD,-0.02027532
2020-06-05,HYG,0.00944125
2020-06-05,SPY,0.02562954
2020-06-05,TLT,-0.00712315
2020-06-05,UUP,0.00191119
2020-06-08,EEM,0.00610953
2020-06-08,GLD,0.01082214
2020-06-08,HYG,0.00118447
2020-06-08,SPY,0.01208746
2020-06-08,TLT,0.00384411
2020-06-08,UUP,-0.00267072
2020-06-09,EEM,-0.00680093
2020-06-09,GLD,0.00964183
2020-06-09,HYG,-0.00780465
2020-06-09,SPY,-0.00745664
2020-06-09,TLT,0.01135815
2020-06-09,UUP,-0.00306035
2020-06-10,EEM,0.0073367
2020-06-10,GLD,0.01432477
2020-06-10,HYG,-0.00143115
2020-06-10,SPY,-0.00557997
2020-06-10,TLT,0.01482701
2020-06-10,UUP,-0.00498852
2020-06-11,EEM,-0.05219709
2020-06-11,GLD,-0.00721408
2020-06-11,HYG,-0.02566216
2020-06-11,SPY,-0.0576491
2020-06-11,TLT,0.01890114
2020-06-11,UUP,0.01002707
2020-06-12,EEM,0.0212602
2020-06-12,GLD,0.00141632
2020-06-12,HYG,0.00992267
2020-06-12,SPY,0.01197581
2020-06-12,TLT,-0.00964109
2020-06-12,UUP,0.00267276
2020-06-15,EEM,-0.00908174
2020-06-15,GLD,-0.00178326
2020-06-15,HYG,0.0097042
2020-06-15,SPY,0.00933583
2020-06-15,TLT,0.00055375
2020-06-15,UUP,-0.00418898
2020-06-16,EEM,0.00636458
2020-06-16,GLD,-0.00049283
2020-06-16,HYG,0.00408444
2020-06-16,SPY,0.01924768
2020-06-16,TLT,-0.01533283
2020-06-16,UUP,0.00305935
2020-06-17,EEM,0.00961288
2020-06-17,GLD,0.00191062
2020-06-17,HYG,-0.0046662
2020-06-17,SPY,-0.00415379
2020-06-17,TLT,0.00412793
2020-06-17,UUP,0.0007625
2020-06-18,EEM,0.00050116
2020-06-18,GLD,-0.00196846
2020-06-18,HYG,-0.00036057
2020-06-18,SPY,0.00038489
2020-06-18,TLT,0.01058805
2020-06-18,UUP,0.00380945
2020-06-19,EEM,-0.00025046
2020-06-19,GLD,0.011033
2020-06-19,HYG,-0.00336666
2020-06-19,SPY,-0.00571478
2020-06-19,TLT,0.00080009
2020-06-19,UUP,0.00113846
2020-06-22,EEM,0.01227457
2020-06-22,GLD,0.00646222
2020-06-22,HYG,-0.00072428
2020-06-22,SPY,0.00641508
2020-06-22,TLT,0.00012341
2020-06-22,UUP,-0.00530701
2020-06-23,EEM,0.00965113
2020-06-23,GLD,0.00841965
2020-06-23,HYG,0.00144904
2020-06-23,SPY,0.00460364
2020-06-23,TLT,-0.00683432
2020-06-23,UUP,-0.00342988
2020-06-24,EEM,-0.01323551
2020-06-24,GLD,-0.00348391
2020-06-24,HYG,-0.01024837
2020-06-24,SPY,-0.02550862
2020-06-24,TLT,0.01072509
2020-06-24,UUP,0.00458902
2020-06-25,EEM,0.00422275
2020-06-25,GLD,-0.00060272
2020-06-25,HYG,0.00036566
2020-06-25,SPY,0.01072065
2020-06-25,TLT,0.00288314
2020-06-25,UUP,0.0015226
2020-06-26,EEM,-0.01211962
2020-06-26,GLD,0.00446315
2020-06-26,HYG,-0.00949806
2020-06-26,SPY,-0.02375165
2020-06-26,TLT,0.01070289
2020-06-26,UUP,0.00152029
2020-06-29,EEM,0.00450654
2020-06-29,GLD,0.00054048
2020-06-29,HYG,-0.00565571
2020-06-29,SPY,0.01469735
2020-06-29,TLT,-0.00314618
2020-06-29,UUP,0.0003796
2020-06-30,EEM,-0.0032403
2020-06-30,GLD,0.00444092
2020-06-30,HYG,0.00914924
2020-06-30,SPY,0.01280947
2020-06-30,TLT,-0.00485712
2020-06-30,UUP,-0.00151749
2020-07-01,EEM,0.01125309
2020-07-01,GLD,-0.00448109
2020-07-01,HYG,0.00311305
2020-07-01,SPY,0.00700493
2020-07-01,TLT,-0.00194143
2020-07-01,UUP,-0.00227961
2020-07-02,EEM,0.02274968
2020-07-02,GLD,0.00216061
2020-07-02,HYG,0.00735937
2020-07-02,SPY,0.0055071
2020-07-02,TLT,0.00104027
2020-07-02,UUP,0.00076155
2020-07-06,EEM,0.04303661
2020-07-06,GLD,0.00598874
2020-07-06,HYG,0.00718357
2020-07-06,SPY,0.01543739
2020-07-06,TLT,-0.00409519
2020-07-06,UUP,-0.00532729
2020-07-07,EEM,-0.01669005
2020-07-07,GLD,0.00631026
2020-07-07,HYG,-0.00664892
2020-07-07,SPY,-0.01031406
2020-07-07,TLT,0.01405593
2020-07-07,UUP,0.00229539
2020-07-08,EEM,0.02593151
2020-07-08,GLD,0.00621157
2020-07-08,HYG,0.00267707
2020-07-08,SPY,0.00764854
2020-07-08,TLT,-0.00399519
2020-07-08,UUP,-0.00534347
2020-07-09,EEM,0.0
2020-07-09,GLD,-0.0027044
2020-07-09,HYG,-0.00218451
2020-07-09,SPY,-0.00569284
2020-07-09,TLT,0.01592254
2020-07-09,UUP,0.00345348
2020-07-10,EEM,-0.00643399
2020-07-10,GLD,-0.0025939
2020-07-10,HYG,0.00340594
2020-07-10,SPY,0.01021061
2020-07-10,TLT,-0.00502443
2020-07-10,UUP,-0.00152959
2020-07-13,EEM,-0.00670674
2020-07-13,GLD,0.00124116
2020-07-13,HYG,-0.00545513
2020-07-13,SPY,-0.00865908
2020-07-13,TLT,0.00330579
2020-07-13,UUP,-0.00153202
2020-07-14,EEM,0.00139697
2020-07-14,GLD,0.00466357
2020-07-14,HYG,0.00853214
2020-07-14,SPY,0.01295905
2020-07-14,TLT,0.00143891
2020-07-14,UUP,-0.00191779
2020-07-15,EEM,0.00302257
2020-07-15,GLD,0.00088133
2020-07-15,HYG,0.00568065
2020-07-15,SPY,0.00918714
2020-07-15,TLT,-0.00466839
2020-07-15,UUP,-0.0026903
2020-07-16,EEM,-0.01414003
2020-07-16,GLD,-0.00945169
2020-07-16,HYG,0.00096178
2020-07-16,SPY,-0.00329316
2020-07-16,TLT,0.00475029
2020-07-16,UUP,0.00346821
2020-07-17,EEM,0.00564328
2020-07-17,GLD,0.00823801
2020-07-17,HYG,0.00276095
2020-07-17,SPY,0.00289892
2020-07-17,TLT,-0.00209497
2020-07-17,UUP,-0.00422429
2020-07-20,EEM,0.01285929
2020-07-20,GLD,0.00482017
2020-07-20,HYG,0.00598696
2020-07-20,SPY,0.00808181
2020-07-20,TLT,0.00245819
2020-07-20,UUP,-0.00154257
2020-07-21,EEM,0.00923358
2020-07-21,GLD,0.012051
2020-07-21,HYG,0.0046416
2020-07-21,SPY,0.00212751
2020-07-21,TLT,0.00059895
2020-07-21,UUP,-0.00618014
2020-07-22,EEM,-0.00434585
2020-07-22,GLD,0.01520234
2020-07-22,HYG,0.002014
2020-07-22,SPY,0.005692
2020-07-22,TLT,0.00298852
2020-07-22,UUP,-0.00272045
2020-07-23,EEM,-0.00804032
2020-07-23,GLD,0.0088253
2020-07-23,HYG,-0.00070896
2020-07-23,SPY,-0.01193193
2020-07-23,TLT,0.01168098
2020-07-23,UUP,-0.00194843
2020-07-24,EEM,-0.00092642
2020-07-24,GLD,0.00857887
2020-07-24,HYG,0.00094586
2020-07-24,SPY,-0.00643995
2020-07-24,TLT,-5.858e-05
2020-07-24,UUP,-0.0042953
2020-07-27,EEM,0.01553095
2020-07-27,GLD,0.01975377
2020-07-27,HYG,0.00236419
2020-07-27,SPY,0.00729212
2020-07-27,TLT,-0.00371173
2020-07-27,UUP,-0.00745107
2020-07-28,EEM,-0.0082173
2020-07-28,GLD,0.00834113
2020-07-28,HYG,-0.00259423
2020-07-28,SPY,-0.00634237
2020-07-28,TLT,0.00691832
2020-07-28,UUP,0.00158053
2020-07-29,EEM,0.01611034
2020-07-29,GLD,0.00751023
2020-07-29,HYG,0.00555732
2020-07-29,SPY,0.01229899
2020-07-29,TLT,-0.00170269
2020-07-29,UUP,-0.00473375
2020-07-30,EEM,-0.01268387
2020-07-30,GLD,-0.00740026
2020-07-30,HYG,0.00211562
2020-07-30,SPY,-0.0035677
2020-07-30,TLT,0.00658851
2020-07-30,UUP,-0.00396363
2020-07-31,EEM,-0.00688251
2020-07-31,GLD,0.00908793
2020-07-31,HYG,0.00187785
2020-07-31,SPY,0.00790133
2020-07-31,TLT,-0.0006428
2020-07-31,UUP,0.00596902
2020-08-03,EEM,0.00693021
2020-08-03,GLD,0.00113254
2020-08-03,HYG,0.00024664
2020-08-03,SPY,0.00695231
2020-08-03,TLT,-0.00503482
2020-08-03,UUP,0.0
2020-08-04,EEM,0.01330567
2020-08-04,GLD,0.02127773
2020-08-04,HYG,-0.00035284
2020-08-04,SPY,0.00386283
2020-08-04,TLT,0.00953258
2020-08-04,UUP,-0.00356012
2020-08-05,EEM,0.01086701
2020-08-05,GLD,0.00928324
2020-08-05,HYG,0.00176403
2020-08-05,SPY,0.00621093
2020-08-05,TLT,-0.00874377
2020-08-05,UUP,-0.00436674
2020-08-06,EEM,0.00313573
2020-08-06,GLD,0.01327407
2020-08-06,HYG,0.00223057
2020-08-06,SPY,0.00668474
2020-08-06,TLT,0.00558649
2020-08-06,UUP,0.0
2020-08-07,EEM,-0.02054043
2020-08-07,GLD,-0.01588531
2020-08-07,HYG,-0.00245994
2020-08-07,SPY,0.00071771
2020-08-07,TLT,-0.00666552
2020-08-07,UUP,0.00598083
2020-08-10,EEM,0.00250719
2020-08-10,GLD,-0.00345896
2020-08-10,HYG,0.00047007
2020-08-10,SPY,0.00298903
2020-08-10,TLT,-0.00447379
2020-08-10,UUP,0.00158536
2020-08-11,EEM,-0.00272822
2020-08-11,GLD,-0.05369441
2020-08-11,HYG,-0.00903715
2020-08-11,SPY,-0.00825472
2020-08-11,TLT,-0.01188547
2020-08-11,UUP,0.00158286
2020-08-12,EEM,0.01345178
2020-08-12,GLD,-0.0046682
2020-08-12,HYG,0.00023663
2020-08-12,SPY,0.01394249
2020-08-12,TLT,-0.00909579
2020-08-12,UUP,-0.00316071
2020-08-13,EEM,-0.00292446
2020-08-13,GLD,0.02361807
2020-08-13,HYG,-0.00272255
2020-08-13,SPY,-0.00180821
2020-08-13,TLT,-0.01068877
2020-08-13,UUP,-0.00039636
2020-08-14,EEM,-0.00180509
2020-08-14,GLD,-0.00430922
2020-08-14,HYG,-0.00178017
2020-08-14,SPY,3.018e-05
2020-08-14,TLT,-0.00390732
2020-08-14,UUP,-0.00158608
2020-08-17,EEM,0.01265816
2020-08-17,GLD,0.02169391
2020-08-17,HYG,0.00594638
2020-08-17,SPY,0.0031764
2020-08-17,TLT,0.00251305
2020-08-17,UUP,-0.00436856
2020-08-18,EEM,-0.00111606
2020-08-18,GLD,0.009008
2020-08-18,HYG,0.00153688
2020-08-18,SPY,0.00216041
2020-08-18,TLT,0.00715187
2020-08-18,UUP,-0.00558432
2020-08-19,EEM,-0.01229081
2020-08-19,GLD,-0.03156546
2020-08-19,HYG,-0.00283349
2020-08-19,SPY,-0.00416386
2020-08-19,TLT,-0.00625116
2020-08-19,UUP,0.00802239
2020-08-20,EEM,-0.00316726
2020-08-20,GLD,0.00691393
2020-08-20,HYG,0.00331507
2020-08-20,SPY,0.00311381
2020-08-20,TLT,0.00903909
2020-08-20,UUP,-0.00278549
2020-08-21,EEM,0.00499336
2020-08-21,GLD,-0.00801091
2020-08-21,HYG,-0.0001186
2020-08-21,SPY,0.00354754
2020-08-21,TLT,0.00599219
2020-08-21,UUP,0.00478853
2020-08-24,EEM,0.01106596
2020-08-24,GLD,-0.0056584
2020-08-24,HYG,0.00460276
2020-08-24,SPY,0.01013304
2020-08-24,TLT,-0.0016247
2020-08-24,UUP,0.0015886
2020-08-25,EEM,0.01005132
2020-08-25,GLD,0.00121548
2020-08-25,HYG,0.00105728
2020-08-25,SPY,0.00349906
2020-08-25,TLT,-0.00765385
2020-08-25,UUP,-0.00356868
2020-08-26,EEM,0.0026535
2020-08-26,GLD,0.01180885
2020-08-26,HYG,-0.0001172
2020-08-26,SPY,0.01002585
2020-08-26,TLT,-0.00382572
2020-08-26,UUP,-0.00119382
2020-08-27,EEM,-0.00838096
2020-08-27,GLD,-0.01156193
2020-08-27,HYG,-0.00152571
2020-08-27,SPY,0.00218629
2020-08-27,TLT,-0.01700953
2020-08-27,UUP,0.00119525
2020-08-28,EEM,0.01312276
2020-08-28,GLD,0.01738024
2020-08-28,HYG,0.00082275
2020-08-28,SPY,0.00645959
2020-08-28,TLT,-0.00074356
2020-08-28,UUP,-0.00795854
2020-08-31,EEM,-0.02217352
2020-08-31,GLD,0.00238626
2020-08-31,HYG,-0.00140949
2020-08-31,SPY,-0.00362273
2020-08-31,TLT,0.00664034
2020-08-31,UUP,-0.0012034
2020-09-01,EEM,0.01706338
2020-09-01,GLD,0.00119029
2020-09-01,HYG,0.00544354
2020-09-01,SPY,0.00941878
2020-09-01,TLT,0.01143812
2020-09-01,UUP,0.00200817
2020-09-02,EEM,-0.00264901
2020-09-02,GLD,-0.01313163
2020-09-02,HYG,0.00117429
2020-09-02,SPY,0.01446417
2020-09-02,TLT,0.00952036
2020-09-02,UUP,0.00360712
2020-09-03,EEM,-0.01903481
2020-09-03,GLD,-0.00810424
2020-09-03,HYG,-0.00621645
2020-09-03,SPY,-0.03441452
2020-09-03,TLT,0.00284145
2020-09-03,UUP,0.00039928
2020-09-04,EEM,0.0004512
2020-09-04,GLD,0.0027603
2020-09-04,HYG,-0.00271564
2020-09-04,SPY,-0.00816469
2020-09-04,TLT,-0.01898891
2020-09-04,UUP,0.00159693
2020-09-08,EEM,-0.01736599
2020-09-08,GLD,-0.00192692
2020-09-08,HYG,-0.00556286
2020-09-08,SPY,-0.02732293
2020-09-08,TLT,0.00614545
2020-09-08,UUP,0.0051813
2020-09-09,EEM,0.01491851
2020-09-09,GLD,0.00970826
2020-09-09,HYG,0.00785525
2020-09-09,SPY,0.01974744
2020-09-09,TLT,-0.00268736
2020-09-09,UUP,-0.00158608
2020-09-10,EEM,-0.01605607
2020-09-10,GLD,-0.00322314
2020-09-10,HYG,-0.00472362
2020-09-10,SPY,-0.01736353
2020-09-10,TLT,0.00508214
2020-09-10,UUP,0.00198575
2020-09-11,EEM,0.00965326
2020-09-11,GLD,-5.486e-05
2020-09-11,HYG,0.00201779
2020-09-11,SPY,0.00050912
2020-09-11,TLT,0.00213233
2020-09-11,UUP,-0.00198182
2020-09-14,EEM,0.01616186
2020-09-14,GLD,0.00789259
2020-09-14,HYG,-0.00106655
2020-09-14,SPY,0.01317121
2020-09-14,TLT,-6.054e-05
2020-09-14,UUP,-0.00238273
2020-09-15,EEM,0.01052866
2020-09-15,GLD,-0.00239275
2020-09-15,HYG,0.0027266
2020-09-15,SPY,0.00505219
2020-09-15,TLT,-0.00243201
2020-09-15,UUP,0.00079602
2020-09-16,EEM,-0.00133008
2020-09-16,GLD,0.00283458
2020-09-16,HYG,0.0
2020-09-16,SPY,-0.00396876
2020-09-16,TLT,-0.00298644
2020-09-16,UUP,0.00119335
2020-09-17,EEM,-0.00399566
2020-09-17,GLD,-0.00549
2020-09-17,HYG,-0.00106403
2020-09-17,SPY,-0.00879481
2020-09-17,TLT,0.00305717
2020-09-17,UUP,-0.0035756
2020-09-18,EEM,-0.0078002
2020-09-18,GLD,0.00131171
2020-09-18,HYG,-0.00248475
2020-09-18,SPY,-0.01151277
2020-09-18,TLT,-0.00310877
2020-09-18,UUP,0.00119611
2020-09-21,EEM,-0.00920933
2020-09-21,GLD,-0.0200873
2020-09-21,HYG,-0.00806713
2020-09-21,SPY,-0.0111298
2020-09-21,TLT,0.00507398
2020-09-21,UUP,0.00716854
2020-09-22,EEM,-0.00748145
2020-09-22,GLD,-0.00484631
2020-09-22,HYG,0.0034679
2020-09-22,SPY,0.01018471
2020-09-22,TLT,-0.0007906
2020-09-22,UUP,0.00355854
2020-09-23,EEM,-0.01553194
2020-09-23,GLD,-0.0216065
2020-09-23,HYG,-0.01013093
2020-09-23,SPY,-0.02319118
2020-09-23,TLT,0.00133906
2020-09-23,UUP,0.00551629
2020-09-24,EEM,-0.00464051
2020-09-24,GLD,0.0037188
2020-09-24,HYG,0.0006019
2020-09-24,SPY,0.0026657
2020-09-24,TLT,0.00382997
2020-09-24,UUP,-0.00156744
2020-09-25,EEM,0.00093247
2020-09-25,GLD,-0.00284998
2020-09-25,HYG,-0.00180499
2020-09-25,SPY,0.01616667
2020-09-25,TLT,0.0
2020-09-25,UUP,0.00274715
2020-09-28,EEM,0.01117849
2020-09-28,GLD,0.01006056
2020-09-28,HYG,0.00650982
2020-09-28,SPY,0.01660912
2020-09-28,TLT,-0.00284616
2020-09-28,UUP,-0.00313102
2020-09-29,EEM,-0.00069108
2020-09-29,GLD,0.0084324
2020-09-29,HYG,0.00083848
2020-09-29,SPY,-0.00544585
2020-09-29,TLT,0.00115408
2020-09-29,UUP,-0.00471136
2020-09-30,EEM,0.01613282
2020-09-30,GLD,-0.00600487
2020-09-30,HYG,0.0040689
2020-09-30,SPY,0.007582
2020-09-30,TLT,-0.00958503
2020-09-30,UUP,0.0
2020-10-01,EEM,0.00929905
2020-10-01,GLD,0.00892052
2020-10-01,HYG,0.00343531
2020-10-01,SPY,0.00642023
2020-10-01,TLT,0.00164891
2020-10-01,UUP,-0.00157803
2020-10-02,EEM,-0.01146053
2020-10-02,GLD,-0.00089538
2020-10-02,HYG,0.0
2020-10-02,SPY,-0.00949469
2020-10-02,TLT,-0.00373318
2020-10-02,UUP,0.00237066
2020-10-05,EEM,0.01341212
2020-10-05,GLD,0.00487292
2020-10-05,HYG,0.00751493
2020-10-05,SPY,0.01773297
2020-10-05,TLT,-0.01953988
2020-10-05,UUP,-0.00433576
2020-10-06,EEM,0.00179446
2020-10-06,GLD,-0.01176077
2020-10-06,HYG,-0.0022493
2020-10-06,SPY,-0.01421596
2020-10-06,TLT,0.00538931
2020-10-06,UUP,0.00277107
2020-10-07,EEM,0.01097171
2020-10-07,GLD,-0.00045122
2020-10-07,HYG,0.00356
2020-10-07,SPY,0.01740684
2020-10-07,TLT,-0.00729257
2020-10-07,UUP,-0.00118422
2020-10-08,EEM,0.00819492
2020-10-08,GLD,0.00355493
2020-10-08,HYG,0.00224718
2020-10-08,SPY,0.00886242
2020-10-08,TLT,0.00539957
2020-10-08,UUP,-0.00039527
2020-10-09,EEM,0.00681021
2020-10-09,GLD,0.01816135
2020-10-09,HYG,0.00224102
2020-10-09,SPY,0.00893029
2020-10-09,TLT,-0.00018708
2020-10-09,UUP,-0.00593134
2020-10-12,EEM,0.00872797
2020-10-12,GLD,-0.00287168
2020-10-12,HYG,0.00506218
2020-10-12,SPY,0.01608734
2020-10-12,TLT,0.0031855
2020-10-12,UUP,-0.00119326
2020-10-13,EEM,-0.0041099
2020-10-13,GLD,-0.01572882
2020-10-13,HYG,-0.00445111
2020-10-13,SPY,-0.00652591
2020-10-13,TLT,0.0071612
2020-10-13,UUP,0.00597377
2020-10-14,EEM,-0.00673329
2020-10-14,GLD,0.00309477
2020-10-14,HYG,-0.00247006
2020-10-14,SPY,-0.00628348
2020-10-14,TLT,0.00228698
2020-10-14,UUP,-0.00237535
2020-10-15,EEM,-0.00721613
2020-10-15,GLD,0.00364612
2020-10-15,HYG,-0.00070766
2020-10-15,SPY,-0.00123573
2020-10-15,TLT,-0.00172678
2020-10-15,UUP,0.00476184
2020-10-16,EEM,0.0035242
2020-10-16,GLD,-0.00346521
2020-10-16,HYG,-0.00118083
2020-10-16,SPY,-0.00060435
2020-10-16,TLT,-0.00278054
2020-10-16,UUP,-0.00118469
2020-10-19,EEM,-0.00285349
2020-10-19,GLD,0.00050475
2020-10-19,HYG,-0.00354473
2020-10-19,SPY,-0.01520347
2020-10-19,TLT,-0.00377989
2020-10-19,UUP,-0.00316338
2020-10-20,EEM,0.01100588
2020-10-20,GLD,0.0048209
2020-10-20,HYG,0.00355734
2020-10-20,SPY,0.00400597
2020-10-20,TLT,-0.00951606
2020-10-20,UUP,-0.00317342
2020-10-21,EEM,0.00283041
2020-10-21,GLD,0.00753141
2020-10-21,HYG,-0.00011773
2020-10-21,SPY,-0.00189319
2020-10-21,TLT,-0.00345345
2020-10-21,UUP,-0.00517305
2020-10-22,EEM,-0.00021712
2020-10-22,GLD,-0.00980069
2020-10-22,HYG,0.00177195
2020-10-22,SPY,0.00548519
2020-10-22,TLT,-0.01039695
2020-10-22,UUP,0.00399992
2020-10-23,EEM,0.00586333
2020-10-23,GLD,-0.00106248
2020-10-23,HYG,0.00118002
2020-10-23,SPY,0.00339523
2020-10-23,TLT,0.00611286
2020-10-23,UUP,-0.00239032
2020-10-26,EEM,-0.01295327
2020-10-26,GLD,-0.00050379
2020-10-26,HYG,-0.00883658
2020-10-26,SPY,-0.01847984
2020-10-26,TLT,0.00930303
2020-10-26,UUP,0.00359416
2020-10-27,EEM,0.0043742
2020-10-27,GLD,0.00263232
2020-10-27,HYG,0.00047528
2020-10-27,SPY,-0.00344755
2020-10-27,TLT,0.00670899
2020-10-27,UUP,-0.00198953
2020-10-28,EEM,-0.02504338
2020-10-28,GLD,-0.01614344
2020-10-28,HYG,-0.00831762
2020-10-28,SPY,-0.03417861
2020-10-28,TLT,0.00093437
2020-10-28,UUP,0.00637947
2020-10-29,EEM,0.01005132
2020-10-29,GLD,-0.00414473
2020-10-29,HYG,0.00287568
2020-10-29,SPY,0.01016358
2020-10-29,TLT,-0.00970778
2020-10-29,UUP,0.00396206
2020-10-30,EEM,-0.01127824
2020-10-30,GLD,0.00456102
2020-10-30,HYG,0.00215043
2020-10-30,SPY,-0.01042511
2020-10-30,TLT,-0.00986522
2020-10-30,UUP,0.00118384
2020-11-02,EEM,0.01274868
2020-11-02,GLD,0.00970492
2020-11-02,HYG,0.00238231
2020-11-02,SPY,0.01120858
2020-11-02,TLT,0.00749053
2020-11-02,UUP,0.00118253
2020-11-03,EEM,0.00441709
2020-11-03,GLD,0.005677
2020-11-03,HYG,0.00860036
2020-11-03,SPY,0.01765568
2020-11-03,TLT,-0.00580175
2020-11-03,UUP,-0.00551177
2020-11-04,EEM,0.03144248
2020-11-04,GLD,-0.00055886
2020-11-04,HYG,0.00935542
2020-11-04,SPY,0.02234957
2020-11-04,TLT,0.02169219
2020-11-04,UUP,-0.00158357
2020-11-05,EEM,0.01705396
2020-11-05,GLD,0.02298392
2020-11-05,HYG,0.00352063
2020-11-05,SPY,0.01950261
2020-11-05,TLT,0.00173836
2020-11-05,UUP,-0.00951631
2020-11-06,EEM,0.00461107
2020-11-06,GLD,0.00142136
2020-11-06,HYG,-0.00350828
2020-11-06,SPY,-0.00022844
2020-11-06,TLT,-0.01208422
2020-11-06,UUP,-0.00360297
2020-11-09,EEM,0.00688491
2020-11-09,GLD,-0.04427098
2020-11-09,HYG,0.0076272
2020-11-09,SPY,0.0125655
2020-11-09,TLT,-0.02101548
2020-11-09,UUP,0.00642835
2020-11-10,EEM,-0.01139635
2020-11-10,GLD,0.00331278
2020-11-10,HYG,-0.00139743
2020-11-10,SPY,-0.00146637
2020-11-10,TLT,-0.00576708
2020-11-10,UUP,0.0
2020-11-11,EEM,0.00649751
2020-11-11,GLD,-0.0043266
2020-11-11,HYG,-0.0003498
2020-11-11,SPY,0.00742821
2020-11-11,TLT,0.00360896
2020-11-11,UUP,0.00119772
2020-11-12,EEM,-0.00749697
2020-11-12,GLD,0.00606068
2020-11-12,HYG,-0.00676543
2020-11-12,SPY,-0.00970066
2020-11-12,TLT,0.01701787
2020-11-12,UUP,0.0
2020-11-13,EEM,0.01405793
2020-11-13,GLD,0.00681971
2020-11-13,HYG,0.003406
2020-11-13,SPY,0.01384419
2020-11-13,TLT,-0.00132585
2020-11-13,UUP,-0.00199367
2020-11-16,EEM,0.01241465
2020-11-16,GLD,-5.65e-05
2020-11-16,HYG,0.00561765
2020-11-16,SPY,0.01248278
2020-11-16,TLT,-0.00240284
2020-11-16,UUP,-0.00239718
2020-11-17,EEM,-0.00102176
2020-11-17,GLD,-0.00366917
2020-11-17,HYG,0.00034897
2020-11-17,SPY,-0.00537833
2020-11-17,TLT,0.0065283
2020-11-17,UUP,-0.00160187
2020-11-18,EEM,-0.0034778
2020-11-18,GLD,-0.00572235
2020-11-18,HYG,-0.00186148
2020-11-18,SPY,-0.01203459
2020-11-18,TLT,0.00289673
2020-11-18,UUP,0.00040113
2020-11-19,EEM,0.00164231
2020-11-19,GLD,-0.00188046
2020-11-19,HYG,0.00338066
2020-11-19,SPY,0.00421013
2020-11-19,TLT,0.00514805
2020-11-19,UUP,-0.00160389
2020-11-20,EEM,0.0055337
2020-11-20,GLD,0.0030258
2020-11-20,HYG,-0.00185891
2020-11-20,SPY,-0.00684792
2020-11-20,TLT,0.00886993
2020-11-20,UUP,0.00120485
2020-11-23,EEM,0.00264992
2020-11-23,GLD,-0.01969382
2020-11-23,HYG,0.00151304
2020-11-23,SPY,0.00599448
2020-11-23,TLT,-0.00458101
2020-11-23,UUP,0.00160444
2020-11-24,EEM,0.01341719
2020-11-24,GLD,-0.01532834
2020-11-24,HYG,0.00302109
2020-11-24,SPY,0.01611376
2020-11-24,TLT,-0.00995258
2020-11-24,UUP,-0.00480571
2020-11-25,EEM,-0.00561665
2020-11-25,GLD,-0.00047174
2020-11-25,HYG,-0.000463
2020-11-25,SPY,-0.00154172
2020-11-25,TLT,-0.00307806
2020-11-25,UUP,-0.00160961
2020-11-27,EEM,0.00948162
2020-11-27,GLD,-0.0101469
2020-11-27,HYG,0.00162233
2020-11-27,SPY,0.00278502
2020-11-27,TLT,0.00970466
2020-11-27,UUP,-0.00201545
2020-11-30,EEM,-0.02617922
2020-11-30,GLD,-0.00667498
2020-11-30,HYG,-0.00104127
2020-11-30,SPY,-0.0044272
2020-11-30,TLT,-0.00124817
2020-11-30,UUP,0.00242323
2020-12-01,EEM,0.01970039
2020-12-01,GLD,0.02105955
2020-12-01,HYG,0.0025708
2020-12-01,SPY,0.01093731
2020-12-01,TLT,-0.01474431
2020-12-01,UUP,-0.00886359
2020-12-02,EEM,0.00140875
2020-12-02,GLD,0.00752153
2020-12-02,HYG,0.00278388
2020-12-02,SPY,0.00210379
2020-12-02,TLT,-0.00793688
2020-12-02,UUP,-0.00121963
2020-12-03,EEM,0.01145503
2020-12-03,GLD,0.0078735
2020-12-03,HYG,0.00057861
2020-12-03,SPY,-0.00027262
2020-12-03,TLT,0.00806403
2020-12-03,UUP,-0.00529104
2020-12-04,EEM,0.01033178
2020-12-04,GLD,-0.00283543
2020-12-04,HYG,0.00416251
2020-12-04,SPY,0.00861778
2020-12-04,TLT,-0.01466533
2020-12-04,UUP,0.00122753
2020-12-07,EEM,0.0
2020-12-07,GLD,0.01491407
2020-12-07,HYG,-0.00046096
2020-12-07,SPY,-0.00205507
2020-12-07,TLT,0.00902049
2020-12-07,UUP,0.00163469
2020-12-08,EEM,0.00039334
2020-12-08,GLD,0.00348791
2020-12-08,HYG,-0.00080634
2020-12-08,SPY,0.00292593
2020-12-08,TLT,0.00472538
2020-12-08,UUP,0.00122384
2020-12-09,EEM,-0.00864936
2020-12-09,GLD,-0.01709402
2020-12-09,HYG,-0.00149867
2020-12-09,SPY,-0.00896868
2020-12-09,TLT,-0.00330466
2020-12-09,UUP,0.0004076
2020-12-10,EEM,0.01288897
2020-12-10,GLD,-0.00191305
2020-12-10,HYG,0.00184792
2020-12-10,SPY,-0.00032723
2020-12-10,TLT,0.00886342
2020-12-10,UUP,-0.00285139
2020-12-11,EEM,-0.00704768
2020-12-11,GLD,0.00185867
2020-12-11,HYG,-0.00103719
2020-12-11,SPY,-0.00117256
2020-12-11,TLT,0.00353934
2020-12-11,UUP,0.00245095
2020-12-14,EEM,-0.00519935
2020-12-14,GLD,-0.00550764
2020-12-14,HYG,0.00023012
2020-12-14,SPY,-0.00447698
2020-12-14,TLT,-0.00277109
2020-12-14,UUP,-0.00285237
2020-12-15,EEM,0.01081321
2020-12-15,GLD,0.01399096
2020-12-15,HYG,0.00311428
2020-12-15,SPY,0.01351946
2020-12-15,TLT,-0.00334728
2020-12-15,UUP,-0.0032693
2020-12-16,EEM,0.00475428
2020-12-16,GLD,0.0055191
2020-12-16,HYG,-0.00149471
2020-12-16,SPY,0.00156905
2020-12-16,TLT,-0.00266184
2020-12-16,UUP,-0.00123004
2020-12-17,EEM,0.00650639
2020-12-17,GLD,0.01052036
2020-12-17,HYG,0.00149146
2020-12-17,SPY,0.0055922
2020-12-17,TLT,-0.00264616
2020-12-17,UUP,-0.00533666
2020-12-18,EEM,-0.00117528
2020-12-18,GLD,-0.00169743
2020-12-18,HYG,0.0008086
2020-12-18,SPY,-0.003993
2020-12-18,TLT,-0.00299731
2020-12-18,UUP,0.00123826
2020-12-21,EEM,-0.01470882
2020-12-21,GLD,-0.00317387
2020-12-21,HYG,-0.00357645
2020-12-21,SPY,-0.00357545
2020-12-21,TLT,0.0039661
2020-12-21,UUP,0.00206087
2020-12-22,EEM,-0.00796177
2020-12-22,GLD,-0.00790311
2020-12-22,HYG,0.00127347
2020-12-22,SPY,-0.00168554
2020-12-22,TLT,0.00516092
2020-12-22,UUP,0.00534763
2020-12-23,EEM,0.0102327
2020-12-23,GLD,0.00664788
2020-12-23,HYG,0.00450947
2020-12-23,SPY,0.0008987
2020-12-23,TLT,-0.0069091
2020-12-23,UUP,-0.00450075
2020-12-24,EEM,-0.00436935
2020-12-24,GLD,0.00398527
2020-12-24,HYG,0.00207208
2020-12-24,SPY,0.0038905
2020-12-24,TLT,0.00395737
2020-12-24,UUP,0.00082196
2020-12-28,EEM,0.00279273
2020-12-28,GLD,-0.00362914
2020-12-28,HYG,0.00126431
2020-12-28,SPY,0.00859088
2020-12-28,TLT,0.00044497
2020-12-28,UUP,0.0
2020-12-29,EEM,0.01491931
2020-12-29,GLD,0.00364236
2020-12-29,HYG,-0.00126271
2020-12-29,SPY,-0.00190779
2020-12-29,TLT,-0.00127129
2020-12-29,UUP,-0.0032855
2020-12-30,EEM,0.01332799
2020-12-30,GLD,0.00765518
2020-12-30,HYG,0.00206833
2020-12-30,SPY,0.0014268
2020-12-30,TLT,0.00216346
2020-12-30,UUP,-0.00412023
2020-12-31,EEM,-0.00057996
2020-12-31,GLD,0.00371415
2020-12-31,HYG,0.00080231
2020-12-31,SPY,0.00508082
2020-12-31,TLT,0.00146081
2020-12-31,UUP,0.00289622
2021-01-04,EEM,0.00638668
2021-01-04,GLD,0.02225836
2021-01-04,HYG,-0.00206169
2021-01-04,SPY,-0.01361399
2021-01-04,TLT,-0.00120485
2021-01-04,UUP,0.0008251
2021-01-05,EEM,0.02403835
2021-01-05,GLD,0.00296163
2021-01-05,HYG,0.00034408
2021-01-05,SPY,0.00688714
2021-01-05,TLT,-0.00742689
2021-01-05,UUP,-0.00577077
2021-01-06,EEM,-0.00845078
2021-01-06,GLD,-0.01624105
2021-01-06,HYG,-0.0018357
2021-01-06,SPY,0.00597892
2021-01-06,TLT,-0.02052851
2021-01-06,UUP,-0.00124399
2021-01-07,EEM,0.00946978
2021-01-07,GLD,-0.00233462
2021-01-07,HYG,0.0028735
2021-01-07,SPY,0.01485722
2021-01-07,TLT,-0.00881408
2021-01-07,UUP,0.00581159
2021-01-08,EEM,0.02645398
2021-01-08,GLD,-0.03420994
2021-01-08,HYG,0.00149008
2021-01-08,SPY,0.0056975
2021-01-08,TLT,-0.00322739
2021-01-08,UUP,0.00165079
2021-01-11,EEM,-0.01352588
2021-01-11,GLD,-0.00196144
2021-01-11,HYG,-0.00537958
2021-01-11,SPY,-0.00674035
2021-01-11,TLT,-0.00165178
2021-01-11,UUP,0.00618062
2021-01-12,EEM,0.00982046
2021-01-12,GLD,0.00647396
2021-01-12,HYG,0.00126607
2021-01-12,SPY,0.0002109
2021-01-12,TLT,-0.00079498
2021-01-12,UUP,-0.00532345
2021-01-13,EEM,0.0022016
2021-01-13,GLD,-0.00430737
2021-01-13,HYG,0.00298822
2021-01-13,SPY,0.00269327
2021-01-13,TLT,0.01126164
2021-01-13,UUP,0.00329352
2021-01-14,EEM,0.00933736
2021-01-14,GLD,-0.0005191
2021-01-14,HYG,-0.00022935
2021-01-14,SPY,-0.0035022
2021-01-14,TLT,-0.00936734
2021-01-14,UUP,-0.00205184
2021-01-15,EEM,-0.01414837
2021-01-15,GLD,-0.01240763
2021-01-15,HYG,-0.00160407
2021-01-15,SPY,-0.00729263
2021-01-15,TLT,0.00396774
2021-01-15,UUP,0.00657892
2021-01-19,EEM,0.01655933
2021-01-19,GLD,0.00847307
2021-01-19,HYG,0.00286955
2021-01-19,SPY,0.00785203
2021-01-19,TLT,0.00322754
2021-01-19,UUP,-0.00285946
2021-01-20,EEM,0.01755663
2021-01-20,GLD,0.01628229
2021-01-20,HYG,0.00183158
2021-01-20,SPY,0.01383857
2021-01-20,TLT,0.00098456
2021-01-20,UUP,-0.00040968
2021-01-21,EEM,0.00177867
2021-01-21,GLD,-0.00062718
2021-01-21,HYG,-0.00057155
2021-01-21,SPY,0.00091173
2021-01-21,TLT,-0.00701841
2021-01-21,UUP,-0.00450803
2021-01-22,EEM,-0.00870041
2021-01-22,GLD,-0.00787315
2021-01-22,HYG,-0.0019431
2021-01-22,SPY,-0.00353967
2021-01-22,TLT,0.0032364
2021-01-22,UUP,0.00205833
2021-01-25,EEM,0.00752274
2021-01-25,GLD,0.00086262
2021-01-25,HYG,0.00022867
2021-01-25,SPY,0.00394387
2021-01-25,TLT,0.0117861
2021-01-25,UUP,0.00123266
2021-01-26,EEM,-0.00728876
2021-01-26,GLD,-0.0024706
2021-01-26,HYG,-0.00148872
2021-01-26,SPY,-0.00156094
2021-01-26,TLT,-0.00188735
2021-01-26,UUP,-0.00287254
2021-01-27,EEM,-0.02775775
2021-01-27,GLD,-0.00633562
2021-01-27,HYG,-0.00286697
2021-01-27,SPY,-0.02444026
2021-01-27,TLT,0.00254294
2021-01-27,UUP,0.0061729
2021-01-28,EEM,0.00699929
2021-01-28,GLD,0.00092736
2021-01-28,HYG,0.00299009
2021-01-28,SPY,0.00860006
2021-01-28,TLT,-0.00552759
2021-01-28,UUP,-0.00245396
2021-01-29,EEM,-0.02487648
2021-01-29,GLD,-0.00040533
2021-01-29,HYG,-0.00263735
2021-01-29,SPY,-0.0200194
2021-01-29,TLT,-0.0060166
2021-01-29,UUP,0.00123004
2021-02-01,EEM,0.02701195
2021-02-01,GLD,0.00938529
2021-02-01,HYG,0.00320804
2021-02-01,SPY,0.01664517
2021-02-01,TLT,0.00115939
2021-02-01,UUP,0.00491385
2021-02-02,EEM,0.01296787
2021-02-02,GLD,-0.0121678
2021-02-02,HYG,0.00241645
2021-02-02,SPY,0.01414083
2021-02-02,TLT,-0.00644713
2021-02-02,UUP,0.00122261
2021-02-03,EEM,0.00504875
2021-02-03,GLD,-0.00151063
2021-02-03,HYG,0.00080235
2021-02-03,SPY,0.00078598
2021-02-03,TLT,-0.00887354
2021-02-03,UUP,-0.00040701
2021-02-04,EEM,0.00035864
2021-02-04,GLD,-0.02153047
2021-02-04,HYG,0.0020648
2021-02-04,SPY,0.01136592
2021-02-04,TLT,-0.00267216
2021-02-04,UUP,0.00447885
2021-02-05,EEM,0.00860849
2021-02-05,GLD,0.00987216
2021-02-05,HYG,0.0014869
2021-02-05,SPY,0.00393557
2021-02-05,TLT,-0.00837343
2021-02-05,UUP,-0.00567487
2021-02-08,EEM,0.00177819
2021-02-08,GLD,0.01007012
2021-02-08,HYG,0.00297093
2021-02-08,SPY,0.00722197
2021-02-08,TLT,0.00439128
2021-02-08,UUP,-0.00040767
2021-02-09,EEM,0.01064926
2021-02-09,GLD,0.00326491
2021-02-09,HYG,-0.00182267
2021-02-09,SPY,-0.00066594
2021-02-09,TLT,0.0007399
2021-02-09,UUP,-0.00530183
2021-02-10,EEM,0.00351265
2021-02-10,GLD,0.00366112
2021-02-10,HYG,-0.00022795
2021-02-10,SPY,-0.00043556
2021-02-10,TLT,0.00665372
2021-02-10,UUP,-0.00041001
2021-02-11,EEM,0.01067559
2021-02-11,GLD,-0.00868508
2021-02-11,HYG,0.00045613
2021-02-11,SPY,0.00161504
2021-02-11,TLT,-0.00547498
2021-02-11,UUP,-0.00041009
2021-02-12,EEM,0.00086581
2021-02-12,GLD,-0.00303723
2021-02-12,HYG,0.00159756
2021-02-12,SPY,0.00493984
2021-02-12,TLT,-0.01241928
2021-02-12,UUP,0.00082061
2021-02-16,EEM,0.00242221
2021-02-16,GLD,-0.01435349
2021-02-16,HYG,-0.00159501
2021-02-16,SPY,-0.0008659
2021-02-16,TLT,-0.01522671
2021-02-16,UUP,0.0
2021-02-17,EEM,0.0003451
2021-02-17,GLD,-0.01135285
2021-02-17,HYG,-0.00034209
2021-02-17,SPY,0.00022945
2021-02-17,TLT,0.00635032
2021-02-17,UUP,0.00409996
2021-02-18,EEM,-0.01380253
2021-02-18,GLD,-6.009e-05
2021-02-18,HYG,-0.00136965
2021-02-18,SPY,-0.00425619
2021-02-18,TLT,-0.00404674
2021-02-18,UUP,-0.00326663
2021-02-19,EEM,0.00647295
2021-02-19,GLD,0.00414855
2021-02-19,HYG,0.00011403
2021-02-19,SPY,-0.00176603
2021-02-19,TLT,-0.01329201
2021-02-19,UUP,-0.00245798
2021-02-22,EEM,-0.02937599
2021-02-22,GLD,0.01496916
2021-02-22,HYG,-0.00308515
2021-02-22,SPY,-0.00769144
2021-02-22,TLT,-0.00760833
2021-02-22,UUP,-0.00287463
2021-02-23,EEM,0.00447712
2021-02-23,GLD,-0.00230075
2021-02-23,HYG,0.00240695
2021-02-23,SPY,0.00121438
2021-02-23,TLT,-0.00288324
2021-02-23,UUP,0.00082356
2021-02-24,EEM,-0.00641827
2021-02-24,GLD,-0.00070953
2021-02-24,HYG,0.00102968
2021-02-24,SPY,0.01101951
2021-02-24,TLT,-0.00656021
2021-02-24,UUP,-0.00164595
2021-02-25,EEM,-0.02278856
2021-02-25,GLD,-0.01881652
2021-02-25,HYG,-0.00948271
2021-02-25,SPY,-0.02409608
2021-02-25,TLT,-0.01633036
2021-02-25,UUP,0.00329751
2021-02-26,EEM,-0.01340416
2021-02-26,GLD,-0.02418291
2021-02-26,HYG,-0.00299891
2021-02-26,SPY,-0.00515265
2021-02-26,TLT,0.03305882
2021-02-26,UUP,0.00739532
2021-03-01,EEM,0.02680064
2021-03-01,GLD,-0.00173042
2021-03-01,HYG,0.01122732
2021-03-01,SPY,0.02424037
2021-03-01,TLT,-0.01320752
2021-03-01,UUP,0.0008155
2021-03-02,EEM,-0.00978791
2021-03-02,GLD,0.00544793
2021-03-02,HYG,-0.00149262
2021-03-02,SPY,-0.00780308
2021-03-02,TLT,7.066e-05
2021-03-02,UUP,-0.00366739
2021-03-03,EEM,-0.0020136
2021-03-03,GLD,-0.01102154
2021-03-03,HYG,-0.00321973
2021-03-03,SPY,-0.01324601
2021-03-03,TLT,-0.01084561
2021-03-03,UUP,0.00286305
2021-03-04,EEM,-0.02329416
2021-03-04,GLD,-0.00983689
2021-03-04,HYG,-0.00380676
2021-03-04,SPY,-0.01237471
2021-03-04,TLT,-0.00644976
2021-03-04,UUP,0.00652517
2021-03-05,EEM,0.01089205
2021-03-05,GLD,0.00062881
2021-03-05,HYG,0.00301081
2021-03-05,SPY,0.01839677
2021-03-05,TLT,0.00194776
2021-03-05,UUP,0.00364677
2021-03-08,EEM,-0.02693674
2021-03-08,GLD,-0.01036819
2021-03-08,HYG,-0.00727372
2021-03-08,SPY,-0.00497879
2021-03-08,TLT,-0.00777451
2021-03-08,UUP,0.00565196
2021-03-09,EEM,0.02195498
2021-03-09,GLD,0.02127113
2021-03-09,HYG,0.00139598
2021-03-09,SPY,0.01427735
2021-03-09,TLT,0.01385727
2021-03-09,UUP,-0.00562019
2021-03-10,EEM,-0.00448332
2021-03-10,GLD,0.00509828
2021-03-10,HYG,0.00313548
2021-03-10,SPY,0.00622464
2021-03-10,TLT,0.00200369
2021-03-10,UUP,-0.0016149
2021-03-11,EEM,0.03152543
2021-03-11,GLD,-0.00086601
2021-03-11,HYG,0.00370457
2021-03-11,SPY,0.01013914
2021-03-11,TLT,-0.00721362
2021-03-11,UUP,-0.00485243
2021-03-12,EEM,-0.01782785
2021-03-12,GLD,-0.00018573
2021-03-12,HYG,-0.00276838
2021-03-12,SPY,0.00134669
2021-03-12,TLT,-0.02122092
2021-03-12,UUP,0.00325079
2021-03-15,EEM,0.00240773
2021-03-15,GLD,0.0043965
2021-03-15,HYG,0.00011581
2021-03-15,SPY,0.00596355
2021-03-15,TLT,0.00587954
2021-03-15,UUP,0.00202516
2021-03-16,EEM,0.00424995
2021-03-16,GLD,0.00092484
2021-03-16,HYG,-0.00231326
2021-03-16,SPY,-0.00126128
2021-03-16,TLT,-0.00401895
2021-03-16,UUP,0.0
2021-03-17,EEM,0.00128787
2021-03-17,GLD,0.00714499
2021-03-17,HYG,0.00139115
2021-03-17,SPY,0.00340987
2021-03-17,TLT,-0.00748253
2021-03-17,UUP,-0.00485056
2021-03-18,EEM,-0.01837569
2021-03-18,GLD,-0.00581002
2021-03-18,HYG,-0.00763931
2021-03-18,SPY,-0.01454981
2021-03-18,TLT,-0.01012641
2021-03-18,UUP,0.00609266
2021-03-19,EEM,0.01235523
2021-03-19,GLD,0.00418312
2021-03-19,HYG,0.00384915
2021-03-19,SPY,-0.00184988
2021-03-19,TLT,0.00619787
2021-03-19,UUP,0.00040381
2021-03-22,EEM,-0.0029588
2021-03-22,GLD,-0.00147026
2021-03-22,HYG,0.00360253
2021-03-22,SPY,0.00798475
2021-03-22,TLT,0.0112058
2021-03-22,UUP,-0.00201789
2021-03-23,EEM,-0.01910241
2021-03-23,GLD,-0.00730063
2021-03-23,HYG,0.00104131
2021-03-23,SPY,-0.0078708
2021-03-23,TLT,0.00902669
2021-03-23,UUP,0.00606556
2021-03-24,EEM,-0.02287751
2021-03-24,GLD,0.00346083
2021-03-24,HYG,0.00057925
2021-03-24,SPY,-0.00508353
2021-03-24,TLT,0.0053825
2021-03-24,UUP,0.00241154
2021-03-25,EEM,0.00464389
2021-03-25,GLD,-0.00363365
2021-03-25,HYG,0.00173357
2021-03-25,SPY,0.00562559
2021-03-25,TLT,-0.00788586
2021-03-25,UUP,0.0028068
2021-03-26,EEM,0.02600161
2021-03-26,GLD,0.00284341
2021-03-26,HYG,0.00299973
2021-03-26,SPY,0.01611495
2021-03-26,TLT,-0.00350012
2021-03-26,UUP,-0.00119964
2021-03-29,EEM,-0.00694579
2021-03-29,GLD,-0.01189601
2021-03-29,HYG,0.00057565
2021-03-29,SPY,-0.00050482
2021-03-29,TLT,-0.00848766
2021-03-29,UUP,0.00240198
2021-03-30,EEM,0.00321354
2021-03-30,GLD,-0.01709182
2021-03-30,HYG,-0.00241468
2021-03-30,SPY,-0.00265315
2021-03-30,TLT,0.00523966
2021-03-30,UUP,0.00399353
2021-03-31,EEM,0.00508757
2021-03-31,GLD,0.01516786
2021-03-31,HYG,0.00484086
2021-03-31,SPY,0.00405317
2021-03-31,TLT,-0.0055799
2021-03-31,UUP,-0.00079539
2021-04-01,EEM,0.00974894
2021-04-01,GLD,0.01262809
2021-04-01,HYG,0.00211732
2021-04-01,SPY,0.01079916
2021-04-01,TLT,0.01659704
2021-04-01,UUP,-0.004379
2021-04-05,EEM,0.00389922
2021-04-05,GLD,-0.0003704
2021-04-05,HYG,0.00045976
2021-04-05,SPY,0.01435325
2021-04-05,TLT,-0.00436282
2021-04-05,UUP,-0.0031988
2021-04-06,EEM,0.00554809
2021-04-06,GLD,0.00802868
2021-04-06,HYG,0.00172187
2021-04-06,SPY,-0.0005906
2021-04-06,TLT,0.00679205
2021-04-06,UUP,-0.00240671
2021-04-07,EEM,-0.01471397
2021-04-07,GLD,-0.00281832
2021-04-07,HYG,-0.0003431
2021-04-07,SPY,0.00115723
2021-04-07,TLT,-0.00696419
2021-04-07,UUP,0.00120621
2021-04-08,EEM,0.00821343
2021-04-08,GLD,0.01075203
2021-04-08,HYG,0.00034321
2021-04-08,SPY,0.00474668
2021-04-08,TLT,0.00825552
2021-04-08,UUP,-0.0044176
2021-04-09,EEM,-0.00851689
2021-04-09,GLD,-0.00753748
2021-04-09,HYG,-0.00068773
2021-04-09,SPY,0.00727031
2021-04-09,TLT,-0.00362321
2021-04-09,UUP,0.0008068
2021-04-12,EEM,-0.0059756
2021-04-12,GLD,-0.00606361
2021-04-12,HYG,-0.00103189
2021-04-12,SPY,0.00036432
2021-04-12,TLT,-0.0004359
2021-04-12,UUP,-0.00040316
2021-04-13,EEM,0.00413303
2021-04-13,GLD,0.00708648
2021-04-13,HYG,0.00068856
2021-04-13,SPY,0.00296371
2021-04-13,TLT,0.00749312
2021-04-13,UUP,-0.00362903
2021-04-14,EEM,0.00505148
2021-04-14,GLD,-0.00434432
2021-04-14,HYG,-0.00045853
2021-04-14,SPY,-0.00341519
2021-04-14,TLT,-0.00317714
2021-04-14,UUP,-0.00121411
2021-04-15,EEM,0.00912118
2021-04-15,GLD,0.01616276
2021-04-15,HYG,0.00401669
2021-04-15,SPY,0.01074264
2021-04-15,TLT,0.01673447
2021-04-15,UUP,0.0
2021-04-16,EEM,0.00258262
2021-04-16,GLD,0.00604778
2021-04-16,HYG,-0.00205764
2021-04-16,SPY,0.00334245
2021-04-16,TLT,-0.00776649
2021-04-16,UUP,-0.0012155
2021-04-19,EEM,-0.00367981
2021-04-19,GLD,-0.00276529
2021-04-19,HYG,-0.00160369
2021-04-19,SPY,-0.0049132
2021-04-19,TLT,-0.002872
2021-04-19,UUP,-0.00567947
2021-04-20,EEM,-0.00812562
2021-04-20,GLD,0.00355655
2021-04-20,HYG,-0.001721
2021-04-20,SPY,-0.00732132
2021-04-20,TLT,0.00460864
2021-04-20,UUP,0.00163194
2021-04-21,EEM,0.00614402
2021-04-21,GLD,0.00991116
2021-04-21,HYG,0.003333
2021-04-21,SPY,0.00946212
2021-04-21,TLT,0.00200736
2021-04-21,UUP,-0.00122194
2021-04-22,EEM,-0.00351591
2021-04-22,GLD,-0.00648315
2021-04-22,HYG,-0.00183255
2021-04-22,SPY,-0.00913317
2021-04-22,TLT,0.00436364
2021-04-22,UUP,0.00285479
2021-04-23,EEM,0.01448475
2021-04-23,GLD,-0.00383141
2021-04-23,HYG,0.00263935
2021-04-23,SPY,0.01084235
2021-04-23,TLT,-0.0023505
2021-04-23,UUP,-0.00569342
2021-04-26,EEM,0.00128134
2021-04-26,GLD,0.00264425
2021-04-26,HYG,-0.00045771
2021-04-26,SPY,0.00208756
2021-04-26,TLT,-0.00142767
2021-04-26,UUP,0.0
2021-04-27,EEM,-0.00054855
2021-04-27,GLD,-0.00251737
2021-04-27,HYG,-0.00137435
2021-04-27,SPY,-0.00021539
2021-04-27,TLT,-0.00872353
2021-04-27,UUP,0.0004091
2021-04-28,EEM,0.0074998
2021-04-28,GLD,0.00294439
2021-04-28,HYG,0.00194911
2021-04-28,SPY,-0.00028756
2021-04-28,TLT,0.00064899
2021-04-28,UUP,-0.00367947
2021-04-29,EEM,-0.0023604
2021-04-29,GLD,-0.00413398
2021-04-29,HYG,0.00114468
2021-04-29,SPY,0.006373
2021-04-29,TLT,-0.00295458
2021-04-29,UUP,0.00041026
2021-04-30,EEM,-0.01765256
2021-04-30,GLD,-0.00336901
2021-04-30,HYG,-0.00045737
2021-04-30,SPY,-0.00657085
2021-04-30,TLT,0.00231285
2021-04-30,UUP,0.00820337
2021-05-03,EEM,0.0
2021-05-03,GLD,0.01297835
2021-05-03,HYG,0.00039031
2021-05-03,SPY,0.002157
2021-05-03,TLT,0.00059989
2021-05-03,UUP,-0.00447511
2021-05-04,EEM,-0.01130022
2021-05-04,GLD,-0.00732969
2021-05-04,HYG,-0.00057349
2021-05-04,SPY,-0.00616927
2021-05-04,TLT,0.00678571
2021-05-04,UUP,0.00449523
2021-05-05,EEM,0.00468416
2021-05-05,GLD,0.00414217
2021-05-05,HYG,0.00195119
2021-05-05,SPY,0.00031266
2021-05-05,TLT,0.00164933
2021-05-05,UUP,-0.00040675
2021-05-06,EEM,0.00951134
2021-05-06,GLD,0.01667958
2021-05-06,HYG,-0.00034391
2021-05-06,SPY,0.00798552
2021-05-06,TLT,0.00164661
2021-05-06,UUP,-0.00488403
2021-05-07,EEM,0.01034543
2021-05-07,GLD,0.00899682
2021-05-07,HYG,0.00068781
2021-05-07,SPY,0.0072781
2021-05-07,TLT,-0.00493151
2021-05-07,UUP,-0.00736205
2021-05-10,EEM,-0.01791905
2021-05-10,GLD,0.0030305
2021-05-10,HYG,-0.00229027
2021-05-10,SPY,-0.00990239
2021-05-10,TLT,-0.01012685
2021-05-10,UUP,0.0
2021-05-11,EEM,-0.00279288
2021-05-11,GLD,0.0001743
2021-05-11,HYG,-0.00103279
2021-05-11,SPY,-0.0089247
2021-05-11,TLT,-0.00565961
2021-05-11,UUP,-0.0008239
2021-05-12,EEM,-0.02763243
2021-05-12,GLD,-0.00993381
2021-05-12,HYG,-0.00482564
2021-05-12,SPY,-0.02124539
2021-05-12,TLT,-0.01050767
2021-05-12,UUP,0.00742268
2021-05-13,EEM,-0.00134416
2021-05-13,GLD,0.00410733
2021-05-13,HYG,0.00357874
2021-05-13,SPY,0.01201286
2021-05-13,TLT,0.00154867
2021-05-13,UUP,-0.00163737
2021-05-14,EEM,0.01807358
2021-05-14,GLD,0.00911586
2021-05-14,HYG,0.0032212
2021-05-14,SPY,0.01535527
2021-05-14,TLT,0.00935124
2021-05-14,UUP,-0.00409996
2021-05-17,EEM,-0.00094438
2021-05-17,GLD,0.01163932
2021-05-17,HYG,-0.00183512
2021-05-17,SPY,-0.00254457
2021-05-17,TLT,-0.00211553
2021-05-17,UUP,-0.00123511
2021-05-18,EEM,0.01342154
2021-05-18,GLD,0.00194617
2021-05-18,HYG,-0.00241178
2021-05-18,SPY,-0.00861581
2021-05-18,TLT,-0.00255898
2021-05-18,UUP,-0.00453423
2021-05-19,EEM,-0.00298442
2021-05-19,GLD,0.00068562
2021-05-19,HYG,-0.00264928
2021-05-19,SPY,-0.00262154
2021-05-19,TLT,-0.00241858
2021-05-19,UUP,0.00455488
2021-05-20,EEM,0.00579958
2021-05-20,GLD,0.00456727
2021-05-20,HYG,0.00427245
2021-05-20,SPY,0.01075783
2021-05-20,TLT,0.00822879
2021-05-20,UUP,-0.00494653
2021-05-21,EEM,-0.01153259
2021-05-21,GLD,0.00045457
2021-05-21,HYG,0.00149491
2021-05-21,SPY,-0.00081879
2021-05-21,TLT,0.00320593
2021-05-21,UUP,0.00331399
2021-05-24,EEM,0.00828006
2021-05-24,GLD,0.00176104
2021-05-24,HYG,0.00114779
2021-05-24,SPY,0.01019436
2021-05-24,TLT,0.00370511
2021-05-24,UUP,-0.00247726
2021-05-25,EEM,0.0098917
2021-05-25,GLD,0.00907281
2021-05-25,HYG,0.00011487
2021-05-25,SPY,-0.00221875
2021-05-25,TLT,0.00926264
2021-05-25,UUP,-0.00124184
2021-05-26,EEM,0.00739234
2021-05-26,GLD,-0.00174205
2021-05-26,HYG,0.00034351
2021-05-26,SPY,0.00198436
2021-05-26,TLT,-0.00172053
2021-05-26,UUP,0.00372989
2021-05-27,EEM,0.00018341
2021-05-27,GLD,0.0003941
2021-05-27,HYG,-0.00045821
2021-05-27,SPY,0.00052504
2021-05-27,TLT,-0.00402232
2021-05-27,UUP,-0.00082569
2021-05-28,EEM,0.0064198
2021-05-28,GLD,0.00377018
2021-05-28,HYG,-0.00034403
2021-05-28,SPY,0.00178875
2021-05-28,TLT,-0.00158677
2021-05-28,UUP,0.00082637
2021-06-01,EEM,0.02059418
2021-06-01,GLD,-0.00269095
2021-06-01,HYG,0.00300385
2021-06-01,SPY,-0.00088089
2021-06-01,TLT,-0.000224
2021-06-01,UUP,-0.00165148
2021-06-02,EEM,0.00160697
2021-06-02,GLD,0.00489045
2021-06-02,HYG,0.00126212
2021-06-02,SPY,0.00157272
2021-06-02,TLT,0.00231482
2021-06-02,UUP,0.0
2021-06-03,EEM,-0.01069704
2021-06-03,GLD,-0.01957823
2021-06-03,HYG,-0.00206266
2021-06-03,SPY,-0.00371123
2021-06-03,TLT,-0.00375329
2021-06-03,UUP,0.00620353
2021-06-04,EEM,0.00901071
2021-06-04,GLD,0.01078336
2021-06-04,HYG,0.0021817
2021-06-04,SPY,0.00914549
2021-06-04,TLT,0.01369436
2021-06-04,UUP,-0.00369913
2021-06-07,EEM,-0.00500088
2021-06-07,GLD,0.00400763
2021-06-07,HYG,0.00034405
2021-06-07,SPY,-0.0009699
2021-06-07,TLT,-0.00307342
2021-06-07,UUP,-0.0016502
2021-06-08,EEM,-0.00484671
2021-06-08,GLD,-0.00309208
2021-06-08,HYG,0.00068704
2021-06-08,SPY,0.00021313
2021-06-08,TLT,0.00702646
2021-06-08,UUP,0.00123961
2021-06-09,EEM,-0.00288598
2021-06-09,GLD,-0.0019175
2021-06-09,HYG,0.00080121
2021-06-09,SPY,-0.00149176
2021-06-09,TLT,0.00882869
2021-06-09,UUP,0.00082553
2021-06-10,EEM,0.00801253
2021-06-10,GLD,0.00429433
2021-06-10,HYG,0.00183002
2021-06-10,SPY,0.00464817
2021-06-10,TLT,0.00599888
2021-06-10,UUP,-0.00082485
2021-06-11,EEM,-0.00342465
2021-06-11,GLD,-0.01125239
2021-06-11,HYG,0.00034256
2021-06-11,SPY,0.00165275
2021-06-11,TLT,-0.00161323
2021-06-11,UUP,0.00495257
2021-06-14,EEM,0.00271304
2021-06-14,GLD,-0.00586092
2021-06-14,HYG,-0.00091279
2021-06-14,SPY,0.00223885
2021-06-14,TLT,-0.0076591
2021-06-14,UUP,-0.00082128
2021-06-15,EEM,-0.00685432
2021-06-15,GLD,-0.00377771
2021-06-15,HYG,-0.00011452
2021-06-15,SPY,-0.0018343
2021-06-15,TLT,-0.00120405
2021-06-15,UUP,0.00082196
2021-06-16,EEM,-0.01362154
2021-06-16,GLD,-0.01689171
2021-06-16,HYG,-0.00137083
2021-06-16,SPY,-0.0055834
2021-06-16,TLT,-0.00085084
2021-06-16,UUP,0.00821357
2021-06-17,EEM,0.00552391
2021-06-17,GLD,-0.03074043
2021-06-17,HYG,0.0006863
2021-06-17,SPY,-0.00033151
2021-06-17,TLT,0.01497186
2021-06-17,UUP,0.0077394
2021-06-18,EEM,-0.0069585
2021-06-18,GLD,-0.00554726
2021-06-18,HYG,-0.00045729
2021-06-18,SPY,-0.01349049
2021-06-18,TLT,0.01880623
2021-06-18,UUP,0.00323344
2021-06-21,EEM,0.00424119
2021-06-21,GLD,0.01224765
2021-06-21,HYG,0.00194433
2021-06-21,SPY,0.01431604
2021-06-21,TLT,-0.01674358
2021-06-21,UUP,-0.00483466
2021-06-22,EEM,-0.00459049
2021-06-22,GLD,-0.00419285
2021-06-22,HYG,0.00068574
2021-06-22,SPY,0.00534606
2021-06-22,TLT,0.0024429
2021-06-22,UUP,-0.00161947
2021-06-23,EEM,0.00608748
2021-06-23,GLD,-0.00066166
2021-06-23,HYG,-0.00102709
2021-06-23,SPY,-0.00120532
2021-06-23,TLT,-0.00257616
2021-06-23,UUP,0.0016221
2021-06-24,EEM,0.0091675
2021-06-24,GLD,-0.00060194
2021-06-24,HYG,0.00308304
2021-06-24,SPY,0.00591589
2021-06-24,TLT,0.00160527
2021-06-24,UUP,-0.00080983
2021-06-25,EEM,0.00835771
2021-06-25,GLD,0.00331247
2021-06-25,HYG,0.00102417
2021-06-25,SPY,0.00355198
2021-06-25,TLT,-0.0103834
2021-06-25,UUP,0.00040529
2021-06-28,EEM,0.00090069
2021-06-28,GLD,-5.999e-05
2021-06-28,HYG,-0.00011355
2021-06-28,SPY,0.00201612
2021-06-28,TLT,0.01028082
2021-06-28,UUP,0.00040503
2021-06-29,EEM,-0.00071992
2021-06-29,GLD,-0.01050546
2021-06-29,HYG,0.00125165
2021-06-29,SPY,0.00053793
2021-06-29,TLT,0.00167361
2021-06-29,UUP,0.00242903
2021-06-30,EEM,-0.00648535
2021-06-30,GLD,0.0048535
2021-06-30,HYG,0.00011307
2021-06-30,SPY,0.00084148
2021-06-30,TLT,0.00445322
2021-06-30,UUP,0.00282721
2021-07-01,EEM,-0.00562104
2021-07-01,GLD,0.00344136
2021-07-01,HYG,0.0019602
2021-07-01,SPY,0.00553678
2021-07-01,TLT,5.535e-05
2021-07-01,UUP,0.00281915
2021-07-02,EEM,-0.00109406
2021-07-02,GLD,0.00655834
2021-07-02,HYG,0.00159275
2021-07-02,SPY,0.0076436
2021-07-02,TLT,0.0060344
2021-07-02,UUP,-0.00401607
2021-07-06,EEM,-0.0175248
2021-07-06,GLD,0.00496146
2021-07-06,HYG,-0.00056794
2021-07-06,SPY,-0.00182171
2021-07-06,TLT,0.01172086
2021-07-06,UUP,0.00362894
2021-07-07,EEM,-0.00111495
2021-07-07,GLD,0.0038068
2021-07-07,HYG,0.00034072
2021-07-07,SPY,0.00353416
2021-07-07,TLT,0.00885912
2021-07-07,UUP,0.0016072
2021-07-08,EEM,-0.02083319
2021-07-08,GLD,-0.00065182
2021-07-08,HYG,-0.00215795
2021-07-08,SPY,-0.00814809
2021-07-08,TLT,0.00391761
2021-07-08,UUP,-0.00401124
2021-07-09,EEM,0.01728713
2021-07-09,GLD,0.00332056
2021-07-09,HYG,0.00170741
2021-07-09,SPY,0.0106748
2021-07-09,TLT,-0.01406227
2021-07-09,UUP,-0.0024164
2021-07-12,EEM,0.00093381
2021-07-12,GLD,-0.0012411
2021-07-12,HYG,-0.00034123
2021-07-12,SPY,0.00358214
2021-07-12,TLT,-0.00129676
2021-07-12,UUP,0.00121108
2021-07-13,EEM,0.00093302
2021-07-13,GLD,0.00130178
2021-07-13,HYG,-0.00295489
2021-07-13,SPY,-0.00340901
2021-07-13,TLT,-0.0076535
2021-07-13,UUP,0.00604853
2021-07-14,EEM,0.00428688
2021-07-14,GLD,0.01075518
2021-07-14,HYG,0.00159587
2021-07-14,SPY,0.00149226
2021-07-14,TLT,0.01136217
2021-07-14,UUP,-0.00480973
2021-07-15,EEM,0.00241272
2021-07-15,GLD,0.00017548
2021-07-15,HYG,-0.00068269
2021-07-15,SPY,-0.00341565
2021-07-15,TLT,0.01102995
2021-07-15,UUP,0.00281915
2021-07-16,EEM,-0.00777617
2021-07-16,GLD,-0.00970365
2021-07-16,HYG,-0.00136724
2021-07-16,SPY,-0.00784367
2021-07-16,TLT,-0.00188513
2021-07-16,UUP,0.00120485
2021-07-19,EEM,-0.01679429
2021-07-19,GLD,0.00118055
2021-07-19,HYG,-0.00672994
2021-07-19,SPY,-0.01476792
2021-07-19,TLT,0.02192843
2021-07-19,UUP,0.00160444
2021-07-20,EEM,0.00322637
2021-07-20,GLD,-0.0012971
2021-07-20,HYG,0.00505291
2021-07-20,SPY,0.01433072
2021-07-20,TLT,-0.00963999
2021-07-20,UUP,0.00120147
2021-07-21,EEM,0.00643215
2021-07-21,GLD,-0.00371926
2021-07-21,HYG,0.00240016
2021-07-21,SPY,0.00809617
2021-07-21,TLT,-0.01266674
2021-07-21,UUP,-0.00239997
2021-07-22,EEM,0.00187967
2021-07-22,GLD,0.00195545
2021-07-22,HYG,0.00056926
2021-07-22,SPY,0.00209392
2021-07-22,TLT,0.00945376
2021-07-22,UUP,0.00120283
2021-07-23,EEM,-0.01482181
2021-07-23,GLD,-0.00313442
2021-07-23,HYG,0.00193691
2021-07-23,SPY,0.01028808
2021-07-23,TLT,-0.00668922
2021-07-23,UUP,0.00040049
2021-07-26,EEM,-0.01904399
2021-07-26,GLD,-0.00237301
2021-07-26,HYG,-0.00147825
2021-07-26,SPY,0.00245517
2021-07-26,TLT,-0.00296321
2021-07-26,UUP,-0.00320255
2021-07-27,EEM,-0.02019009
2021-07-27,GLD,0.00166507
2021-07-27,HYG,-0.00136654
2021-07-27,SPY,-0.00455763
2021-07-27,TLT,0.01067124
2021-07-27,UUP,-0.00160638
2021-07-28,EEM,0.02714481
2021-07-28,GLD,0.00504625
2021-07-28,HYG,0.00079849
2021-07-28,SPY,-0.00041024
2021-07-28,TLT,6.691e-05
2021-07-28,UUP,-0.00281575
2021-07-29,EEM,0.00501533
2021-07-29,GLD,0.01110523
2021-07-29,HYG,0.00216424
2021-07-29,SPY,0.00414738
2021-07-29,TLT,-0.00554649
2021-07-29,UUP,-0.00363049
2021-07-30,EEM,-0.00959685
2021-07-30,GLD,-0.00788684
2021-07-30,HYG,-0.00136413
2021-07-30,SPY,-0.00485629
2021-07-30,TLT,0.00470447
2021-07-30,UUP,0.00283399
2021-08-02,EEM,0.00717051
2021-08-02,GLD,-0.00123664
2021-08-02,HYG,-0.00247842
2021-08-02,SPY,-0.0020983
2021-08-02,TLT,0.00891924
2021-08-02,UUP,-0.00121108
2021-08-03,EEM,0.00423319
2021-08-03,GLD,-0.00070748
2021-08-03,HYG,0.00114504
2021-08-03,SPY,0.00813559
2021-08-03,TLT,0.00053079
2021-08-03,UUP,0.00040403
2021-08-04,EEM,0.00517341
2021-08-04,GLD,0.00023596
2021-08-04,HYG,-0.00182974
2021-08-04,SPY,-0.00491876
2021-08-04,TLT,0.00205635
2021-08-04,UUP,0.00161629
2021-08-05,EEM,-0.0015249
2021-08-05,GLD,-0.00395209
2021-08-05,HYG,0.00229131
2021-08-05,SPY,0.00633246
2021-08-05,TLT,-0.00509743
2021-08-05,UUP,0.0
2021-08-06,EEM,-0.00840027
2021-08-06,GLD,-0.02499112
2021-08-06,HYG,-0.00114321
2021-08-06,SPY,0.00165266
2021-08-06,TLT,-0.01670093
2021-08-06,UUP,0.0056474
2021-08-09,EEM,0.00327304
2021-08-09,GLD,-0.01773565
2021-08-09,HYG,-0.00228846
2021-08-09,SPY,-0.0008135
2021-08-09,TLT,-0.00358664
2021-08-09,UUP,0.00200558
2021-08-10,EEM,0.0013433
2021-08-10,GLD,0.0003092
2021-08-10,HYG,-0.00229429
2021-08-10,SPY,0.00124394
2021-08-10,TLT,-0.00461786
2021-08-10,UUP,0.00080066
2021-08-11,EEM,0.00268291
2021-08-11,GLD,0.01378498
2021-08-11,HYG,0.00161005
2021-08-11,SPY,0.00248493
2021-08-11,TLT,-0.00061442
2021-08-11,UUP,-0.00199987
2021-08-12,EEM,-0.0087918
2021-08-12,GLD,0.00024386
2021-08-12,HYG,0.00172108
2021-08-12,SPY,0.00299715
2021-08-12,TLT,-0.00163728
2021-08-12,UUP,0.00120226
2021-08-13,EEM,-0.00250686
2021-08-13,GLD,0.01432581
2021-08-13,HYG,0.00217709
2021-08-13,SPY,0.00181958
2021-08-13,TLT,0.01579499
2021-08-13,UUP,-0.00480378
2021-08-16,EEM,-0.00908566
2021-08-16,GLD,0.00498829
2021-08-16,HYG,0.00034339
2021-08-16,SPY,0.00235486
2021-08-16,TLT,0.00242352
2021-08-16,UUP,0.00080452
2021-08-17,EEM,-0.01833792
2021-08-17,GLD,-0.00149504
2021-08-17,HYG,-0.00228604
2021-08-17,SPY,-0.00655541
2021-08-17,TLT,-0.00040256
2021-08-17,UUP,0.00602891
2021-08-18,EEM,0.00158992
2021-08-18,GLD,0.00077861
2021-08-18,HYG,-0.00229093
2021-08-18,SPY,-0.01094499
2021-08-18,TLT,0.00335906
2021-08-18,UUP,0.0
2021-08-19,EEM,-0.01706344
2021-08-19,GLD,-0.00293241
2021-08-19,HYG,-0.00011507
2021-08-19,SPY,0.00154819
2021-08-19,TLT,0.00736558
2021-08-19,UUP,0.00479427
2021-08-20,EEM,-0.00080752
2021-08-20,GLD,0.00054016
2021-08-20,HYG,0.00241154
2021-08-20,SPY,0.00795735
2021-08-20,TLT,0.00066413
2021-08-20,UUP,-0.00119278
2021-08-23,EEM,0.01515165
2021-08-23,GLD,0.01217756
2021-08-23,HYG,0.00309292
2021-08-23,SPY,0.00879643
2021-08-23,TLT,-0.00066369
2021-08-23,UUP,-0.00597148
2021-08-24,EEM,0.02268636
2021-08-24,GLD,-0.00047414
2021-08-24,HYG,0.00137083
2021-08-24,SPY,0.0015874
2021-08-24,TLT,-0.0077773
2021-08-24,UUP,-0.0008008
2021-08-25,EEM,0.00116759
2021-08-25,GLD,-0.00693743
2021-08-25,HYG,0.00102643
2021-08-25,SPY,0.00209835
2021-08-25,TLT,-0.00830657
2021-08-25,UUP,-0.00080171
2021-08-26,EEM,-0.00952362
2021-08-26,GLD,0.00113448
2021-08-26,HYG,-0.00056972
2021-08-26,SPY,-0.00590306
2021-08-26,TLT,0.0027698
2021-08-26,UUP,0.00280784
2021-08-27,EEM,0.0123625
2021-08-27,GLD,0.01502955
2021-08-27,HYG,0.00273597
2021-08-27,SPY,0.00894083
2021-08-27,TLT,0.0068031
2021-08-27,UUP,-0.00440011
2021-08-30,EEM,0.0021321
2021-08-30,GLD,-0.00493564
2021-08-30,HYG,0.00125032
2021-08-30,SPY,0.00439761
2021-08-30,TLT,0.00260991
2021-08-30,UUP,0.0
2021-08-31,EEM,0.01373312
2021-08-31,GLD,0.00200765
2021-08-31,HYG,0.00022734
2021-08-31,SPY,-0.00148158
2021-08-31,TLT,-0.00680701
2021-08-31,UUP,0.0
2021-09-01,EEM,0.01278386
2021-09-01,GLD,5.89e-05
2021-09-01,HYG,0.00085355
2021-09-01,SPY,0.00053149
2021-09-01,TLT,0.00167524
2021-09-01,UUP,-0.00200871
2021-09-02,EEM,-0.0045215
2021-09-02,GLD,-0.00265172
2021-09-02,HYG,0.00125238
2021-09-02,SPY,0.00307668
2021-09-02,TLT,0.0043653
2021-09-02,UUP,-0.00241534
2021-09-03,EEM,0.00529896
2021-09-03,GLD,0.01069422
2021-09-03,HYG,0.00011352
2021-09-03,SPY,-0.00024298
2021-09-03,TLT,-0.00909417
2021-09-03,UUP,-0.00201789
2021-09-07,EEM,0.00583593
2021-09-07,GLD,-0.01958372
2021-09-07,HYG,-0.00261393
2021-09-07,SPY,-0.00357544
2021-09-07,TLT,-0.00843531
2021-09-07,UUP,0.00485243
2021-09-08,EEM,-0.01459856
2021-09-08,GLD,-0.0025044
2021-09-08,HYG,0.00113922
2021-09-08,SPY,-0.0012183
2021-09-08,TLT,0.00680554
2021-09-08,UUP,0.00160952
2021-09-09,EEM,-0.00189922
2021-09-09,GLD,0.00442349
2021-09-09,HYG,0.00091057
2021-09-09,SPY,-0.00428018
2021-09-09,TLT,0.01209998
2021-09-09,UUP,-0.00241049
2021-09-10,EEM,-0.0011419
2021-09-10,GLD,-0.00505866
2021-09-10,HYG,-0.00147807
2021-09-10,SPY,-0.00788451
2021-09-10,TLT,-0.00881623
2021-09-10,UUP,0.00161099
2021-09-13,EEM,0.00266723
2021-09-13,GLD,0.00334976
2021-09-13,HYG,0.0025052
2021-09-13,SPY,0.00255918
2021-09-13,TLT,0.00606463
2021-09-13,UUP,0.0
2021-09-14,EEM,-0.00836029
2021-09-14,GLD,0.00643855
2021-09-14,HYG,-0.00045417
2021-09-14,SPY,-0.00539651
2021-09-14,TLT,0.01212304
2021-09-14,UUP,0.0
2021-09-15,EEM,-0.00019163
2021-09-15,GLD,-0.00586427
2021-09-15,HYG,0.0014763
2021-09-15,SPY,0.00835266
2021-09-15,TLT,-0.0035072
2021-09-15,UUP,-0.00201059
2021-09-16,EEM,-0.01130696
2021-09-16,GLD,-0.02264198
2021-09-16,HYG,-0.00033968
2021-09-16,SPY,-0.0015852
2021-09-16,TLT,-0.00458222
2021-09-16,UUP,0.00443202
2021-09-17,EEM,-0.00426429
2021-09-17,GLD,-0.00158504
2021-09-17,HYG,-0.00124821
2021-09-17,SPY,-0.00974109
2021-09-17,TLT,-0.00480333
2021-09-17,UUP,0.0036102
2021-09-20,EEM,-0.026864
2021-09-20,GLD,0.00714415
2021-09-20,HYG,-0.00352297
2021-09-20,SPY,-0.01667428
2021-09-20,TLT,0.01240258
2021-09-20,UUP,0.0003996
2021-09-21,EEM,0.00740153
2021-09-21,GLD,0.00666904
2021-09-21,HYG,0.00171
2021-09-21,SPY,-0.00094456
2021-09-21,TLT,-0.00086154
2021-09-21,UUP,-0.00079897
2021-09-22,EEM,0.01250996
2021-09-22,GLD,-0.00373401
2021-09-22,HYG,0.00182231
2021-09-22,SPY,0.00975486
2021-09-22,TLT,0.00596479
2021-09-22,UUP,0.00279886
2021-09-23,EEM,0.00784446
2021-09-23,GLD,-0.01154639
2021-09-23,HYG,0.00045386
2021-09-23,SPY,0.0121499
2021-09-23,TLT,-0.02259734
2021-09-23,UUP,-0.00398734
2021-09-24,EEM,-0.01186992
2021-09-24,GLD,-0.00128427
2021-09-24,HYG,-0.0014758
2021-09-24,SPY,0.00164733
2021-09-24,TLT,-0.00977361
2021-09-24,UUP,0.00280222
2021-09-27,EEM,0.00649859
2021-09-27,GLD,0.00208204
2021-09-27,HYG,-0.00091072
2021-09-27,SPY,-0.00286087
2021-09-27,TLT,-0.00367551
2021-09-27,UUP,0.00119772
2021-09-28,EEM,-0.01291317
2021-09-28,GLD,-0.00971643
2021-09-28,HYG,-0.00455416
2021-09-28,SPY,-0.02015166
2021-09-28,TLT,-0.01557715
2021-09-28,UUP,0.00358843
2021-09-29,EEM,-0.00931634
2021-09-29,GLD,-0.00450476
2021-09-29,HYG,0.00183004
2021-09-29,SPY,0.00168281
2021-09-29,TLT,0.00173519
2021-09-29,UUP,0.00715146
2021-09-30,EEM,0.00800332
2021-09-30,GLD,0.01797665
2021-09-30,HYG,-0.00114157
2021-09-30,SPY,-0.01222236
2021-09-30,TLT,-0.00013858
2021-09-30,UUP,-0.00157803
2021-10-01,EEM,-0.00099257
2021-10-01,GLD,0.00225305
2021-10-01,HYG,0.00239692
2021-10-01,SPY,0.01188433
2021-10-01,TLT,0.0084157
2021-10-01,UUP,-0.00197538
2021-10-04,EEM,-0.0147029
2021-10-04,GLD,0.00467832
2021-10-04,HYG,-0.00354627
2021-10-04,SPY,-0.01289604
2021-10-04,TLT,-0.00254568
2021-10-04,UUP,-0.00316714
2021-10-05,EEM,0.00705788
2021-10-05,GLD,-0.00465653
2021-10-05,HYG,-0.00046005
2021-10-05,SPY,0.010405
2021-10-05,TLT,-0.00965655
2021-10-05,UUP,0.00198575
2021-10-06,EEM,-0.00560675
2021-10-06,GLD,0.00267332
2021-10-06,HYG,-0.00057428
2021-10-06,SPY,0.00415598
2021-10-06,TLT,0.00564132
2021-10-06,UUP,0.00277454
2021-10-07,EEM,0.01953302
2021-10-07,GLD,-0.00527174
2021-10-07,HYG,0.00011548
2021-10-07,SPY,0.00864571
2021-10-07,TLT,-0.01045762
2021-10-07,UUP,-0.00039527
2021-10-08,EEM,0.00375246
2021-10-08,GLD,0.00042636
2021-10-08,HYG,-0.00298808
2021-10-08,SPY,-0.00182378
2021-10-08,TLT,-0.00699884
2021-10-08,UUP,-0.00079093
2021-10-11,EEM,-0.00196761
2021-10-11,GLD,-0.00188758
2021-10-11,HYG,-0.00311238
2021-10-11,SPY,-0.00723982
2021-10-11,TLT,-0.00253687
2021-10-11,UUP,0.00277015
2021-10-12,EEM,-0.00512616
2021-10-12,GLD,0.00451443
2021-10-12,HYG,0.00185026
2021-10-12,SPY,-0.00246157
2021-10-12,TLT,0.01709976
2021-10-12,UUP,0.00118384
2021-10-13,EEM,0.01387239
2021-10-13,GLD,0.0177942
2021-10-13,HYG,0.00265471
2021-10-13,SPY,0.00359778
2021-10-13,TLT,0.00972555
2021-10-13,UUP,-0.00551829
2021-10-14,EEM,0.00312746
2021-10-14,GLD,0.00244647
2021-10-14,HYG,0.00563964
2021-10-14,SPY,0.01682038
2021-10-14,TLT,0.00371584
2021-10-14,UUP,0.0
2021-10-15,EEM,0.0120809
2021-10-15,GLD,-0.01589285
2021-10-15,HYG,-0.00171685
2021-10-15,SPY,0.00761599
2021-10-15,TLT,-0.00582613
2021-10-15,UUP,-0.00118909
2021-10-18,EEM,-0.00250275
2021-10-18,GLD,-0.00247991
2021-10-18,HYG,-0.00045849
2021-10-18,SPY,0.00296055
2021-10-18,TLT,0.00468817
2021-10-18,UUP,0.00039683
2021-10-19,EEM,0.0133178
2021-10-19,GLD,0.00321367
2021-10-19,HYG,0.00068828
2021-10-19,SPY,0.0077148
2021-10-19,TLT,-0.01379452
2021-10-19,UUP,-0.00237998
2021-10-20,EEM,-0.0001905
2021-10-20,GLD,0.00876396
2021-10-20,HYG,0.00034356
2021-10-20,SPY,0.0039279
2021-10-20,TLT,-0.00675041
2021-10-20,UUP,-0.0015905
2021-10-21,EEM,-0.00647733
2021-10-21,GLD,-0.00089871
2021-10-21,HYG,-0.00252083
2021-10-21,SPY,0.00260814
2021-10-21,TLT,-0.00119131
2021-10-21,UUP,0.00238946
2021-10-22,EEM,-0.00210937
2021-10-22,GLD,0.00611697
2021-10-22,HYG,-0.00241201
2021-10-22,SPY,-0.00103621
2021-10-22,TLT,0.01101347
2021-10-22,UUP,-0.00198636
2021-10-25,EEM,0.00518824
2021-10-25,GLD,0.00691416
2021-10-25,HYG,0.00172721
2021-10-25,SPY,0.00536285
2021-10-25,TLT,-0.00152685
2021-10-25,UUP,0.00159231
2021-10-26,EEM,-0.00516146
2021-10-26,GLD,-0.00739951
2021-10-26,HYG,0.00022939
2021-10-26,SPY,0.00089996
2021-10-26,TLT,0.00826943
2021-10-26,UUP,0.00198724
2021-10-27,EEM,-0.00807079
2021-10-27,GLD,0.00262406
2021-10-27,HYG,-0.00080383
2021-10-27,SPY,-0.00443
2021-10-27,TLT,0.0181942
2021-10-27,UUP,-0.00039668
2021-10-28,EEM,0.00096873
2021-10-28,GLD,-0.00023789
2021-10-28,HYG,0.00253016
2021-10-28,SPY,0.00964869
2021-10-28,TLT,-0.00338424
2021-10-28,UUP,-0.00595244
2021-10-29,EEM,-0.01451523
2021-10-29,GLD,-0.0085079
2021-10-29,HYG,-0.00263918
2021-10-29,SPY,0.00202911
2021-10-29,TLT,0.00305645
2021-10-29,UUP,0.00798414
2021-11-01,EEM,0.00785558
2021-11-01,GLD,0.00522058
2021-11-01,HYG,-0.00107287
2021-11-01,SPY,0.00172027
2021-11-01,TLT,-0.00719986
2021-11-01,UUP,-0.00316839
2021-11-02,EEM,-0.00896345
2021-11-02,GLD,-0.002149
2021-11-02,HYG,0.00242585
2021-11-02,SPY,0.00404297
2021-11-02,TLT,0.00443876
2021-11-02,UUP,0.00238385
2021-11-03,EEM,0.00471886
2021-11-03,GLD,-0.00831538
2021-11-03,HYG,0.00195907
2021-11-03,SPY,0.00610527
2021-11-03,TLT,-0.01033425
2021-11-03,UUP,-0.00237818
2021-11-04,EEM,-0.00234843
2021-11-04,GLD,0.01134095
2021-11-04,HYG,0.00264613
2021-11-04,SPY,0.00471265
2021-11-04,TLT,0.0105106
2021-11-04,UUP,0.005165
2021-11-05,EEM,-0.0011769
2021-11-05,GLD,0.01306294
2021-11-05,HYG,0.00378549
2021-11-05,SPY,0.00346971
2021-11-05,TLT,0.01495557
2021-11-05,UUP,-0.00079062
2021-11-08,EEM,0.0092301
2021-11-08,GLD,0.00359162
2021-11-08,HYG,-0.0012573
2021-11-08,SPY,0.00085351
2021-11-08,TLT,-0.00187551
2021-11-08,UUP,-0.00197781
2021-11-09,EEM,-0.00389174
2021-11-09,GLD,0.00492811
2021-11-09,HYG,0.00080113
2021-11-09,SPY,-0.00330544
2021-11-09,TLT,0.01301915
2021-11-09,UUP,-0.00118909
2021-11-10,EEM,-0.0041024
2021-11-10,GLD,0.01085878
2021-11-10,HYG,-0.00560273
2021-11-10,SPY,-0.00804482
2021-11-10,TLT,-0.01828358
2021-11-10,UUP,0.01071428
2021-11-11,EEM,0.01726183
2021-11-11,GLD,0.00560209
2021-11-11,HYG,-0.00172447
2021-11-11,SPY,0.00032353
2021-11-11,TLT,-0.00148451
2021-11-11,UUP,0.00235577
2021-11-12,EEM,0.00269955
2021-11-12,GLD,0.00189526
2021-11-12,HYG,0.00034528
2021-11-12,SPY,0.00754713
2021-11-12,TLT,-0.00439245
2021-11-12,UUP,-0.00117512
2021-11-15,EEM,-0.00326935
2021-11-15,GLD,-0.00154775
2021-11-15,HYG,-0.00115139
2021-11-15,SPY,0.0003423
2021-11-15,TLT,-0.01255665
2021-11-15,UUP,0.00549015
2021-11-16,EEM,0.00135072
2021-11-16,GLD,-0.00723386
2021-11-16,HYG,0.00046102
2021-11-16,SPY,0.00395762
2021-11-16,TLT,-0.00254324
2021-11-16,UUP,0.00390016
2021-11-17,EEM,-0.00520231
2021-11-17,GLD,0.00913718
2021-11-17,HYG,-0.0010369
2021-11-17,SPY,-0.002429
2021-11-17,TLT,0.00792497
2021-11-17,UUP,-0.00194255
2021-11-18,EEM,-0.01220232
2021-11-18,GLD,-0.00320916
2021-11-18,HYG,-0.00080727
2021-11-18,SPY,0.00339633
2021-11-18,TLT,0.00376061
2021-11-18,UUP,-0.00272469
2021-11-19,EEM,-0.00156863
2021-11-19,GLD,-0.00764633
2021-11-19,HYG,-0.00080804
2021-11-19,SPY,-0.00178824
2021-11-19,TLT,0.01055759
2021-11-19,UUP,0.0050742
2021-11-22,EEM,-0.0080519
2021-11-22,GLD,-0.02242046
2021-11-22,HYG,-0.00381275
2021-11-22,SPY,-0.00281513
2021-11-22,TLT,-0.01172851
2021-11-22,UUP,0.00504841
2021-11-23,EEM,-0.00098976
2021-11-23,GLD,-0.0086524
2021-11-23,HYG,-0.00139151
2021-11-23,SPY,0.00132588
2021-11-23,TLT,-0.01445924
2021-11-23,UUP,-0.00038632
2021-11-24,EEM,-0.00138739
2021-11-24,GLD,-0.0009565
2021-11-24,HYG,-0.00023228
2021-11-24,SPY,0.00266993
2021-11-24,TLT,0.01605582
2021-11-24,UUP,0.0038654
2021-11-26,EEM,-0.0335384
2021-11-26,GLD,-0.00161554
2021-11-26,HYG,-0.00720165
2021-11-26,SPY,-0.02230314
2021-11-26,TLT,0.02526869
2021-11-26,UUP,-0.00770112
2021-11-29,EEM,0.00390161
2021-11-29,GLD,-0.00137855
2021-11-29,HYG,0.00620134
2021-11-29,SPY,0.01226651
2021-11-29,TLT,-0.00803774
2021-11-29,UUP,0.0019402
2021-11-30,EEM,-0.00102264
2021-11-30,GLD,-0.00672185
2021-11-30,HYG,-0.00418639
2021-11-30,SPY,-0.01945747
2021-11-30,TLT,0.01520224
2021-11-30,UUP,-0.00464741
2021-12-01,EEM,0.00368539
2021-12-01,GLD,0.00398794
2021-12-01,HYG,0.00014098
2021-12-01,SPY,-0.01110729
2021-12-01,TLT,0.00616851
2021-12-01,UUP,0.00272363
2021-12-02,EEM,0.01223987
2021-12-02,GLD,-0.00553682
2021-12-02,HYG,0.00737932
2021-12-02,SPY,0.01531631
2021-12-02,TLT,0.00124754
2021-12-02,UUP,0.00038806
2021-12-03,EEM,-0.01410723
2021-12-03,GLD,0.008412
2021-12-03,HYG,0.0
2021-12-03,SPY,-0.00870121
2021-12-03,TLT,0.01193182
2021-12-03,UUP,-0.00038791
2021-12-06,EEM,0.00776777
2021-12-06,GLD,-0.00246056
2021-12-06,HYG,0.00441914
2021-12-06,SPY,0.01184327
2021-12-06,TLT,-0.01373477
2021-12-06,UUP,0.00155214
2021-12-07,EEM,0.01582153
2021-12-07,GLD,0.00354949
2021-12-07,HYG,0.00532461
2021-12-07,SPY,0.02068488
2021-12-07,TLT,-0.00808017
2021-12-07,UUP,0.00038746
2021-12-08,EEM,0.00399371
2021-12-08,GLD,0.00053951
2021-12-08,HYG,-0.00023015
2021-12-08,SPY,0.00264788
2021-12-08,TLT,-0.01728449
2021-12-08,UUP,-0.00464741
2021-12-09,EEM,-0.00477338
2021-12-09,GLD,-0.00611138
2021-12-09,HYG,-0.00449193
2021-12-09,SPY,-0.00675164
2021-12-09,TLT,0.00559335
2021-12-09,UUP,0.00350186
2021-12-10,EEM,0.00079936
2021-12-10,GLD,0.0042199
2021-12-10,HYG,0.00231379
2021-12-10,SPY,0.00941355
2021-12-10,TLT,-0.0024128
2021-12-10,UUP,-0.00155094
2021-12-13,EEM,-0.01585885
2021-12-13,GLD,0.0025213
2021-12-13,HYG,0.0
2021-12-13,SPY,-0.00885838
2021-12-13,TLT,0.01477854
2021-12-13,UUP,0.0031067
2021-12-14,EEM,-0.00226382
2021-12-14,GLD,-0.0093413
2021-12-14,HYG,-0.00173169
2021-12-14,SPY,-0.00688013
2021-12-14,TLT,-0.00238269
2021-12-14,UUP,0.00193569
2021-12-15,EEM,-0.00288774
2021-12-15,GLD,0.00429153
2021-12-15,HYG,0.00381604
2021-12-15,SPY,0.01562511
2021-12-15,TLT,-0.00962237
2021-12-15,UUP,-0.00154546
2021-12-16,EEM,0.00124115
2021-12-16,GLD,0.01209756
2021-12-16,HYG,-0.0007399
2021-12-16,SPY,-0.00881859
2021-12-16,TLT,0.00038993
2021-12-16,UUP,-0.00425715
2021-12-17,EEM,-0.00495852
2021-12-17,GLD,-0.00214082
2021-12-17,HYG,-0.00092484
2021-12-17,SPY,-0.01064281
2021-12-17,TLT,0.01133162
2021-12-17,UUP,0.00699581
2021-12-20,EEM,-0.0149504
2021-12-20,GLD,-0.00423127
2021-12-20,HYG,-0.00173666
2021-12-20,SPY,-0.0106335
2021-12-20,TLT,-0.0074923
2021-12-20,UUP,-0.00115788
2021-12-21,EEM,0.01686357
2021-12-21,GLD,-0.00041889
2021-12-21,HYG,0.0053349
2021-12-21,SPY,0.01775904
2021-12-21,TLT,-0.0038075
2021-12-21,UUP,-0.00115905
2021-12-22,EEM,0.00476777
2021-12-22,GLD,0.00940002
2021-12-22,HYG,0.0026541
2021-12-22,SPY,0.00999886
2021-12-22,TLT,0.00462698
2021-12-22,UUP,-0.00386848
2021-12-23,EEM,0.00515793
2021-12-23,GLD,0.00225402
2021-12-23,HYG,0.00287568
2021-12-23,SPY,0.006222
2021-12-23,TLT,-0.00867699
2021-12-23,UUP,-0.00077689
2021-12-27,EEM,0.00451547
2021-12-27,GLD,0.00236725
2021-12-27,HYG,0.0010326
2021-12-27,SPY,0.01415216
2021-12-27,TLT,0.00242383
2021-12-27,UUP,0.00038875
2021-12-28,EEM,-0.00326941
2021-12-28,GLD,-0.00431007
2021-12-28,HYG,-0.00045795
2021-12-28,SPY,-0.00081725
2021-12-28,TLT,-0.00396321
2021-12-28,UUP,0.00116553
2021-12-29,EEM,-0.00450991
2021-12-29,GLD,-0.00029651
2021-12-29,HYG,-0.00160597
2021-12-29,SPY,0.00127925
2021-12-29,TLT,-0.01092418
2021-12-29,UUP,-0.00271623
2021-12-30,EEM,0.01145595
2021-12-30,GLD,0.00717722
2021-12-30,HYG,-0.00045878
2021-12-30,SPY,-0.00276462
2021-12-30,TLT,0.00838621
2021-12-30,UUP,0.00155629
2021-12-31,EEM,-0.00488914
2021-12-31,GLD,0.00683159
2021-12-31,HYG,-0.00023013
2021-12-31,SPY,-0.00252018
2021-12-31,TLT,0.00196077
2021-12-31,UUP,-0.00427352
2022-01-03,EEM,0.00716493
2022-01-03,GLD,-0.01538374
2022-01-03,HYG,-0.00045979
2022-01-03,SPY,0.00578996
2022-01-03,TLT,-0.02625028
2022-01-03,UUP,0.00624275
2022-01-04,EEM,-0.00345541
2022-01-04,GLD,0.00736652
2022-01-04,HYG,-0.00252959
2022-01-04,SPY,-0.00033487
2022-01-04,TLT,-0.00415787
2022-01-04,UUP,0.00077543
2022-01-05,EEM,-0.01631658
2022-01-05,GLD,-0.00300766
2022-01-05,HYG,-0.00772351
2022-01-05,SPY,-0.01920215
2022-01-05,TLT,-0.00542815
2022-01-05,UUP,-0.00116228
2022-01-06,EEM,0.00456162
2022-01-06,GLD,-0.01224413
2022-01-06,HYG,0.00011616
2022-01-06,SPY,-0.00093937
2022-01-06,TLT,0.00258904
2022-01-06,UUP,0.00077573
2022-01-07,EEM,0.00908146
2022-01-07,GLD,0.00455114
2022-01-07,HYG,-0.00255545
2022-01-07,SPY,-0.0039535
2022-01-07,TLT,-0.00718856
2022-01-07,UUP,-0.00542632
2022-01-10,EEM,0.0
2022-01-10,GLD,0.00304021
2022-01-10,HYG,0.00081546
2022-01-10,SPY,-0.00124444
2022-01-10,TLT,0.00246062
2022-01-10,UUP,0.00233815
2022-01-11,EEM,0.02311319
2022-01-11,GLD,0.01206465
2022-01-11,HYG,0.00465442
2022-01-11,SPY,0.00910836
2022-01-11,TLT,0.00666167
2022-01-11,UUP,-0.00427659
2022-01-12,EEM,0.01659322
2022-01-12,GLD,0.00264262
2022-01-12,HYG,0.00162157
2022-01-12,SPY,0.00270352
2022-01-12,TLT,-0.00383144
2022-01-12,UUP,-0.0066381
2022-01-13,EEM,-0.01415925
2022-01-13,GLD,-0.00339699
2022-01-13,HYG,-0.0035851
2022-01-13,SPY,-0.01377859
2022-01-13,TLT,0.00888042
2022-01-13,UUP,-0.000393
2022-01-14,EEM,-0.00039898
2022-01-14,GLD,-0.00287967
2022-01-14,HYG,-0.00092831
2022-01-14,SPY,0.00040898
2022-01-14,TLT,-0.01510957
2022-01-14,UUP,0.00275255
2022-01-18,EEM,-0.01776085
2022-01-18,GLD,-0.00165026
2022-01-18,HYG,-0.00487861
2022-01-18,SPY,-0.01770958
2022-01-18,TLT,-0.01407435
2022-01-18,UUP,0.00627449
2022-01-19,EEM,0.00426647
2022-01-19,GLD,0.01588053
2022-01-19,HYG,-0.00093337
2022-01-19,SPY,-0.01038359
2022-01-19,TLT,0.0069238
2022-01-19,UUP,-0.00233833
2022-01-20,EEM,0.00586713
2022-01-20,GLD,-0.00249888
2022-01-20,HYG,-0.00186955
2022-01-20,SPY,-0.01106805
2022-01-20,TLT,0.00616703
2022-01-20,UUP,0.00312508
2022-01-21,EEM,-0.01448131
2022-01-21,GLD,-0.00326244
2022-01-21,HYG,0.00011716
2022-01-21,SPY,-0.01963073
2022-01-21,TLT,0.01190617
2022-01-21,UUP,-0.00272575
2022-01-24,EEM,-0.01408161
2022-01-24,GLD,0.0054942
2022-01-24,HYG,-0.00105374
2022-01-24,SPY,0.00424688
2022-01-24,TLT,-0.0082157
2022-01-24,UUP,0.0031236
2022-01-25,EEM,-0.00186293
2022-01-25,GLD,0.00319713
2022-01-25,HYG,-0.00292895
2022-01-25,SPY,-0.01220892
2022-01-25,TLT,-0.00161435
2022-01-25,UUP,0.00038944
2022-01-26,EEM,-0.0126505
2022-01-26,GLD,-0.01616646
2022-01-26,HYG,-0.00340742
2022-01-26,SPY,-0.00250868
2022-01-26,TLT,-0.01209385
2022-01-26,UUP,0.00544743
2022-01-27,EEM,-0.01155202
2022-01-27,GLD,-0.01289821
2022-01-27,HYG,-0.00436274
2022-01-27,SPY,-0.00493814
2022-01-27,TLT,0.01836257
2022-01-27,UUP,0.00851388
2022-01-28,EEM,0.00488731
2022-01-28,GLD,-0.00298329
2022-01-28,HYG,0.00284221
2022-01-28,SPY,0.02483535
2022-01-28,TLT,0.00034973
2022-01-28,UUP,-0.00038374
2022-01-31,EEM,0.03277656
2022-01-31,GLD,0.00592454
2022-01-31,HYG,0.00023592
2022-01-31,SPY,0.01801115
2022-01-31,TLT,-0.0051701
2022-01-31,UUP,-0.00690979
2022-02-01,EEM,0.00614247
2022-02-01,GLD,0.00083288
2022-02-01,HYG,0.00396942
2022-02-01,SPY,0.00675682
2022-02-01,TLT,-0.00331954
2022-02-01,UUP,-0.0027059
2022-02-02,EEM,-0.001628
2022-02-02,GLD,0.00362599
2022-02-02,HYG,0.0015345
2022-02-02,SPY,0.0097141
2022-02-02,TLT,0.00338691
2022-02-02,UUP,-0.00387581
2022-02-03,EEM,-0.01059928
2022-02-03,GLD,-0.00142141
2022-02-03,HYG,-0.00895633
2022-02-03,SPY,-0.02350488
2022-02-03,TLT,-0.00780581
2022-02-03,UUP,-0.0050584
2022-02-04,EEM,0.00247222
2022-02-04,GLD,0.00154208
2022-02-04,HYG,-0.00392387
2022-02-04,SPY,0.0047022
2022-02-04,TLT,-0.01474254
2022-02-04,UUP,-0.00078236
2022-02-07,EEM,-0.00205509
2022-02-07,GLD,0.00740258
2022-02-07,HYG,-0.0007158
2022-02-07,SPY,-0.0032094
2022-02-07,TLT,0.00064774
2022-02-07,UUP,0.00039149
2022-02-08,EEM,0.00967867
2022-02-08,GLD,0.00305687
2022-02-08,HYG,-0.00107576
2022-02-08,SPY,0.00822789
2022-02-08,TLT,-0.00668579
2022-02-08,UUP,0.0015649
2022-02-09,EEM,0.01570455
2022-02-09,GLD,0.00339918
2022-02-09,HYG,0.00526238
2022-02-09,SPY,0.01463607
2022-02-09,TLT,0.00188161
2022-02-09,UUP,-0.00117173
2022-02-10,EEM,-0.00662637
2022-02-10,GLD,-0.00379656
2022-02-10,HYG,-0.01320489
2022-02-10,SPY,-0.01796546
2022-02-10,TLT,-0.01589267
2022-02-10,UUP,0.00156437
2022-02-11,EEM,-0.01516057
2022-02-11,GLD,0.01905488
2022-02-11,HYG,-0.00349615
2022-02-11,SPY,-0.01971889
2022-02-11,TLT,0.01482795
2022-02-11,UUP,0.00429495
2022-02-14,EEM,-0.00697883
2022-02-14,GLD,0.00535072
2022-02-14,HYG,-0.00169334
2022-02-14,SPY,-0.00326937
2022-02-14,TLT,-0.01244059
2022-02-14,UUP,0.00272177
2022-02-15,EEM,0.02170318
2022-02-15,GLD,-0.00949985
2022-02-15,HYG,0.00169621
2022-02-15,SPY,0.01612697
2022-02-15,TLT,-0.011353
2022-02-15,UUP,-0.00387757
2022-02-16,EEM,0.00728314
2022-02-16,GLD,0.01028425
2022-02-16,HYG,0.00556467
2022-02-16,SPY,0.00112091
2022-02-16,TLT,0.00592672
2022-02-16,UUP,-0.00194624
2022-02-17,EEM,-0.011649
2022-02-17,GLD,0.01366807
2022-02-17,HYG,-0.0042104
2022-02-17,SPY,-0.02136132
2022-02-17,TLT,0.00743798
2022-02-17,UUP,0.00038994
2022-02-18,EEM,-0.00995718
2022-02-18,GLD,-0.00073345
2022-02-18,HYG,0.00144975
2022-02-18,SPY,-0.00647519
2022-02-18,TLT,0.0105272
2022-02-18,UUP,0.00272902
2022-02-22,EEM,-0.01416271
2022-02-22,GLD,0.00208904
2022-02-22,HYG,-0.00229245
2022-02-22,SPY,-0.01073153
2022-02-22,TLT,0.00260471
2022-02-22,UUP,0.00038881
2022-02-23,EEM,-0.01165926
2022-02-23,GLD,0.00450723
2022-02-23,HYG,-0.00181329
2022-02-23,SPY,-0.01773888
2022-02-23,TLT,-0.01378167
2022-02-23,UUP,0.00116607
2022-02-24,EEM,-0.02064467
2022-02-24,GLD,-0.00645013
2022-02-24,HYG,0.00714717
2022-02-24,SPY,0.01504914
2022-02-24,TLT,0.00065825
2022-02-24,UUP,0.00815211
2022-02-25,EEM,0.01849862
2022-02-25,GLD,-0.00333068
2022-02-25,HYG,0.00565268
2022-02-25,SPY,0.0220642
2022-02-25,TLT,0.00073098
2022-02-25,UUP,-0.00500564
2022-02-28,EEM,-0.01309401
2022-02-28,GLD,0.01036535
2022-02-28,HYG,0.00071789
2022-02-28,SPY,-0.00255881
2022-02-28,TLT,0.0219187
2022-02-28,UUP,0.00154785
2022-03-01,EEM,-0.01326765
2022-03-01,GLD,0.01816342
2022-03-01,HYG,-0.00279528
2022-03-01,SPY,-0.01523013
2022-03-01,TLT,0.01156212
2022-03-01,UUP,0.00772799
2022-03-02,EEM,0.00173488
2022-03-02,GLD,-0.01040634
2022-03-02,HYG,0.00240619
2022-03-02,SPY,0.01839626
2022-03-02,TLT,-0.03418298
2022-03-02,UUP,-0.0007668
2022-03-03,EEM,-0.01407233
2022-03-03,GLD,0.00595342
2022-03-03,HYG,-0.00300014
2022-03-03,SPY,-0.00497869
2022-03-03,TLT,0.01018594
2022-03-03,UUP,0.00383731
2022-03-04,EEM,-0.02020201
2022-03-04,GLD,0.01592915
2022-03-04,HYG,-0.00650015
2022-03-04,SPY,-0.00812429
2022-03-04,TLT,0.01726353
2022-03-04,UUP,0.00764527
2022-03-07,EEM,-0.03742719
2022-03-07,GLD,0.01486287
2022-03-07,HYG,-0.00872325
2022-03-07,SPY,-0.02947927
2022-03-07,TLT,-0.00762955
2022-03-07,UUP,0.00720781
2022-03-08,EEM,0.00325957
2022-03-08,GLD,0.027359
2022-03-08,HYG,-0.00354328
2022-03-08,SPY,-0.00758179
2022-03-08,TLT,-0.01005968
2022-03-08,UUP,-0.0018832
2022-03-09,EEM,0.02831298
2022-03-09,GLD,-0.02971118
2022-03-09,HYG,0.0083396
2022-03-09,SPY,0.02681079
2022-03-09,TLT,-0.00979902
2022-03-09,UUP,-0.00981139
2022-03-10,EEM,-0.0187316
2022-03-10,GLD,0.00312123
2022-03-10,HYG,-0.00839264
2022-03-10,SPY,-0.00451561
2022-03-10,TLT,-0.01436739
2022-03-10,UUP,0.00495439
2022-03-11,EEM,-0.02092919
2022-03-11,GLD,-0.00702788
2022-03-11,HYG,-0.00723795
2022-03-11,SPY,-0.01271496
2022-03-11,TLT,0.00334648
2022-03-11,UUP,0.00530902
2022-03-14,EEM,-0.02419541
2022-03-14,GLD,-0.01507371
2022-03-14,HYG,-0.01186176
2022-03-14,SPY,-0.00730839
2022-03-14,TLT,-0.02334876
2022-03-14,UUP,-0.00037723
2022-03-15,EEM,0.00144406
2022-03-15,GLD,-0.01870545
2022-03-15,HYG,0.00750261
2022-03-15,SPY,0.02199037
2022-03-15,TLT,-0.00174569
2022-03-15,UUP,-0.0011321
2022-03-16,EEM,0.08052909
2022-03-16,GLD,0.0062608
2022-03-16,HYG,0.01402569
2022-03-16,SPY,0.02217448
2022-03-16,TLT,0.00980769
2022-03-16,UUP,-0.00717794
2022-03-17,EEM,-0.00511672
2022-03-17,GLD,0.00488864
2022-03-17,HYG,0.00685391
2022-03-17,SPY,0.01251087
2022-03-17,TLT,-0.00745392
2022-03-17,UUP,-0.00228316
2022-03-18,EEM,0.01431114
2022-03-18,GLD,-0.00878985
2022-03-18,HYG,0.00328208
2022-03-18,SPY,0.01095272
2022-03-18,TLT,0.01221273
2022-03-18,UUP,0.00114428
2022-03-21,EEM,-0.01543203
2022-03-21,GLD,0.0076408
2022-03-21,HYG,-0.0115108
2022-03-21,SPY,-0.00029248
2022-03-21,TLT,-0.02315615
2022-03-21,UUP,0.00380945
2022-03-22,EEM,0.01813704
2022-03-22,GLD,-0.00725078
2022-03-22,HYG,0.00514844
2022-03-22,SPY,0.01170149
2022-03-22,TLT,-0.01281201
2022-03-22,UUP,-0.00037952
2022-03-23,EEM,-0.00659781
2022-03-23,GLD,0.01365966
2022-03-23,HYG,-0.00317119
2022-03-23,SPY,-0.01287851
2022-03-23,TLT,0.02191531
2022-03-23,UUP,0.00113906
2022-03-24,EEM,0.00531343
2022-03-24,GLD,0.00726037
2022-03-24,HYG,0.00208005
2022-03-24,SPY,0.01507439
2022-03-24,TLT,-0.00783321
2022-03-24,UUP,0.00113768
2022-03-25,EEM,-0.00792798
2022-03-25,GLD,-0.00409545
2022-03-25,HYG,-0.00720282
2022-03-25,SPY,0.00488352
2022-03-25,TLT,-0.01387278
2022-03-25,UUP,0.00037871
2022-03-28,EEM,0.00332975
2022-03-28,GLD,-0.01820379
2022-03-28,HYG,0.00627145
2022-03-28,SPY,0.00711297
2022-03-28,TLT,0.0085499
2022-03-28,UUP,0.00302914
2022-03-29,EEM,0.01703527
2022-03-29,GLD,0.00044679
2022-03-29,HYG,0.01234263
2022-03-29,SPY,0.01237102
2022-03-29,TLT,0.00755226
2022-03-29,UUP,-0.00603999
2022-03-30,EEM,-0.00282784
2022-03-30,GLD,0.00803842
2022-03-30,HYG,-0.00301776
2022-03-30,SPY,-0.00617471
2022-03-30,TLT,0.00780182
2022-03-30,UUP,-0.00531709
2022-03-31,EEM,-0.01505233
2022-03-31,GLD,0.0003876
2022-03-31,HYG,-0.00363236
2022-03-31,SPY,-0.01539142
2022-03-31,TLT,0.00242865
2022-03-31,UUP,0.00420001
2022-04-01,EEM,0.01661124
2022-04-01,GLD,-0.00636587
2022-04-01,HYG,-7.325e-05
2022-04-01,SPY,0.00283408
2022-04-01,TLT,0.00380644
2022-04-01,UUP,0.00152087
2022-04-04,EEM,0.01764707
2022-04-04,GLD,0.00484677
2022-04-04,HYG,0.00756547
2022-04-04,SPY,0.00856666
2022-04-04,TLT,-0.00694941
2022-04-04,UUP,0.00455583
2022-04-05,EEM,-0.01841131
2022-04-05,GLD,-0.00626484
2022-04-05,HYG,-0.0129587
2022-04-05,SPY,-0.01263139
2022-04-05,TLT,-0.02259257
2022-04-05,UUP,0.00529105
2022-04-06,EEM,-0.01308625
2022-04-06,GLD,0.00234322
2022-04-06,HYG,-0.00785271
2022-04-06,SPY,-0.00999927
2022-04-06,TLT,-0.00809409
2022-04-06,UUP,0.0007519
2022-04-07,EEM,-0.00795592
2022-04-07,GLD,0.00378489
2022-04-07,HYG,-0.00160779
2022-04-07,SPY,0.00503902
2022-04-07,TLT,-0.00753239
2022-04-07,UUP,0.00187833
2022-04-08,EEM,0.00089121
2022-04-08,GLD,0.00626597
2022-04-08,HYG,-0.00606942
2022-04-08,SPY,-0.00267409
2022-04-08,TLT,-0.01083078
2022-04-08,UUP,0.0
2022-04-11,EEM,-0.01246399
2022-04-11,GLD,0.00495946
2022-04-11,HYG,-0.00685462
2022-04-11,SPY,-0.01709232
2022-04-11,TLT,-0.01582474
2022-04-11,UUP,0.00224961
2022-04-12,EEM,-0.00315525
2022-04-12,GLD,0.00767675
2022-04-12,HYG,0.00765473
2022-04-12,SPY,-0.00370526
2022-04-12,TLT,-0.00138098
2022-04-12,UUP,0.00336708
2022-04-13,EEM,0.01311345
2022-04-13,GLD,0.00478854
2022-04-13,HYG,0.00597714
2022-04-13,SPY,0.0114536
2022-04-13,TLT,0.00203336
2022-04-13,UUP,-0.00410143
2022-04-14,EEM,-0.01294371
2022-04-14,GLD,-0.00330355
2022-04-14,HYG,-0.00668427
2022-04-14,SPY,-0.01245166
2022-04-14,TLT,-0.02004536
2022-04-14,UUP,0.00449256
2022-04-18,EEM,-0.0033912
2022-04-18,GLD,0.00309719
2022-04-18,HYG,-0.0016204
2022-04-18,SPY,0.00041099
2022-04-18,TLT,-0.00496896
2022-04-18,UUP,0.00410007
2022-04-19,EEM,-0.00499098
2022-04-19,GLD,-0.0151129
2022-04-19,HYG,-0.00087362
2022-04-19,SPY,0.0161428
2022-04-19,TLT,-0.0074907
2022-04-19,UUP,0.00222706
2022-04-20,EEM,-0.00592815
2022-04-20,GLD,0.00489495
2022-04-20,HYG,0.00312353
2022-04-20,SPY,-0.00074159
2022-04-20,TLT,0.02012562
2022-04-20,UUP,-0.00703696
2022-04-21,EEM,-0.01926596
2022-04-21,GLD,-0.0035576
2022-04-21,HYG,-0.00685054
2022-04-21,SPY,-0.01495353
2022-04-21,TLT,-0.00739804
2022-04-21,UUP,0.00298395
2022-04-22,EEM,-0.00888686
2022-04-22,GLD,-0.00972209
2022-04-22,HYG,-0.00601918
2022-04-22,SPY,-0.02743905
2022-04-22,TLT,-0.00629411
2022-04-22,UUP,0.00595006
2022-04-25,EEM,-0.00731459
2022-04-25,GLD,-0.01797099
2022-04-25,HYG,0.00845302
2022-04-25,SPY,0.00579754
2022-04-25,TLT,0.01000064
2022-04-25,UUP,0.00480595
2022-04-26,EEM,-0.0218684
2022-04-26,GLD,0.00152502
2022-04-26,HYG,-0.00588014
2022-04-26,SPY,-0.02896085
2022-04-26,TLT,0.01006703
2022-04-26,UUP,0.00625459
2022-04-27,EEM,0.01166461
2022-04-27,GLD,-0.00755702
2022-04-27,HYG,-0.00490811
2022-04-27,SPY,0.00281175
2022-04-27,TLT,-0.01282583
2022-04-27,UUP,0.00621579
2022-04-28,EEM,0.01441269
2022-04-28,GLD,0.00539832
2022-04-28,HYG,0.0055648
2022-04-28,SPY,0.02525937
2022-04-28,TLT,0.00148969
2022-04-28,UUP,0.00581393
2022-04-29,EEM,0.0035519
2022-04-29,GLD,-0.00011298
2022-04-29,HYG,-0.01232554
2022-04-29,SPY,-0.03695576
2022-04-29,TLT,-0.01297299
2022-04-29,UUP,-0.003974
2022-05-02,EEM,-0.00141563
2022-05-02,GLD,-0.01854049
2022-05-02,HYG,6.364e-05
2022-05-02,SPY,0.00601973
2022-05-02,TLT,-0.017334
2022-05-02,UUP,0.00507795
2022-05-03,EEM,0.00732516
2022-05-03,GLD,0.00264926
2022-05-03,HYG,0.00524152
2022-05-03,SPY,0.00458396
2022-05-03,TLT,0.00674214
2022-05-03,UUP,-0.00180437
2022-05-04,EEM,0.01079037
2022-05-04,GLD,0.00982254
2022-05-04,HYG,0.01017254
2022-05-04,SPY,0.03045292
2022-05-04,TLT,0.00550979
2022-05-04,UUP,-0.00831522
2022-05-05,EEM,-0.03689945
2022-05-05,GLD,-0.00381114
2022-05-05,HYG,-0.01774903
2022-05-05,SPY,-0.03554289
2022-05-05,TLT,-0.0273983
2022-05-05,UUP,0.00838494
2022-05-06,EEM,-0.01373476
2022-05-06,GLD,0.00165587
2022-05-06,HYG,-0.00563939
2022-05-06,SPY,-0.00596873
2022-05-06,TLT,-0.01473528
2022-05-06,UUP,0.00180763
2022-05-09,EEM,-0.02882981
2022-05-09,GLD,-0.0144795
2022-05-09,HYG,-0.01056793
2022-05-09,SPY,-0.03201719
2022-05-09,TLT,0.00879745
2022-05-09,UUP,0.00036097
2022-05-10,EEM,0.00477985
2022-05-10,GLD,-0.0084452
2022-05-10,HYG,0.00573098
2022-05-10,SPY,0.00231032
2022-05-10,TLT,0.00906914
2022-05-10,UUP,0.00216455
2022-05-11,EEM,-0.00701044
2022-05-11,GLD,0.00816713
2022-05-11,HYG,-0.00595751
2022-05-11,SPY,-0.01588601
2022-05-11,TLT,0.01927268
2022-05-11,UUP,0.0010797
2022-05-12,EEM,-0.00655573
2022-05-12,GLD,-0.01533393
2022-05-12,HYG,-0.00039078
2022-05-12,SPY,-0.00104392
2022-05-12,TLT,-0.00186555
2022-05-12,UUP,0.00863012
2022-05-13,EEM,0.02766502
2022-05-13,GLD,-0.00810957
2022-05-13,HYG,0.00117318
2022-05-13,SPY,0.02390772
2022-05-13,TLT,-0.01478075
2022-05-13,UUP,-0.00285212
2022-05-16,EEM,-0.00395169
2022-05-16,GLD,0.00953848
2022-05-16,HYG,-0.00143266
2022-05-16,SPY,-0.0040576
2022-05-16,TLT,-0.00103454
2022-05-16,UUP,-0.00393256
2022-05-17,EEM,0.0245474
2022-05-17,GLD,-0.0062793
2022-05-17,HYG,-0.00091258
2022-05-17,SPY,0.02057042
2022-05-17,TLT,-0.01208377
2022-05-17,UUP,-0.00825576
2022-05-18,EEM,-0.02395926
2022-05-18,GLD,0.00053148
2022-05-18,HYG,-0.00822108
2022-05-18,SPY,-0.04031137
2022-05-18,TLT,0.02131744
2022-05-18,UUP,0.00506708
2022-05-19,EEM,0.01586914
2022-05-19,GLD,0.01469723
2022-05-19,HYG,0.00671069
2022-05-19,SPY,-0.00612481
2022-05-19,TLT,0.00239512
2022-05-19,UUP,-0.01044302
2022-05-20,EEM,0.00414933
2022-05-20,GLD,0.00069801
2022-05-20,HYG,-0.00065375
2022-05-20,SPY,0.00043653
2022-05-20,TLT,0.01135021
2022-05-20,UUP,0.00218346
2022-05-23,EEM,0.00753516
2022-05-23,GLD,0.00465037
2022-05-23,HYG,0.00392371
2022-05-23,SPY,0.01871003
2022-05-23,TLT,-0.01645452
2022-05-23,UUP,-0.00907768
2022-05-24,EEM,-0.01737018
2022-05-24,GLD,0.00752186
2022-05-24,HYG,0.00599256
2022-05-24,SPY,-0.00763377
2022-05-24,TLT,0.01973252
2022-05-24,UUP,-0.00293163
2022-05-25,EEM,0.00491042
2022-05-25,GLD,-0.00602999
2022-05-25,HYG,0.01515203
2022-05-25,SPY,0.00883502
2022-05-25,TLT,0.00395417
2022-05-25,UUP,0.00367521
2022-05-26,EEM,0.01563641
2022-05-26,GLD,-0.0018489
2022-05-26,HYG,0.01390476
2022-05-26,SPY,0.01998133
2022-05-26,TLT,-0.00452528
2022-05-26,UUP,-0.00329549
2022-05-27,EEM,0.01154655
2022-05-27,GLD,0.00052102
2022-05-27,HYG,0.0089329
2022-05-27,SPY,0.02454899
2022-05-27,TLT,0.0024414
2022-05-27,UUP,-0.00220423
2022-05-31,EEM,0.01403107
2022-05-31,GLD,-0.00989301
2022-05-31,HYG,-0.00860463
2022-05-31,SPY,-0.00561092
2022-05-31,TLT,-0.02116247
2022-05-31,UUP,0.00184082
2022-06-01,EEM,-0.0070357
2022-06-01,GLD,0.00636903
2022-06-01,HYG,-0.00369982
2022-06-01,SPY,-0.00808846
2022-06-01,TLT,-0.00114262
2022-06-01,UUP,0.00771786
2022-06-02,EEM,0.01724149
2022-06-02,GLD,0.01230918
2022-06-02,HYG,0.00418267
2022-06-02,SPY,0.0190434
2022-06-02,TLT,0.00051583
2022-06-02,UUP,-0.00875278
2022-06-03,EEM,-0.01625274
2022-06-03,GLD,-0.01015202
2022-06-03,HYG,-0.00744655
2022-06-03,SPY,-0.01641153
2022-06-03,TLT,-0.00214979
2022-06-03,UUP,0.00441504
2022-06-06,EEM,0.00542839
2022-06-06,GLD,-0.00440372
2022-06-06,HYG,-0.00750273
2022-06-06,SPY,0.00304493
2022-06-06,TLT,-0.01844374
2022-06-06,UUP,0.00219786
2022-06-07,EEM,0.00305165
2022-06-07,GLD,0.00651842
2022-06-07,HYG,0.00230591
2022-06-07,SPY,0.00959209
2022-06-07,TLT,0.01080012
2022-06-07,UUP,-0.00109652
2022-06-08,EEM,0.00538266
2022-06-08,GLD,-0.0009252
2022-06-08,HYG,-0.00856439
2022-06-08,SPY,-0.01087222
2022-06-08,TLT,-0.0088605
2022-06-08,UUP,0.00292718
2022-06-09,EEM,-0.02366292
2022-06-09,GLD,-0.00318326
2022-06-09,HYG,-0.00799336
2022-06-09,SPY,-0.02378267
2022-06-09,TLT,0.00333065
2022-06-09,UUP,0.00729662
2022-06-10,EEM,-0.01106043
2022-06-10,GLD,0.01341228
2022-06-10,HYG,-0.01702636
2022-06-10,SPY,-0.02899561
2022-06-10,TLT,-0.0062023
2022-06-10,UUP,0.00796808
2022-06-13,EEM,-0.03501129
2022-06-13,GLD,-0.02641229
2022-06-13,HYG,-0.03345226
2022-06-13,SPY,-0.03796828
2022-06-13,TLT,-0.03137868
2022-06-13,UUP,0.00970184
2022-06-14,EEM,0.01385776
2022-06-14,GLD,-0.00800321
2022-06-14,HYG,0.00656613
2022-06-14,SPY,-0.00301334
2022-06-14,TLT,-0.01261364
2022-06-14,UUP,0.00213513
2022-06-15,EEM,0.01317091
2022-06-15,GLD,0.01305094
2022-06-15,HYG,0.01943465
2022-06-15,SPY,0.0142563
2022-06-15,TLT,0.01865653
2022-06-15,UUP,-0.00781253
2022-06-16,EEM,-0.03065987
2022-06-16,GLD,0.01124318
2022-06-16,HYG,-0.01586477
2022-06-16,SPY,-0.03309593
2022-06-16,TLT,0.00793929
2022-06-16,UUP,-0.00966356
2022-06-17,EEM,0.00379552
2022-06-17,GLD,-0.00822282
2022-06-17,HYG,0.00311566
2022-06-17,SPY,0.00215566
2022-06-17,TLT,0.00322239
2022-06-17,UUP,0.01011943
2022-06-21,EEM,0.01613322
2022-06-21,GLD,-0.00373679
2022-06-21,HYG,-0.00067545
2022-06-21,SPY,0.02517356
2022-06-21,TLT,-0.01695228
2022-06-21,UUP,-0.0035779
2022-06-22,EEM,-0.0178617
2022-06-22,GLD,0.00398519
2022-06-22,HYG,-0.00027004
2022-06-22,SPY,-0.00181296
2022-06-22,TLT,0.02750051
2022-06-22,UUP,-0.00143638
2022-06-23,EEM,0.0030312
2022-06-23,GLD,-0.00612926
2022-06-23,HYG,0.00716392
2022-06-23,SPY,0.00980244
2022-06-23,TLT,0.00821472
2022-06-23,UUP,0.00107885
2022-06-24,EEM,0.02367147
2022-06-24,GLD,-0.00099846
2022-06-24,HYG,0.00711323
2022-06-24,SPY,0.03179421
2022-06-24,TLT,-0.01384254
2022-06-24,UUP,-0.00215507
2022-06-27,EEM,0.00123018
2022-06-27,GLD,-0.00111707
2022-06-27,HYG,-0.00612962
2022-06-27,SPY,-0.00381999
2022-06-27,TLT,-0.00852877
2022-06-27,UUP,-0.0017999
2022-06-28,EEM,-0.0061425
2022-06-28,GLD,-0.00164802
2022-06-28,HYG,-0.01099528
2022-06-28,SPY,-0.02043279
2022-06-28,TLT,0.00465929
2022-06-28,UUP,0.00576982
2022-06-29,EEM,-0.00395563
2022-06-29,GLD,-0.00076636
2022-06-29,HYG,-0.00149134
2022-06-29,SPY,-0.00081438
2022-06-29,TLT,0.01560838
2022-06-29,UUP,0.00573688
2022-06-30,EEM,-0.00471579
2022-06-30,GLD,-0.00607705
2022-06-30,HYG,-0.00054319
2022-06-30,SPY,-0.00812422
2022-06-30,TLT,0.00878185
2022-06-30,UUP,-0.00320855
2022-07-01,EEM,-0.00623441
2022-07-01,GLD,-0.00083105
2022-07-01,HYG,0.0095387
2022-07-01,SPY,0.01057662
2022-07-01,TLT,0.01026699
2022-07-01,UUP,0.00321888
2022-07-05,EEM,-0.00777907
2022-07-05,GLD,-0.02120964
2022-07-05,HYG,-0.00094634
2022-07-05,SPY,0.00188833
2022-07-05,TLT,0.00785698
2022-07-05,UUP,0.01426028
2022-07-06,EEM,-0.00606985
2022-07-06,GLD,-0.01584219
2022-07-06,HYG,-0.00378815
2022-07-06,SPY,0.0033774
2022-07-06,TLT,-0.01679116
2022-07-06,UUP,0.00456937
2022-07-07,EEM,0.02010187
2022-07-07,GLD,0.00055505
2022-07-07,HYG,0.0162978
2022-07-07,SPY,0.01497735
2022-07-07,TLT,-0.00879997
2022-07-07,UUP,0.0003499
2022-07-08,EEM,0.0
2022-07-08,GLD,0.00043153
2022-07-08,HYG,0.00080142
2022-07-08,SPY,-0.00082297
2022-07-08,TLT,-0.01107591
2022-07-08,UUP,-0.00069956
2022-07-11,EEM,-0.02668998
2022-07-11,GLD,-0.00536051
2022-07-11,HYG,-0.00560813
2022-07-11,SPY,-0.0114234
2022-07-11,TLT,0.017244
2022-07-11,UUP,0.01155062
2022-07-12,EEM,-0.00384426
2022-07-12,GLD,-0.00371672
2022-07-12,HYG,0.00402871
2022-07-12,SPY,-0.00884885
2022-07-12,TLT,0.00594221
2022-07-12,UUP,-0.00034603
2022-07-13,EEM,-0.00231548
2022-07-13,GLD,0.00478769
2022-07-13,HYG,-0.00107022
2022-07-13,SPY,-0.00525178
2022-07-13,TLT,0.01146636
2022-07-13,UUP,-0.00207674
2022-07-14,EEM,-0.00902507
2022-07-14,GLD,-0.01404706
2022-07-14,HYG,-0.00187397
2022-07-14,SPY,-0.00242855
2022-07-14,TLT,-0.00815891
2022-07-14,UUP,0.00693715
2022-07-15,EEM,0.00520398
2022-07-15,GLD,-0.00200846
2022-07-15,HYG,0.01274297
2022-07-15,SPY,0.01910517
2022-07-15,TLT,0.00562869
2022-07-15,UUP,-0.00585608
2022-07-18,EEM,0.00698949
2022-07-18,GLD,0.00094339
2022-07-18,HYG,-0.00966889
2022-07-18,SPY,-0.00825681
2022-07-18,TLT,-0.01041875
2022-07-18,UUP,-0.00554391
2022-07-19,EEM,0.01645256
2022-07-19,GLD,0.00238747
2022-07-19,HYG,0.01324068
2022-07-19,SPY,0.02701909
2022-07-19,TLT,-0.00539457
2022-07-19,UUP,-0.00627185
2022-07-20,EEM,-0.00429953
2022-07-20,GLD,-0.00940203
2022-07-20,HYG,0.0043558
2022-07-20,SPY,0.00637323
2022-07-20,TLT,0.00262455
2022-07-20,UUP,0.00280504
2022-07-21,EEM,0.01143005
2022-07-21,GLD,0.01411042
2022-07-21,HYG,0.01182796
2022-07-21,SPY,0.01018318
2022-07-21,TLT,0.01727587
2022-07-21,UUP,-0.00279719
2022-07-22,EEM,-0.01004528
2022-07-22,GLD,0.00249575
2022-07-22,HYG,-0.00129871
2022-07-22,SPY,-0.00927818
2022-07-22,TLT,0.01681094
2022-07-22,UUP,-0.00140248
2022-07-25,EEM,0.00355174
2022-07-25,GLD,-0.00273855
2022-07-25,HYG,-0.00025988
2022-07-25,SPY,0.00121503
2022-07-25,TLT,-0.00978476
2022-07-25,UUP,-0.00140453
2022-07-26,EEM,-0.00783641
2022-07-26,GLD,-0.00118581
2022-07-26,HYG,-0.00702499
2022-07-26,SPY,-0.011831
2022-07-26,TLT,0.00076667
2022-07-26,UUP,0.00773561
2022-07-27,EEM,0.0185986
2022-07-27,GLD,0.01018498
2022-07-27,HYG,0.01100446
2022-07-27,SPY,0.02596618
2022-07-27,TLT,-0.00561782
2022-07-27,UUP,-0.00837409
2022-07-28,EEM,0.00425231
2022-07-28,GLD,0.01218532
2022-07-28,HYG,0.01023715
2022-07-28,SPY,0.01254248
2022-07-28,TLT,0.00796101
2022-07-28,UUP,-0.00070375
2022-07-29,EEM,-0.00473234
2022-07-29,GLD,0.00281109
2022-07-29,HYG,0.00295089
2022-07-29,SPY,0.01457876
2022-07-29,TLT,-0.00271781
2022-07-29,UUP,-0.00387325
2022-08-01,EEM,-0.00850836
2022-08-01,GLD,0.00566723
2022-08-01,HYG,0.00030799
2022-08-01,SPY,-0.00296123
2022-08-01,TLT,0.02408335
2022-08-01,UUP,-0.00388824
2022-08-02,EEM,-0.00479575
2022-08-02,GLD,-0.00593829
2022-08-02,HYG,-0.00462124
2022-08-02,SPY,-0.00659737
2022-08-02,TLT,-0.02115951
2022-08-02,UUP,0.00638743
2022-08-03,EEM,0.00786225
2022-08-03,GLD,0.00243824
2022-08-03,HYG,0.00876891
2022-08-03,SPY,0.0156594
2022-08-03,TLT,0.01574478
2022-08-03,UUP,0.00282094
2022-08-04,EEM,0.00704585
2022-08-04,GLD,0.01653999
2022-08-04,HYG,0.00268456
2022-08-04,SPY,-0.00067554
2022-08-04,TLT,-0.00033523
2022-08-04,UUP,-0.00632911
2022-08-05,EEM,0.0009993
2022-08-05,GLD,-0.01124607
2022-08-05,HYG,-0.00509994
2022-08-05,SPY,-0.00169004
2022-08-05,TLT,-0.02380342
2022-08-05,UUP,0.00849254
2022-08-08,EEM,0.00124819
2022-08-08,GLD,0.00847002
2022-08-08,HYG,0.00089737
2022-08-08,SPY,-0.00116086
2022-08-08,TLT,0.01614141
2022-08-08,UUP,-0.00140354
2022-08-09,EEM,-0.0037398
2022-08-09,GLD,0.00305954
2022-08-09,HYG,-0.00742588
2022-08-09,SPY,-0.00397108
2022-08-09,TLT,-0.00388687
2022-08-09,UUP,-0.00105414
2022-08-10,EEM,0.0125126
2022-08-10,GLD,-0.00251195
2022-08-10,HYG,0.01496211
2022-08-10,SPY,0.02100386
2022-08-10,TLT,-0.00653147
2022-08-10,UUP,-0.01090393
2022-08-11,EEM,0.00395455
2022-08-11,GLD,-0.00263822
2022-08-11,HYG,-0.00571845
2022-08-11,SPY,0.0
2022-08-11,TLT,-0.0233094
2022-08-11,UUP,0.00071133
2022-08-12,EEM,0.01058574
2022-08-12,GLD,0.00919802
2022-08-12,HYG,0.0089466
2022-08-12,SPY,0.01692923
2022-08-12,TLT,0.01014098
2022-08-12,UUP,0.00390888
2022-08-15,EEM,-0.00462828
2022-08-15,GLD,-0.01286703
2022-08-15,HYG,-0.00177353
2022-08-15,SPY,0.00412061
2022-08-15,TLT,-0.00086599
2022-08-15,UUP,0.00884961
2022-08-16,EEM,-0.00024489
2022-08-16,GLD,-0.0017501
2022-08-16,HYG,-0.00469509
2022-08-16,SPY,0.00195868
2022-08-16,TLT,0.00415798
2022-08-16,UUP,-0.00035089
2022-08-17,EEM,-0.00416144
2022-08-17,GLD,-0.00646834
2022-08-17,HYG,-0.0103277
2022-08-17,SPY,-0.007098
2022-08-17,TLT,-0.01043738
2022-08-17,UUP,0.00140404
2022-08-18,EEM,-0.00565387
2022-08-18,GLD,-0.00261642
2022-08-18,HYG,0.00154587
2022-08-18,SPY,0.00290631
2022-08-18,TLT,0.00148179
2022-08-18,UUP,0.00771121
2022-08-19,EEM,-0.01359718
2022-08-19,GLD,-0.00732063
2022-08-19,HYG,-0.01016195
2022-08-19,SPY,-0.01343783
2022-08-19,TLT,-0.01610207
2022-08-19,UUP,0.00626087
2022-08-22,EEM,-0.00877184
2022-08-22,GLD,-0.00663718
2022-08-22,HYG,-0.01130625
2022-08-22,SPY,-0.02082258
2022-08-22,TLT,-0.00336164
2022-08-22,UUP,0.00829586
2022-08-23,EEM,0.00530972
2022-08-23,GLD,0.00699087
2022-08-23,HYG,0.00249727
2022-08-23,SPY,-0.00241914
2022-08-23,TLT,-0.00550357
2022-08-23,UUP,-0.00411384
2022-08-24,EEM,-0.00025156
2022-08-24,GLD,0.00294892
2022-08-24,HYG,0.00118038
2022-08-24,SPY,0.00320105
2022-08-24,TLT,-0.00731867
2022-08-24,UUP,0.00068848
2022-08-25,EEM,0.02163538
2022-08-25,GLD,0.00306279
2022-08-25,HYG,0.00942881
2022-08-25,SPY,0.01411758
2022-08-25,TLT,0.01393622
2022-08-25,UUP,-0.00171995
2022-08-26,EEM,-0.01477479
2022-08-26,GLD,-0.01215271
2022-08-26,HYG,-0.01647641
2022-08-26,SPY,-0.03384904
2022-08-26,TLT,0.00753744
2022-08-26,UUP,0.00379035
2022-08-29,EEM,-0.00624843
2022-08-29,GLD,0.00061824
2022-08-29,HYG,-0.00382497
2022-08-29,SPY,-0.00661203
2022-08-29,TLT,-0.00827323
2022-08-29,UUP,0.00034337
2022-08-30,EEM,-0.01182085
2022-08-30,GLD,-0.00834058
2022-08-30,HYG,-0.00768023
2022-08-30,SPY,-0.01097811
2022-08-30,TLT,0.00248481
2022-08-30,UUP,-0.00034326
2022-08-31,EEM,0.00356306
2022-08-31,GLD,-0.00772531
2022-08-31,HYG,-0.00547132
2022-08-31,SPY,-0.00760897
2022-08-31,TLT,-0.00956073
2022-08-31,UUP,-0.00068644
2022-09-01,EEM,-0.00786193
2022-09-01,GLD,-0.00879016
2022-09-01,HYG,0.00264317
2022-09-01,SPY,0.00313775
2022-09-01,TLT,-0.01830809
2022-09-01,UUP,0.00893163
2022-09-02,EEM,-0.00920252
2022-09-02,GLD,0.00880471
2022-09-02,HYG,-0.00067275
2022-09-02,SPY,-0.01054428
2022-09-02,TLT,0.00565708
2022-09-02,UUP,0.00034049
2022-09-06,EEM,-0.01186788
2022-09-06,GLD,-0.00583946
2022-09-06,HYG,-0.00269117
2022-09-06,SPY,-0.00377336
2022-09-06,TLT,-0.02476885
2022-09-06,UUP,0.00578616
2022-09-07,EEM,0.00887746
2022-09-07,GLD,0.01016864
2022-09-07,HYG,0.01443763
2022-09-07,SPY,0.01796524
2022-09-07,TLT,0.01581548
2022-09-07,UUP,-0.00710655
2022-09-08,EEM,-0.00543477
2022-09-08,GLD,-0.00600229
2022-09-08,HYG,0.00438983
2022-09-08,SPY,0.00653622
2022-09-08,TLT,-0.01025715
2022-09-08,UUP,0.00204489
2022-09-09,EEM,0.01483189
2022-09-09,GLD,0.00528376
2022-09-09,HYG,0.00397257
2022-09-09,SPY,0.01553537
2022-09-09,TLT,0.00222063
2022-09-09,UUP,-0.00714273
2022-09-12,EEM,0.01487201
2022-09-12,GLD,0.00506819
2022-09-12,HYG,0.00303378
2022-09-12,SPY,0.01074765
2022-09-12,TLT,-0.00821711
2022-09-12,UUP,-0.00513879
2022-09-13,EEM,-0.03082366
2022-09-13,GLD,-0.01301134
2022-09-13,HYG,-0.02275092
2022-09-13,SPY,-0.04348244
2022-09-13,TLT,0.00232701
2022-09-13,UUP,0.01377413
2022-09-14,EEM,0.00495284
2022-09-14,GLD,-0.00384761
2022-09-14,HYG,0.00148026
2022-09-14,SPY,0.0038156
2022-09-14,TLT,0.00343655
2022-09-14,UUP,-0.00203802
2022-09-15,EEM,-0.01063524
2022-09-15,GLD,-0.01867914
2022-09-15,HYG,-0.00631521
2022-09-15,SPY,-0.01135307
2022-09-15,TLT,-0.00064801
2022-09-15,UUP,0.0006806
2022-09-16,EEM,-0.00917684
2022-09-16,GLD,0.00554911
2022-09-16,HYG,0.00338015
2022-09-16,SPY,-0.00762918
2022-09-16,TLT,-0.00833554
2022-09-16,UUP,0.0
2022-09-19,EEM,0.00317547
2022-09-19,GLD,0.00077009
2022-09-19,HYG,0.00377374
2022-09-19,SPY,0.00775494
2022-09-19,TLT,0.00233478
2022-09-19,UUP,-0.00068014
2022-09-20,EEM,-0.00553953
2022-09-20,GLD,-0.00570659
2022-09-20,HYG,-0.01020394
2022-09-20,SPY,-0.01147854
2022-09-20,TLT,-0.00996982
2022-09-20,UUP,0.00476519
2022-09-21,EEM,-0.01671094
2022-09-21,GLD,0.00464297
2022-09-21,HYG,-0.0029844
2022-09-21,SPY,-0.01744368
2022-09-21,TLT,0.01675294
2022-09-21,UUP,0.00982378
2022-09-22,EEM,-0.00485571
2022-09-22,GLD,-0.00057768
2022-09-22,HYG,-0.00598641
2022-09-22,SPY,-0.00839986
2022-09-22,TLT,-0.02554855
2022-09-22,UUP,0.00134186
2022-09-23,EEM,-0.02466772
2022-09-23,GLD,-0.01727683
2022-09-23,HYG,-0.01272911
2022-09-23,SPY,-0.01675487
2022-09-23,TLT,0.00408452
2022-09-23,UUP,0.01574533
2022-09-26,EEM,-0.01222899
2022-09-26,GLD,-0.01163322
2022-09-26,HYG,-0.0117841
2022-09-26,SPY,-0.00989275
2022-09-26,TLT,-0.01911071
2022-09-26,UUP,0.01121377
2022-09-27,EEM,-0.00112562
2022-09-27,GLD,0.00204984
2022-09-27,HYG,-0.00210463
2022-09-27,SPY,-0.0025526
2022-09-27,TLT,-0.02633073
2022-09-27,UUP,0.00032609
2022-09-28,EEM,0.00873252
2022-09-28,GLD,0.02078665
2022-09-28,HYG,0.01785466
2022-09-28,SPY,0.01967645
2022-09-28,TLT,0.03348173
2022-09-28,UUP,-0.01304201
2022-09-29,EEM,-0.02234023
2022-09-29,GLD,-0.00019393
2022-09-29,HYG,-0.00939216
2022-09-29,SPY,-0.02088899
2022-09-29,TLT,-0.00517575
2022-09-29,UUP,-0.00396442
2022-09-30,EEM,-0.00371319
2022-09-30,GLD,6.462e-05
2022-09-30,HYG,-0.0046012
2022-09-30,SPY,-0.01546367
2022-09-30,TLT,-0.01291063
2022-09-30,UUP,0.0
2022-10-03,EEM,0.01634186
2022-10-03,GLD,0.02430979
2022-10-03,HYG,0.01310507
2022-10-03,SPY,0.02640136
2022-10-03,TLT,0.0158894
2022-10-03,UUP,-0.00464334
2022-10-04,EEM,0.03272214
2022-10-04,GLD,0.01432812
2022-10-04,HYG,0.02153701
2022-10-04,SPY,0.03098656
2022-10-04,TLT,-0.00279293
2022-10-04,UUP,-0.01366215
2022-10-05,EEM,0.0005463
2022-10-05,GLD,-0.00553827
2022-10-05,HYG,-0.00394497
2022-10-05,SPY,-0.00232811
2022-10-05,TLT,-0.00956142
2022-10-05,UUP,0.00945946
2022-10-06,EEM,-0.00600605
2022-10-06,GLD,-0.00112629
2022-10-06,HYG,-0.00300397
2022-10-06,SPY,-0.01031595
2022-10-06,TLT,-0.00555863
2022-10-06,UUP,0.01004018
2022-10-07,EEM,-0.02087342
2022-10-07,GLD,-0.01096285
2022-10-07,HYG,-0.01218977
2022-10-07,SPY,-0.02789377
2022-10-07,TLT,-0.00970786
2022-10-07,UUP,0.00397617
2022-10-10,EEM,-0.01402535
2022-10-10,GLD,-0.01520148
2022-10-10,HYG,-0.01220221
2022-10-10,SPY,-0.00763549
2022-10-10,TLT,-0.01554588
2022-10-10,UUP,0.00429046
2022-10-11,EEM,-0.01593154
2022-10-11,GLD,-0.00205809
2022-10-11,HYG,0.00308856
2022-10-11,SPY,-0.00633291
2022-10-11,TLT,0.00442572
2022-10-11,UUP,0.00065719
2022-10-12,EEM,0.00115617
2022-10-12,GLD,0.00534933
2022-10-12,HYG,0.00167901
2022-10-12,SPY,-0.00329832
2022-10-12,TLT,0.00490679
2022-10-12,UUP,0.0
2022-10-13,EEM,0.00288781
2022-10-13,GLD,-0.00692353
2022-10-13,HYG,0.00223545
2022-10-13,SPY,0.02639083
2022-10-13,TLT,-0.00956663
2022-10-13,UUP,-0.00656808
2022-10-14,EEM,-0.01497275
2022-10-14,GLD,-0.0124589
2022-10-14,HYG,-0.00320608
2022-10-14,SPY,-0.02278875
2022-10-14,TLT,-0.00825042
2022-10-14,UUP,0.00694202
2022-10-17,EEM,0.02747736
2022-10-17,GLD,0.00287621
2022-10-17,HYG,0.01230569
2022-10-17,SPY,0.02569704
2022-10-17,TLT,-0.0048696
2022-10-17,UUP,-0.01017731
2022-10-18,EEM,0.0002845
2022-10-18,GLD,0.00215097
2022-10-18,HYG,0.00704524
2022-10-18,SPY,0.01174975
2022-10-18,TLT,0.00234486
2022-10-18,UUP,-0.00066329
2022-10-19,EEM,-0.01820252
2022-10-19,GLD,-0.01339836
2022-10-19,HYG,-0.00960215
2022-10-19,SPY,-0.00708664
2022-10-19,TLT,-0.01820575
2022-10-19,UUP,0.0073018
2022-10-20,EEM,0.00637335
2022-10-20,GLD,-0.00158221
2022-10-20,HYG,-0.00554
2022-10-20,SPY,-0.00838523
2022-10-20,TLT,-0.017093
2022-10-20,UUP,0.00065885
2022-10-21,EEM,0.015256
2022-10-21,GLD,0.01782765
2022-10-21,HYG,0.00961006
2022-10-21,SPY,0.02430152
2022-10-21,TLT,-0.01802283
2022-10-21,UUP,-0.008561
2022-10-24,EEM,-0.03799255
2022-10-24,GLD,-0.00324359
2022-10-24,HYG,0.00068937
2022-10-24,SPY,0.01223643
2022-10-24,TLT,-0.00826441
2022-10-24,UUP,0.0009963
2022-10-25,EEM,0.00825216
2022-10-25,GLD,0.00227794
2022-10-25,HYG,0.00965001
2022-10-25,SPY,0.01596861
2022-10-25,TLT,0.02911274
2022-10-25,UUP,-0.01094888
2022-10-26,EEM,0.01636948
2022-10-26,GLD,0.00636361
2022-10-26,HYG,0.00273103
2022-10-26,SPY,-0.00753402
2022-10-26,TLT,0.01440677
2022-10-26,UUP,-0.01039922
2022-10-27,EEM,-0.00776519
2022-10-27,GLD,-0.00154852
2022-10-27,HYG,0.00735258
2022-10-27,SPY,-0.00534012
2022-10-27,TLT,0.01047102
2022-10-27,UUP,0.00779665
2022-10-28,EEM,-0.00608688
2022-10-28,GLD,-0.01021069
2022-10-28,HYG,0.00770493
2022-10-28,SPY,0.02379062
2022-10-28,TLT,-0.00687394
2022-10-28,UUP,0.00168177
2022-10-31,EEM,-0.00291638
2022-10-31,GLD,-0.0081614
2022-10-31,HYG,-0.01502358
2022-10-31,SPY,-0.00722328
2022-10-31,TLT,-0.00712814
2022-10-31,UUP,0.00839495
2022-11-01,EEM,0.01842645
2022-11-01,GLD,0.01020343
2022-11-01,HYG,0.00601504
2022-11-01,SPY,-0.00437595
2022-11-01,TLT,0.00934511
2022-11-01,UUP,-0.00033301
2022-11-02,EEM,-0.00832861
2022-11-02,GLD,-0.00697255
2022-11-02,HYG,-0.00910407
2022-11-02,SPY,-0.02509602
2022-11-02,TLT,-0.00433982
2022-11-02,UUP,0.00433033
2022-11-03,EEM,0.00579211
2022-11-03,GLD,-0.00380604
2022-11-03,HYG,-0.00713159
2022-11-03,SPY,-0.01029687
2022-11-03,TLT,-0.00539696
2022-11-03,UUP,0.00829193
2022-11-04,EEM,0.04232646
2022-11-04,GLD,0.03069629
2022-11-04,HYG,0.00690625
2022-11-04,SPY,0.01439299
2022-11-04,TLT,-0.01680028
2022-11-04,UUP,-0.01875002
2022-11-07,EEM,0.00055249
2022-11-07,GLD,-0.00396239
2022-11-07,HYG,-0.00013757
2022-11-07,SPY,0.00956579
2022-11-07,TLT,-0.00997652
2022-11-07,UUP,-0.00569888
2022-11-08,EEM,0.00717829
2022-11-08,GLD,0.02309907
2022-11-08,HYG,-0.00095979
2022-11-08,SPY,0.00539518
2022-11-08,TLT,0.01093422
2022-11-08,UUP,-0.00438304
2022-11-09,EEM,-0.01726969
2022-11-09,GLD,-0.00501727
2022-11-09,HYG,-0.0119474
2022-11-09,SPY,-0.02060205
2022-11-09,TLT,0.00328763
2022-11-09,UUP,0.00745001
2022-11-10,EEM,0.03626223
2022-11-10,GLD,0.03044439
2022-11-10,HYG,0.03113277
2022-11-10,SPY,0.05495427
2022-11-10,TLT,0.03847396
2022-11-10,UUP,-0.0228571
2022-11-11,EEM,0.02718711
2022-11-11,GLD,0.00660632
2022-11-11,HYG,0.00350485
2022-11-11,SPY,0.00967857
2022-11-11,TLT,-0.00366462
2022-11-11,UUP,-0.01444793
2022-11-14,EEM,-0.00602724
2022-11-14,GLD,0.00218766
2022-11-14,HYG,-0.00738816
2022-11-14,SPY,-0.0085067
2022-11-14,TLT,-0.00245158
2022-11-14,UUP,0.00453755
2022-11-15,EEM,0.02293688
2022-11-15,GLD,0.00351687
2022-11-15,HYG,0.00879603
2022-11-15,SPY,0.00852892
2022-11-15,TLT,0.01618064
2022-11-15,UUP,-0.00347464
2022-11-16,EEM,-0.01597939
2022-11-16,GLD,-0.0022961
2022-11-16,HYG,-0.00214614
2022-11-16,SPY,-0.00762866
2022-11-16,TLT,0.02186797
2022-11-16,UUP,-0.00209195
2022-11-17,EEM,0.00183349
2022-11-17,GLD,-0.00726742
2022-11-17,HYG,-0.0043019
2022-11-17,SPY,-0.00305995
2022-11-17,TLT,-0.01055223
2022-11-17,UUP,0.0038434
2022-11-18,EEM,-0.00575179
2022-11-18,GLD,-0.00689364
2022-11-18,HYG,0.00216018
2022-11-18,SPY,0.00454046
2022-11-18,TLT,-0.00687745
2022-11-18,UUP,0.00278446
2022-11-21,EEM,-0.0126216
2022-11-21,GLD,-0.00558995
2022-11-21,HYG,-0.00040439
2022-11-21,SPY,-0.00363617
2022-11-21,TLT,0.00421562
2022-11-21,UUP,0.0086776
2022-11-22,EEM,0.00239699
2022-11-22,GLD,0.00117372
2022-11-22,HYG,0.00727817
2022-11-22,SPY,0.01345697
2022-11-22,TLT,0.01419123
2022-11-22,UUP,-0.00619408
2022-11-23,EEM,0.00823592
2022-11-23,GLD,0.00623184
2022-11-23,HYG,0.00561916
2022-11-23,SPY,0.00630161
2022-11-23,TLT,0.01744212
2022-11-23,UUP,-0.01038783
2022-11-25,EEM,-0.00474312
2022-11-25,GLD,0.00085847
2022-11-25,HYG,-0.00199568
2022-11-25,SPY,-0.0002238
2022-11-25,TLT,-0.00339015
2022-11-25,UUP,0.0
2022-11-28,EEM,-0.00450101
2022-11-28,GLD,-0.0079035
2022-11-28,HYG,-0.01053164
2022-11-28,SPY,-0.01595685
2022-11-28,TLT,0.00281828
2022-11-28,UUP,0.0073479
2022-11-29,EEM,0.02154277
2022-11-29,GLD,0.00494043
2022-11-29,HYG,0.0043113
2022-11-29,SPY,-0.0017174
2022-11-29,TLT,-0.01172605
2022-11-29,UUP,0.00173668
2022-11-30,EEM,0.02889855
2022-11-30,GLD,0.01278192
2022-11-30,HYG,0.01502557
2022-11-30,SPY,0.03150028
2022-11-30,TLT,0.00735457
2022-11-30,UUP,-0.007975
2022-12-01,EEM,-0.00328934
2022-12-01,GLD,0.0183848
2022-12-01,HYG,0.00370318
2022-12-01,SPY,-0.00073567
2022-12-01,TLT,0.03194573
2022-12-01,UUP,-0.01223355
2022-12-02,EEM,0.00380805
2022-12-02,GLD,-0.00345568
2022-12-02,HYG,-0.00079317
2022-12-02,SPY,-0.00115359
2022-12-02,TLT,0.01257578
2022-12-02,UUP,-0.0010616
2022-12-05,EEM,-0.01138091
2022-12-05,GLD,-0.01715889
2022-12-05,HYG,-0.0095296
2022-12-05,SPY,-0.01798931
2022-12-05,TLT,-0.01400693
2022-12-05,UUP,0.00814732
2022-12-06,EEM,-0.00127895
2022-12-06,GLD,0.00273737
2022-12-06,HYG,-0.00360734
2022-12-06,SPY,-0.01441504
2022-12-06,TLT,0.01288009
2022-12-06,UUP,0.00070284
2022-12-07,EEM,-0.00589138
2022-12-07,GLD,0.0090391
2022-12-07,HYG,0.00549826
2022-12-07,SPY,-0.00170093
2022-12-07,TLT,0.02356249
2022-12-07,UUP,-0.00316019
2022-12-08,EEM,0.0121101
2022-12-08,GLD,0.0008417
2022-12-08,HYG,0.00080032
2022-12-08,SPY,0.00783378
2022-12-08,TLT,-0.00274055
2022-12-08,UUP,-0.00317013
2022-12-09,EEM,-0.00661909
2022-12-09,GLD,0.00354416
2022-12-09,HYG,0.0
2022-12-09,SPY,-0.00747024
2022-12-09,TLT,-0.02601463
2022-12-09,UUP,0.00212011
2022-12-12,EEM,-0.00307548
2022-12-12,GLD,-0.00826053
2022-12-12,HYG,0.00386432
2022-12-12,SPY,0.01441732
2022-12-12,TLT,0.0031977
2022-12-12,UUP,0.00070524
2022-12-13,EEM,0.00715112
2022-12-13,GLD,0.01708113
2022-12-13,HYG,0.01035512
2022-12-13,SPY,0.00756991
2022-12-13,TLT,0.00965585
2022-12-13,UUP,-0.008809
2022-12-14,EEM,0.0005183
2022-12-14,GLD,-0.00243302
2022-12-14,HYG,-0.00565024
2022-12-14,SPY,-0.00639365
2022-12-14,TLT,0.00427107
2022-12-14,UUP,-0.00462128
2022-12-15,EEM,-0.02305093
2022-12-15,GLD,-0.01635931
2022-12-15,HYG,-0.00377244
2022-12-15,SPY,-0.02446162
2022-12-15,TLT,0.00390174
2022-12-15,UUP,0.00928562
2022-12-16,EEM,0.00291631
2022-12-16,GLD,0.00870872
2022-12-16,HYG,-0.00533355
2022-12-16,SPY,-0.01180615
2022-12-16,TLT,-0.01117027
2022-12-16,UUP,0.00176925
2022-12-19,EEM,0.00079264
2022-12-19,GLD,-0.00281783
2022-12-19,HYG,-0.00509372
2022-12-19,SPY,-0.0084797
2022-12-19,TLT,-0.0168055
2022-12-19,UUP,0.00024946
2022-12-20,EEM,-0.00026393
2022-12-20,GLD,0.01659448
2022-12-20,HYG,-0.00256006
2022-12-20,SPY,0.00136848
2022-12-20,TLT,-0.01775675
2022-12-20,UUP,-0.00676889
2022-12-21,EEM,0.00898276
2022-12-21,GLD,-0.00165601
2022-12-21,HYG,0.00851042
2022-12-21,SPY,0.01495228
2022-12-21,TLT,0.00251318
2022-12-21,UUP,0.00251086
2022-12-22,EEM,-0.00890279
2022-12-22,GLD,-0.01208536
2022-12-22,HYG,-0.00616153
2022-12-22,SPY,-0.01426611
2022-12-22,TLT,-0.00019267
2022-12-22,UUP,0.00143115
2022-12-23,EEM,-0.00132098
2022-12-23,GLD,0.00299832
2022-12-23,HYG,0.00256088
2022-12-23,SPY,0.00575238
2022-12-23,TLT,-0.01466063
2022-12-23,UUP,-0.00035737
2022-12-27,EEM,0.0148148
2022-12-27,GLD,0.00843001
2022-12-27,HYG,-0.01035082
2022-12-27,SPY,-0.00394361
2022-12-27,TLT,-0.01977304
2022-12-27,UUP,-0.00035742
2022-12-28,EEM,-0.01459853
2022-12-28,GLD,-0.00450581
2022-12-28,HYG,-0.0134474
2022-12-28,SPY,-0.01242774
2022-12-28,TLT,-0.00589152
2022-12-28,UUP,0.00357536
2022-12-29,EEM,0.01666677
2022-12-29,GLD,0.00559825
2022-12-29,HYG,0.01294229
2022-12-29,SPY,0.0180002
2022-12-29,TLT,0.01135097
2022-12-29,UUP,-0.00605633
2022-12-30,EEM,-0.01379135
2022-12-30,GLD,0.00467867
2022-12-30,HYG,0.00081554
2022-12-30,SPY,-0.00263404
2022-12-30,TLT,-0.01112413
2022-12-30,UUP,-0.00322588
2023-01-03,EEM,0.00844317
2023-01-03,GLD,0.00837066
2023-01-03,HYG,0.00190113
2023-01-03,SPY,-0.00420993
2023-01-03,TLT,0.01908397
2023-01-03,UUP,0.01078755
2023-01-04,EEM,0.03008898
2023-01-04,GLD,0.00941191
2023-01-04,HYG,0.01152266
2023-01-04,SPY,0.00772022
2023-01-04,TLT,0.01369969
2023-01-04,UUP,-0.00355747
2023-01-05,EEM,-0.00304789
2023-01-05,GLD,-0.01245146
2023-01-05,HYG,-0.00201051
2023-01-05,SPY,-0.01141345
2023-01-05,TLT,0.00418061
2023-01-05,UUP,0.00928252
2023-01-06,EEM,0.02089161
2023-01-06,GLD,0.0187075
2023-01-06,HYG,0.01423395
2023-01-06,SPY,0.02293239
2023-01-06,TLT,0.01839729
2023-01-06,UUP,-0.01308816
2023-01-09,EEM,0.00748687
2023-01-09,GLD,0.00224512
2023-01-09,HYG,0.00357503
2023-01-09,SPY,-0.00056714
2023-01-09,TLT,0.00532397
2023-01-09,UUP,-0.00609315
2023-01-10,EEM,0.00718361
2023-01-10,GLD,0.00367604
2023-01-10,HYG,-0.00118741
2023-01-10,SPY,0.00701288
2023-01-10,TLT,-0.01655014
2023-01-10,UUP,0.00072121
2023-01-11,EEM,0.00418098
2023-01-11,GLD,-0.00068679
2023-01-11,HYG,0.0066042
2023-01-11,SPY,0.01264771
2023-01-11,TLT,0.01625165
2023-01-11,UUP,0.0
2023-01-12,EEM,0.00489828
2023-01-12,GLD,0.011568
2023-01-12,HYG,0.00564211
2023-01-12,SPY,0.00364097
2023-01-12,TLT,0.01968196
2023-01-12,UUP,-0.00972972
2023-01-13,EEM,0.00658058
2023-01-13,GLD,0.01200178
2023-01-13,HYG,0.0
2023-01-13,SPY,0.00387947
2023-01-13,TLT,-0.00937262
2023-01-13,UUP,-0.00036393
2023-01-17,EEM,-0.00556897
2023-01-17,GLD,-0.00654508
2023-01-17,HYG,-0.00339277
2023-01-17,SPY,-0.0018318
2023-01-17,TLT,-0.00646363
2023-01-17,UUP,0.00291232
2023-01-18,EEM,-0.00681757
2023-01-18,GLD,-0.00287175
2023-01-18,HYG,0.00117877
2023-01-18,SPY,-0.0157881
2023-01-18,TLT,0.0242316
2023-01-18,UUP,0.0
2023-01-19,EEM,0.00759989
2023-01-19,GLD,0.01586852
2023-01-19,HYG,-0.00588535
2023-01-19,SPY,-0.00727974
2023-01-19,TLT,-0.00625968
2023-01-19,UUP,-0.00254086
2023-01-20,EEM,0.01532826
2023-01-20,GLD,-0.00333541
2023-01-20,HYG,0.0019743
2023-01-20,SPY,0.01862902
2023-01-20,TLT,-0.01621131
2023-01-20,UUP,-0.00145555
2023-01-23,EEM,0.00718925
2023-01-23,GLD,0.00189643
2023-01-23,HYG,-0.00013217
2023-01-23,SPY,0.01199847
2023-01-23,TLT,-0.00470826
2023-01-23,UUP,0.00145767
2023-01-24,EEM,0.00071382
2023-01-24,GLD,0.00361852
2023-01-24,HYG,0.00065699
2023-01-24,SPY,-0.00107327
2023-01-24,TLT,0.01438054
2023-01-24,UUP,-0.0010917
2023-01-25,EEM,0.00095089
2023-01-25,GLD,0.00460396
2023-01-25,HYG,-0.00013179
2023-01-25,SPY,0.00037464
2023-01-25,TLT,0.00242474
2023-01-25,UUP,-0.00327868
2023-01-26,EEM,0.00950112
2023-01-26,GLD,-0.00905527
2023-01-26,HYG,0.00249366
2023-01-26,SPY,0.01099044
2023-01-26,TLT,-0.00465178
2023-01-26,UUP,0.0025585
2023-01-27,EEM,-0.00470571
2023-01-27,GLD,-0.00139299
2023-01-27,HYG,-0.003011
2023-01-27,SPY,0.00229781
2023-01-27,TLT,-0.00252385
2023-01-27,UUP,0.0014582
2023-01-30,EEM,-0.02009461
2023-01-30,GLD,-0.00256672
2023-01-30,HYG,-0.0055145
2023-01-30,SPY,-0.01254675
2023-01-30,TLT,-0.0036545
2023-01-30,UUP,0.00364036
2023-01-31,EEM,-0.00217133
2023-01-31,GLD,0.00363621
2023-01-31,HYG,0.00778968
2023-01-31,SPY,0.01470325
2023-01-31,TLT,0.00799408
2023-01-31,UUP,-0.0021762
2023-02-01,EEM,0.01233076
2023-02-01,GLD,0.01259681
2023-02-01,HYG,0.01050551
2023-02-01,SPY,0.01062783
2023-02-01,TLT,0.01202136
2023-02-01,UUP,-0.00945123
2023-02-02,EEM,-0.00597096
2023-02-02,GLD,-0.02075194
2023-02-02,HYG,0.0057323
2023-02-02,SPY,0.01455683
2023-02-02,TLT,0.00129404
2023-02-02,UUP,0.00660558
2023-02-03,EEM,-0.01777969
2023-02-03,GLD,-0.02495777
2023-02-03,HYG,-0.01049229
2023-02-03,SPY,-0.01062896
2023-02-03,TLT,-0.01495563
2023-02-03,UUP,0.01312438
2023-02-06,EEM,-0.01467715
2023-02-06,GLD,0.00207541
2023-02-06,HYG,-0.00641422
2023-02-06,SPY,-0.0061115
2023-02-06,TLT,-0.00740387
2023-02-06,UUP,0.0057574
2023-02-07,EEM,0.00397215
2023-02-07,GLD,0.00092043
2023-02-07,HYG,0.00355694
2023-02-07,SPY,0.01307893
2023-02-07,TLT,-0.00802569
2023-02-07,UUP,-0.00178896
2023-02-08,EEM,-0.00123648
2023-02-08,GLD,0.00247159
2023-02-08,HYG,-0.00420118
2023-02-08,SPY,-0.01093498
2023-02-08,TLT,0.00475895
2023-02-08,UUP,0.00107535
2023-02-09,EEM,0.00470424
2023-02-09,GLD,-0.00791242
2023-02-09,HYG,-0.00645976
2023-02-09,SPY,-0.00866891
2023-02-09,TLT,-0.00947306
2023-02-09,UUP,-0.00143225
2023-02-10,EEM,-0.00961077
2023-02-10,GLD,0.00190719
2023-02-10,HYG,-0.00769657
2023-02-10,SPY,0.00233349
2023-02-10,TLT,-0.01118988
2023-02-10,UUP,0.00322696
2023-02-13,EEM,0.00821113
2023-02-13,GLD,-0.00507617
2023-02-13,HYG,0.00254093
2023-02-13,SPY,0.01173892
2023-02-13,TLT,0.00841509
2023-02-13,UUP,-0.00285915
2023-02-14,EEM,-0.00172745
2023-02-14,GLD,0.00075374
2023-02-14,HYG,0.00026664
2023-02-14,SPY,-0.00046021
2023-02-14,TLT,-0.00230241
2023-02-14,UUP,-0.0007169
2023-02-15,EEM,-0.00840568
2023-02-15,GLD,-0.00996467
2023-02-15,HYG,-0.00160044
2023-02-15,SPY,0.00324745
2023-02-15,TLT,-0.00932469
2023-02-15,UUP,0.00681502
2023-02-16,EEM,0.00024933
2023-02-16,GLD,-0.00081924
2023-02-16,HYG,-0.00801407
2023-02-16,SPY,-0.01376883
2023-02-16,TLT,-0.01416809
2023-02-16,UUP,0.00142495
2023-02-17,EEM,-0.0109671
2023-02-17,GLD,0.00298679
2023-02-17,HYG,0.00390492
2023-02-17,SPY,-0.00249815
2023-02-17,TLT,0.00777672
2023-02-17,UUP,-0.00071146
2023-02-21,EEM,-0.0126007
2023-02-21,GLD,-0.003737
2023-02-21,HYG,-0.01542374
2023-02-21,SPY,-0.02006071
2023-02-21,TLT,-0.01943765
2023-02-21,UUP,0.00320398
2023-02-22,EEM,-0.00484941
2023-02-22,GLD,-0.00562649
2023-02-22,HYG,0.00653857
2023-02-22,SPY,-0.00137845
2023-02-22,TLT,0.00916447
2023-02-22,UUP,0.00319383
2023-02-23,EEM,0.00487305
2023-02-23,GLD,-0.00053045
2023-02-23,HYG,0.00987938
2023-02-23,SPY,0.00531951
2023-02-23,TLT,0.00977179
2023-02-23,UUP,0.00035368
2023-02-24,EEM,-0.02246054
2023-02-24,GLD,-0.00719468
2023-02-24,HYG,-0.00603045
2023-02-24,SPY,-0.01068263
2023-02-24,TLT,-0.01300082
2023-02-24,UUP,0.00742573
2023-02-27,EEM,0.00522206
2023-02-27,GLD,0.00392033
2023-02-27,HYG,0.00674122
2023-02-27,SPY,0.00340584
2023-02-27,TLT,0.00277306
2023-02-27,UUP,-0.005265
2023-02-28,EEM,-0.00701302
2023-02-28,GLD,0.00455597
2023-02-28,HYG,-0.00187457
2023-02-28,SPY,-0.00369571
2023-02-28,TLT,0.00454305
2023-02-28,UUP,0.00282284
2023-03-01,EEM,0.02144912
2023-03-01,GLD,0.00577215
2023-03-01,HYG,-0.00283509
2023-03-01,SPY,-0.00383611
2023-03-01,TLT,-0.01074302
2023-03-01,UUP,-0.00527789
2023-03-02,EEM,0.00358506
2023-03-02,GLD,-0.00058556
2023-03-02,HYG,0.00121831
2023-03-02,SPY,0.00777738
2023-03-02,TLT,-0.00886724
2023-03-02,UUP,0.00530589
2023-03-03,EEM,0.00893101
2023-03-03,GLD,0.01072309
2023-03-03,HYG,0.01027628
2023-03-03,SPY,0.01603777
2023-03-03,TLT,0.02422582
2023-03-03,UUP,-0.00387048
2023-03-06,EEM,-0.00354095
2023-03-06,GLD,-0.00504383
2023-03-06,HYG,0.0
2023-03-06,SPY,0.0006928
2023-03-06,TLT,-0.00775333
2023-03-06,UUP,-0.00141287
2023-03-07,EEM,-0.01675111
2023-03-07,GLD,-0.01748048
2023-03-07,HYG,-0.00709313
2023-03-07,SPY,-0.01532857
2023-03-07,TLT,0.00613233
2023-03-07,UUP,0.01238065
2023-03-08,EEM,0.00413005
2023-03-08,GLD,-0.00047445
2023-03-08,HYG,-0.004718
2023-03-08,SPY,0.0016321
2023-03-08,TLT,0.00098344
2023-03-08,UUP,-0.00034943
2023-03-09,EEM,-0.02210793
2023-03-09,GLD,0.00984932
2023-03-09,HYG,-0.00555248
2023-03-09,SPY,-0.01844989
2023-03-09,TLT,0.00245527
2023-03-09,UUP,-0.00279627
2023-03-10,EEM,-0.00525775
2023-03-10,GLD,0.02156286
2023-03-10,HYG,0.000136
2023-03-10,SPY,-0.01442974
2023-03-10,TLT,0.03448589
2023-03-10,UUP,-0.00630914
2023-03-13,EEM,0.00158584
2023-03-13,GLD,0.02294821
2023-03-13,HYG,-0.00544636
2023-03-13,SPY,-0.00142503
2023-03-13,TLT,0.00227343
2023-03-13,UUP,-0.00917111
2023-03-14,EEM,0.00052763
2023-03-14,GLD,-0.00579106
2023-03-14,HYG,0.00725641
2023-03-14,SPY,0.01653017
2023-03-14,TLT,-0.01644181
2023-03-14,UUP,0.0
2023-03-15,EEM,-0.01714138
2023-03-15,GLD,0.00780413
2023-03-15,HYG,-0.00326242
2023-03-15,SPY,-0.0062544
2023-03-15,TLT,0.01930989
2023-03-15,UUP,0.01067994
2023-03-16,EEM,0.0152937
2023-03-16,GLD,0.00202009
2023-03-16,HYG,0.00654562
2023-03-16,SPY,0.0175452
2023-03-16,TLT,-0.00782259
2023-03-16,UUP,-0.00105671
2023-03-17,EEM,-0.00607808
2023-03-17,GLD,0.02912021
2023-03-17,HYG,-0.00596115
2023-03-17,SPY,-0.01169264
2023-03-17,TLT,0.01500885
2023-03-17,UUP,-0.00564169
2023-03-20,EEM,0.00372255
2023-03-20,GLD,0.00038087
2023-03-20,HYG,-0.00272623
2023-03-20,SPY,0.00961554
2023-03-20,TLT,-0.0087973
2023-03-20,UUP,-0.00567378
2023-03-21,EEM,0.00900644
2023-03-21,GLD,-0.01887512
2023-03-21,HYG,0.01093368
2023-03-21,SPY,0.01313057
2023-03-21,TLT,-0.00859186
2023-03-21,UUP,-0.00035666
2023-03-22,EEM,0.00393819
2023-03-22,GLD,0.01702061
2023-03-22,HYG,0.00094601
2023-03-22,SPY,-0.01704656
2023-03-22,TLT,0.01333302
2023-03-22,UUP,-0.00749196
2023-03-23,EEM,0.01385966
2023-03-23,GLD,0.01253818
2023-03-23,HYG,-0.0039165
2023-03-23,SPY,0.00270338
2023-03-23,TLT,0.0
2023-03-23,UUP,0.00143792
2023-03-24,EEM,-0.00257927
2023-03-24,GLD,-0.01125235
2023-03-24,HYG,-0.00203359
2023-03-24,SPY,0.00656191
2023-03-24,TLT,0.00422921
2023-03-24,UUP,0.00610182
2023-03-27,EEM,-0.00543049
2023-03-27,GLD,-0.00925672
2023-03-27,HYG,-0.00244595
2023-03-27,SPY,0.00187005
2023-03-27,TLT,-0.02349082
2023-03-27,UUP,-0.00321092
2023-03-28,EEM,0.01430043
2023-03-28,GLD,0.00818909
2023-03-28,HYG,-0.00054466
2023-03-28,SPY,-0.00224488
2023-03-28,TLT,0.00182117
2023-03-28,UUP,-0.00357904
2023-03-29,EEM,0.00281976
2023-03-29,GLD,-0.00496077
2023-03-29,HYG,0.01253757
2023-03-29,SPY,0.01453513
2023-03-29,TLT,-0.0020088
2023-03-29,UUP,0.00251439
2023-03-30,EEM,0.00996935
2023-03-30,GLD,0.00903958
2023-03-30,HYG,0.00592209
2023-03-30,SPY,0.0058551
2023-03-30,TLT,0.00460095
2023-03-30,UUP,-0.00465777
2023-03-31,EEM,-0.00126559
2023-03-31,GLD,-0.00521225
2023-03-31,HYG,0.01083692
2023-03-31,SPY,0.01409466
2023-03-31,TLT,0.01498085
2023-03-31,UUP,0.00359957
2023-04-03,EEM,0.00202761
2023-04-03,GLD,0.00720441
2023-04-03,HYG,-0.00077104
2023-04-03,SPY,0.0038106
2023-04-03,TLT,0.00470341
2023-04-03,UUP,-0.00466278
2023-04-04,EEM,0.0
2023-04-04,GLD,0.01864096
2023-04-04,HYG,-0.00292709
2023-04-04,SPY,-0.00554824
2023-04-04,TLT,0.00497163
2023-04-04,UUP,-0.00396393
2023-04-05,EEM,-0.00784036
2023-04-05,GLD,-0.00079792
2023-04-05,HYG,-0.0056054
2023-04-05,SPY,-0.00261817
2023-04-05,TLT,0.01045429
2023-04-05,UUP,0.00289433
2023-04-06,EEM,0.00407857
2023-04-06,GLD,-0.00713409
2023-04-06,HYG,0.0044287
2023-04-06,SPY,0.00390076
2023-04-06,TLT,0.00258704
2023-04-06,UUP,0.00072147
2023-04-10,EEM,0.00101545
2023-04-10,GLD,-0.00739989
2023-04-10,HYG,-0.00093517
2023-04-10,SPY,0.00102641
2023-04-10,TLT,-0.01612481
2023-04-10,UUP,0.00576786
2023-04-11,EEM,0.00608672
2023-04-11,GLD,0.00632056
2023-04-11,HYG,0.00214014
2023-04-11,SPY,0.00026862
2023-04-11,TLT,0.00206051
2023-04-11,UUP,-0.00358425
2023-04-12,EEM,-0.00705817
2023-04-12,GLD,0.00488514
2023-04-12,HYG,-0.00026704
2023-04-12,SPY,-0.004076
2023-04-12,TLT,-0.00102838
2023-04-12,UUP,-0.0053956
2023-04-13,EEM,0.01370902
2023-04-13,GLD,0.01351567
2023-04-13,HYG,0.00680836
2023-04-13,SPY,0.0132828
2023-04-13,TLT,-0.00785839
2023-04-13,UUP,-0.00470165
2023-04-14,EEM,-0.00525913
2023-04-14,GLD,-0.01771031
2023-04-14,HYG,-0.00185676
2023-04-14,SPY,-0.00244292
2023-04-14,TLT,-0.00914662
2023-04-14,UUP,0.00581389
2023-04-17,EEM,0.00427993
2023-04-17,GLD,-0.00445376
2023-04-17,HYG,-0.00265655
2023-04-17,SPY,0.00358835
2023-04-17,TLT,-0.01189547
2023-04-17,UUP,0.00505785
2023-04-18,EEM,-0.00125343
2023-04-18,GLD,0.00388078
2023-04-18,HYG,0.00066592
2023-04-18,SPY,0.00065219
2023-04-18,TLT,0.00356325
2023-04-18,UUP,-0.00359456
2023-04-19,EEM,-0.0100402
2023-04-19,GLD,-0.00477852
2023-04-19,HYG,-0.00399288
2023-04-19,SPY,-0.00016898
2023-04-19,TLT,-0.00095938
2023-04-19,UUP,0.00216458
2023-04-20,EEM,-0.00152129
2023-04-20,GLD,0.00393826
2023-04-20,HYG,-0.00093579
2023-04-20,SPY,-0.00545701
2023-04-20,TLT,0.00854915
2023-04-20,UUP,0.0
2023-04-21,EEM,-0.00939562
2023-04-21,GLD,-0.00988767
2023-04-21,HYG,0.00307678
2023-04-21,SPY,0.00077695
2023-04-21,TLT,-0.00561935
2023-04-21,UUP,-0.00107999
2023-04-24,EEM,-0.00230715
2023-04-24,GLD,0.00303934
2023-04-24,HYG,0.00280033
2023-04-24,SPY,0.00104312
2023-04-24,TLT,0.00967418
2023-04-24,UUP,-0.00324324
2023-04-25,EEM,-0.01875638
2023-04-25,GLD,0.00508632
2023-04-25,HYG,-0.0015958
2023-04-25,SPY,-0.01587386
2023-04-25,TLT,0.01470434
2023-04-25,UUP,0.00470003
2023-04-26,EEM,0.00576083
2023-04-26,GLD,-0.00543739
2023-04-26,HYG,-0.00386238
2023-04-26,SPY,-0.00423553
2023-04-26,TLT,-0.01065787
2023-04-26,UUP,-0.00323865
2023-04-27,EEM,0.01353806
2023-04-27,GLD,5.41e-05
2023-04-27,HYG,0.0033429
2023-04-27,SPY,0.01990801
2023-04-27,TLT,-0.00992281
2023-04-27,UUP,0.00036096
2023-04-28,EEM,0.00513744
2023-04-28,GLD,0.00027065
2023-04-28,HYG,0.00426438
2023-04-28,SPY,0.00853518
2023-04-28,TLT,0.01613074
2023-04-28,UUP,0.00144355
2023-05-01,EEM,-0.00332248
2023-05-01,GLD,-0.00449135
2023-05-01,HYG,-0.00458471
2023-05-01,SPY,-0.00100978
2023-05-01,TLT,-0.02883448
2023-05-01,UUP,0.00504501
2023-05-02,EEM,-0.00974338
2023-05-02,GLD,0.01929664
2023-05-02,HYG,-0.00093737
2023-05-02,SPY,-0.01123919
2023-05-02,TLT,0.02491998
2023-05-02,UUP,-0.0025098
2023-05-03,EEM,-0.00155359
2023-05-03,GLD,0.00847908
2023-05-03,HYG,-0.00053617
2023-05-03,SPY,-0.00686411
2023-05-03,TLT,0.00558161
2023-05-03,UUP,-0.00539188
2023-05-04,EEM,0.0080393
2023-05-04,GLD,0.00703295
2023-05-04,HYG,-0.00294985
2023-05-04,SPY,-0.00708278
2023-05-04,TLT,-0.00987856
2023-05-04,UUP,0.00108428
2023-05-05,EEM,0.01337795
2023-05-05,GLD,-0.01564795
2023-05-05,HYG,0.00537949
2023-05-05,SPY,0.01851247
2023-05-05,TLT,-0.00332598
2023-05-05,UUP,-0.00144407
2023-05-08,EEM,0.00050778
2023-05-08,GLD,0.00122691
2023-05-08,HYG,-0.00280885
2023-05-08,SPY,0.00026642
2023-05-08,TLT,-0.01401442
2023-05-08,UUP,0.00144616
2023-05-09,EEM,-0.00608991
2023-05-09,GLD,0.00708616
2023-05-09,HYG,-0.00254902
2023-05-09,SPY,-0.00438519
2023-05-09,TLT,-0.00357739
2023-05-09,UUP,0.00324917
2023-05-10,EEM,-0.00051042
2023-05-10,GLD,-0.00142844
2023-05-10,HYG,0.00605153
2023-05-10,SPY,0.00467249
2023-05-10,TLT,0.00970421
2023-05-10,UUP,-0.00179934
2023-05-11,EEM,-0.00357612
2023-05-11,GLD,-0.00858276
2023-05-11,HYG,-0.00160367
2023-05-11,SPY,-0.00174396
2023-05-11,TLT,0.01057157
2023-05-11,UUP,0.00648889
2023-05-12,EEM,-0.01179177
2023-05-12,GLD,-0.00171008
2023-05-12,HYG,-0.00361495
2023-05-12,SPY,-0.00131035
2023-05-12,TLT,-0.00836912
2023-05-12,UUP,0.00644698
2023-05-15,EEM,0.01841767
2023-05-15,GLD,0.00214126
2023-05-15,HYG,-0.0002689
2023-05-15,SPY,0.00345027
2023-05-15,TLT,-0.01035789
2023-05-15,UUP,-0.00284702
2023-05-16,EEM,-0.00713209
2023-05-16,GLD,-0.01249939
2023-05-16,HYG,-0.00698942
2023-05-16,SPY,-0.00668295
2023-05-16,TLT,-0.00300418
2023-05-16,UUP,0.00249824
2023-05-17,EEM,0.00461784
2023-05-17,GLD,-0.00346189
2023-05-17,HYG,0.00270725
2023-05-17,SPY,0.01213909
2023-05-17,TLT,-0.00291586
2023-05-17,UUP,0.00178004
2023-05-18,EEM,-0.00536265
2023-05-18,GLD,-0.01297291
2023-05-18,HYG,0.00054014
2023-05-18,SPY,0.00963309
2023-05-18,TLT,-0.00740875
2023-05-18,UUP,0.00746267
2023-05-19,EEM,0.00077016
2023-05-19,GLD,0.00989883
2023-05-19,HYG,0.001079
2023-05-19,SPY,-0.00145512
2023-05-19,TLT,-0.00707139
2023-05-19,UUP,-0.00282184
2023-05-22,EEM,0.00820956
2023-05-22,GLD,-0.0023415
2023-05-22,HYG,0.00444766
2023-05-22,SPY,0.00040613
2023-05-22,TLT,-0.00356066
2023-05-22,UUP,0.00070736
2023-05-23,EEM,-0.01552191
2023-05-23,GLD,0.00120073
2023-05-23,HYG,-0.0052331
2023-05-23,SPY,-0.01122278
2023-05-23,TLT,0.00287828
2023-05-23,UUP,0.0028279
2023-05-24,EEM,-0.00749522
2023-05-24,GLD,-0.00806845
2023-05-24,HYG,-0.00701362
2023-05-24,SPY,-0.00724482
2023-05-24,TLT,-0.00494873
2023-05-24,UUP,0.00352479
2023-05-25,EEM,-0.00208347
2023-05-25,GLD,-0.00961803
2023-05-25,HYG,-0.0006793
2023-05-25,SPY,0.00865982
2023-05-25,TLT,-0.00248667
2023-05-25,UUP,0.00456623
2023-05-26,EEM,0.01774517
2023-05-26,GLD,0.00399557
2023-05-26,HYG,0.0061167
2023-05-26,SPY,0.01295062
2023-05-26,TLT,0.00807727
2023-05-26,UUP,-0.0003496
2023-05-30,EEM,-0.01153827
2023-05-30,GLD,0.00619055
2023-05-30,HYG,0.00432317
2023-05-30,SPY,0.00038102
2023-05-30,TLT,0.00999102
2023-05-30,UUP,-0.00104939
2023-05-31,EEM,-0.0093386
2023-05-31,GLD,0.0015382
2023-05-31,HYG,-0.0030941
2023-05-31,SPY,-0.00554508
2023-05-31,TLT,0.00871699
2023-05-31,UUP,0.00175083
2023-06-01,EEM,0.01780569
2023-06-01,GLD,0.00789813
2023-06-01,HYG,0.00600649
2023-06-01,SPY,0.00950083
2023-06-01,TLT,0.00392348
2023-06-01,UUP,-0.01188396
2023-06-02,EEM,0.01723712
2023-06-02,GLD,-0.01474745
2023-06-02,HYG,0.00512143
2023-06-02,SPY,0.01446131
2023-06-02,TLT,-0.01095839
2023-06-02,UUP,0.01061186
2023-06-05,EEM,-0.00025303
2023-06-05,GLD,0.00602042
2023-06-05,HYG,-0.00080462
2023-06-05,SPY,-0.0019162
2023-06-05,TLT,-0.00186276
2023-06-05,UUP,-0.00175006
2023-06-06,EEM,0.00885399
2023-06-06,GLD,0.00109804
2023-06-06,HYG,0.00161041
2023-06-06,SPY,0.00217742
2023-06-06,TLT,0.00589408
2023-06-06,UUP,0.00315575
2023-06-07,EEM,-0.00429599
2023-06-07,GLD,-0.01201054
2023-06-07,HYG,-0.00549291
2023-06-07,SPY,-0.00345782
2023-06-07,TLT,-0.01484404
2023-06-07,UUP,0.00034955
2023-06-08,EEM,0.00710651
2023-06-08,GLD,0.01321124
2023-06-08,HYG,0.00633148
2023-06-08,SPY,0.00604878
2023-06-08,TLT,0.01169707
2023-06-08,UUP,-0.00803645
2023-06-09,EEM,0.00453632
2023-06-09,GLD,-0.00268452
2023-06-09,HYG,0.00026786
2023-06-09,SPY,0.00179396
2023-06-09,TLT,-0.00137177
2023-06-09,UUP,0.0031702
2023-06-12,EEM,0.00200697
2023-06-12,GLD,-0.00087886
2023-06-12,HYG,-0.00107071
2023-06-12,SPY,0.00907194
2023-06-12,TLT,0.00294361
2023-06-12,UUP,0.00035107
2023-06-13,EEM,0.01001506
2023-06-13,GLD,-0.00736756
2023-06-13,HYG,0.00120577
2023-06-13,SPY,0.00659302
2023-06-13,TLT,-0.00988064
2023-06-13,UUP,-0.003159
2023-06-14,EEM,0.00743674
2023-06-14,GLD,0.00055393
2023-06-14,HYG,0.00040138
2023-06-14,SPY,0.0011909
2023-06-14,TLT,0.00800316
2023-06-14,UUP,-0.00492954
2023-06-15,EEM,0.0093505
2023-06-15,GLD,0.00703058
2023-06-15,HYG,0.00481542
2023-06-15,SPY,0.0123976
2023-06-15,TLT,0.00960614
2023-06-15,UUP,-0.00566173
2023-06-16,EEM,-0.00341313
2023-06-16,GLD,-0.00153922
2023-06-16,HYG,-0.00252901
2023-06-16,SPY,-0.00340614
2023-06-16,TLT,-0.00388375
2023-06-16,UUP,0.00177925
2023-06-20,EEM,-0.01956935
2023-06-20,GLD,-0.01035074
2023-06-20,HYG,-0.00266938
2023-06-20,SPY,-0.00518824
2023-06-20,TLT,0.0069202
2023-06-20,UUP,0.00284197
2023-06-21,EEM,-0.00474067
2023-06-21,GLD,-0.00144642
2023-06-21,HYG,-0.00254271
2023-06-21,SPY,-0.0051237
2023-06-21,TLT,0.00241979
2023-06-21,UUP,-0.00460497
2023-06-22,EEM,-0.00350951
2023-06-22,GLD,-0.00991698
2023-06-22,HYG,-0.0029514
2023-06-22,SPY,0.00360969
2023-06-22,TLT,-0.01207053
2023-06-22,UUP,0.00355874
2023-06-23,EEM,-0.01459127
2023-06-23,GLD,0.00275725
2023-06-23,HYG,-0.00174874
2023-06-23,SPY,-0.00756
2023-06-23,TLT,0.00997012
2023-06-23,UUP,0.00531914
2023-06-26,EEM,0.0033188
2023-06-26,GLD,0.0017396
2023-06-26,HYG,0.00053902
2023-06-26,SPY,-0.00408584
2023-06-26,TLT,0.00106433
2023-06-26,UUP,-0.00105828
2023-06-27,EEM,0.01017827
2023-06-27,GLD,-0.00459354
2023-06-27,HYG,0.0033675
2023-06-27,SPY,0.01096337
2023-06-27,TLT,-0.00261018
2023-06-27,UUP,-0.00247177
2023-06-28,EEM,-0.00604549
2023-06-28,GLD,-0.00230741
2023-06-28,HYG,0.00577355
2023-06-28,SPY,0.00050447
2023-06-28,TLT,0.00426504
2023-06-28,UUP,0.00460179
2023-06-29,EEM,-0.00532183
2023-06-29,GLD,-0.00107176
2023-06-29,HYG,-0.00266972
2023-06-29,SPY,0.00394117
2023-06-29,TLT,-0.01804858
2023-06-29,UUP,0.00422832
2023-06-30,EEM,0.00789817
2023-06-30,GLD,0.00666332
2023-06-30,HYG,0.0048187
2023-06-30,SPY,0.01180086
2023-06-30,TLT,0.01179485
2023-06-30,UUP,-0.00421052
2023-07-03,EEM,0.01112236
2023-07-03,GLD,0.00112188
2023-07-03,HYG,-0.0015668
2023-07-03,SPY,0.00115051
2023-07-03,TLT,-0.00566929
2023-07-03,UUP,0.00105716
2023-07-05,EEM,-0.00600005
2023-07-05,GLD,-0.00353003
2023-07-05,HYG,-0.00308575
2023-07-05,SPY,-0.00148714
2023-07-05,TLT,-0.00950241
2023-07-05,UUP,0.00457587
2023-07-06,EEM,-0.02037203
2023-07-06,GLD,-0.0029802
2023-07-06,HYG,-0.00726579
2023-07-06,SPY,-0.00783074
2023-07-06,TLT,-0.01414279
2023-07-06,UUP,-0.0024528
2023-07-07,EEM,0.01129623
2023-07-07,GLD,0.007501
2023-07-07,HYG,0.00094874
2023-07-07,SPY,-0.00252479
2023-07-07,TLT,-0.00601942
2023-07-07,UUP,-0.00842991
2023-07-10,EEM,0.00076178
2023-07-10,GLD,0.0007837
2023-07-10,HYG,0.00501049
2023-07-10,SPY,0.00253118
2023-07-10,TLT,0.00131227
2023-07-10,UUP,-0.00247965
2023-07-11,EEM,0.01014707
2023-07-11,GLD,0.00374761
2023-07-11,HYG,0.00538897
2023-07-11,SPY,0.00636854
2023-07-11,TLT,0.00514096
2023-07-11,UUP,-0.00248574
2023-07-12,EEM,0.02235053
2023-07-12,GLD,0.01354142
2023-07-12,HYG,0.0077729
2023-07-12,SPY,0.008046
2023-07-12,TLT,0.01113079
2023-07-12,UUP,-0.01174794
2023-07-13,EEM,0.0130191
2023-07-13,GLD,0.0007147
2023-07-13,HYG,0.00598394
2023-07-13,SPY,0.00793678
2023-07-13,TLT,0.01051261
2023-07-13,UUP,-0.0068444
2023-07-14,EEM,-0.00557723
2023-07-14,GLD,-0.00318665
2023-07-14,HYG,-0.0072705
2023-07-14,SPY,-0.00062274
2023-07-14,TLT,-0.00588885
2023-07-14,UUP,0.00181362
2023-07-17,EEM,0.00121931
2023-07-17,GLD,0.00071656
2023-07-17,HYG,0.00186425
2023-07-17,SPY,0.00347214
2023-07-17,TLT,0.00049392
2023-07-17,UUP,-0.00108625
2023-07-18,EEM,-0.00730654
2023-07-18,GLD,0.01145628
2023-07-18,HYG,0.00279147
2023-07-18,SPY,0.0074305
2023-07-18,TLT,0.00453941
2023-07-18,UUP,0.00072495
2023-07-19,EEM,-0.00196266
2023-07-19,GLD,0.00016336
2023-07-19,HYG,0.00079536
2023-07-19,SPY,0.00222392
2023-07-19,TLT,0.01129607
2023-07-19,UUP,0.00398403
2023-07-20,EEM,-0.00737459
2023-07-20,GLD,-0.00506339
2023-07-20,HYG,-0.00437022
2023-07-20,SPY,-0.00663457
2023-07-20,TLT,-0.01214155
2023-07-20,UUP,0.00577194
2023-07-21,EEM,-0.0014859
2023-07-21,GLD,-0.00306453
2023-07-21,HYG,0.00252701
2023-07-21,SPY,0.0
2023-07-21,TLT,0.00029512
2023-07-21,UUP,0.00286949
2023-07-24,EEM,0.01364089
2023-07-24,GLD,-0.00428147
2023-07-24,HYG,-0.00172517
2023-07-24,SPY,0.0044672
2023-07-24,TLT,-0.00363716
2023-07-24,UUP,0.00357656
2023-07-25,EEM,0.00831909
2023-07-25,GLD,0.00556786
2023-07-25,HYG,-0.00066416
2023-07-25,SPY,0.00273013
2023-07-25,TLT,-0.00187463
2023-07-25,UUP,-0.00106914
2023-07-26,EEM,0.00582377
2023-07-26,GLD,0.00487912
2023-07-26,HYG,0.00398976
2023-07-26,SPY,0.00015367
2023-07-26,TLT,0.0009884
2023-07-26,UUP,-0.00285405
2023-07-27,EEM,-0.01230393
2023-07-27,GLD,-0.01571197
2023-07-27,HYG,-0.00794811
2023-07-27,SPY,-0.00662985
2023-07-27,TLT,-0.01945269
2023-07-27,UUP,0.00930229
2023-07-28,EEM,0.02418156
2023-07-28,GLD,0.00798139
2023-07-28,HYG,0.00574197
2023-07-28,SPY,0.00979036
2023-07-28,TLT,0.00513577
2023-07-28,UUP,-0.00141788
2023-07-31,EEM,0.00047712
2023-07-31,GLD,0.00269441
2023-07-31,HYG,0.00238953
2023-07-31,SPY,0.00190407
2023-07-31,TLT,0.00240463
2023-07-31,UUP,0.00177483
2023-08-01,EEM,-0.01263427
2023-08-01,GLD,-0.01036468
2023-08-01,HYG,-0.00495027
2023-08-01,SPY,-0.00286161
2023-08-01,TLT,-0.01638695
2023-08-01,UUP,0.00460676
2023-08-02,EEM,-0.02390144
2023-08-02,GLD,-0.0047656
2023-08-02,HYG,-0.00427983
2023-08-02,SPY,-0.01391077
2023-08-02,TLT,-0.01069889
2023-08-02,UUP,0.00352736
2023-08-03,EEM,0.00395756
2023-08-03,GLD,-0.00033415
2023-08-03,HYG,-0.00322372
2023-08-03,SPY,-0.00286607
2023-08-03,TLT,-0.02307151
2023-08-03,UUP,-0.00070312
2023-08-04,EEM,-0.00123172
2023-08-04,GLD,0.00362041
2023-08-04,HYG,0.00592902
2023-08-04,SPY,-0.0045228
2023-08-04,TLT,0.01771233
2023-08-04,UUP,-0.00492434
2023-08-07,EEM,-0.00148023
2023-08-07,GLD,-0.0022754
2023-08-07,HYG,0.00187553
2023-08-07,SPY,0.00872863
2023-08-07,TLT,-0.00984165
2023-08-07,UUP,0.00070701
2023-08-08,EEM,-0.01210465
2023-08-08,GLD,-0.00634108
2023-08-08,HYG,0.00213925
2023-08-08,SPY,-0.0043486
2023-08-08,TLT,0.01161358
2023-08-08,UUP,0.00459204
2023-08-09,EEM,0.00250071
2023-08-09,GLD,-0.00475821
2023-08-09,HYG,0.00013324
2023-08-09,SPY,-0.00668528
2023-08-09,TLT,0.00517095
2023-08-09,UUP,0.00070313
2023-08-10,EEM,0.00149654
2023-08-10,GLD,-0.0010686
2023-08-10,HYG,-0.00026657
2023-08-10,SPY,0.00035891
2023-08-10,TLT,-0.01646268
2023-08-10,UUP,0.0017569
2023-08-11,EEM,-0.01469489
2023-08-11,GLD,0.0
2023-08-11,HYG,-0.00146769
2023-08-11,SPY,-0.00058297
2023-08-11,TLT,-0.00230137
2023-08-11,UUP,0.00210452
2023-08-14,EEM,-0.00480289
2023-08-14,GLD,-0.00304059
2023-08-14,HYG,-0.00013333
2023-08-14,SPY,0.00551999
2023-08-14,TLT,-0.00220204
2023-08-14,UUP,0.0035002
2023-08-15,EEM,-0.01143006
2023-08-15,GLD,-0.00265447
2023-08-15,HYG,-0.00320827
2023-08-15,SPY,-0.01164899
2023-08-15,TLT,-0.00609457
2023-08-15,UUP,0.00034882
2023-08-16,EEM,-0.00899265
2023-08-16,GLD,-0.00577603
2023-08-16,HYG,-0.0030842
2023-08-16,SPY,-0.00733817
2023-08-16,TLT,-0.0078244
2023-08-16,UUP,0.00278945
2023-08-17,EEM,0.00233338
2023-08-17,GLD,-0.00153787
2023-08-17,HYG,-0.00416926
2023-08-17,SPY,-0.0076198
2023-08-17,TLT,-0.0042628
2023-08-17,UUP,-0.00034773
2023-08-18,EEM,-0.00672517
2023-08-18,GLD,0.00017113
2023-08-18,HYG,0.00067508
2023-08-18,SPY,0.00048126
2023-08-18,TLT,0.00353163
2023-08-18,UUP,0.00069563
2023-08-21,EEM,0.00234371
2023-08-21,GLD,0.00273767
2023-08-21,HYG,-0.00026958
2023-08-21,SPY,0.00650624
2023-08-21,TLT,-0.01333031
2023-08-21,UUP,-0.00104275
2023-08-22,EEM,-0.00207862
2023-08-22,GLD,0.00164956
2023-08-22,HYG,0.00053979
2023-08-22,SPY,-0.00270849
2023-08-22,TLT,0.00767397
2023-08-22,UUP,0.00347949
2023-08-23,EEM,0.01588142
2023-08-23,GLD,0.01016464
2023-08-23,HYG,0.00809602
2023-08-23,SPY,0.01113778
2023-08-23,TLT,0.02477738
2023-08-23,UUP,-0.00346743
2023-08-24,EEM,-0.00384426
2023-08-24,GLD,-0.00022482
2023-08-24,HYG,-0.00548728
2023-08-24,SPY,-0.01385894
2023-08-24,TLT,-0.00659381
2023-08-24,UUP,0.00800282
2023-08-25,EEM,0.00102904
2023-08-25,GLD,-0.00129329
2023-08-25,HYG,0.00417188
2023-08-25,SPY,0.00704964
2023-08-25,TLT,0.00326589
2023-08-25,UUP,0.00138069
2023-08-28,EEM,0.00976624
2023-08-28,GLD,0.00287135
2023-08-28,HYG,0.00375282
2023-08-28,SPY,0.00634132
2023-08-28,TLT,0.00105039
2023-08-28,UUP,-0.00172359
2023-08-29,EEM,0.0127257
2023-08-29,GLD,0.00976809
2023-08-29,HYG,0.00627609
2023-08-29,SPY,0.01445472
2023-08-29,TLT,0.0103862
2023-08-29,UUP,-0.0055248
2023-08-30,EEM,-0.00326709
2023-08-30,GLD,0.00250187
2023-08-30,HYG,-0.00039828
2023-08-30,SPY,0.00411878
2023-08-30,TLT,-0.00103832
2023-08-30,UUP,-0.00173608
2023-08-31,EEM,-0.01235503
2023-08-31,GLD,-0.00166373
2023-08-31,HYG,-0.00066395
2023-08-31,SPY,-0.0014634
2023-08-31,TLT,0.00446944
2023-08-31,UUP,0.00486953
2023-09-01,EEM,0.01174363
2023-09-01,GLD,0.00049992
2023-09-01,HYG,0.00188219
2023-09-01,SPY,0.00186536
2023-09-01,TLT,-0.01557873
2023-09-01,UUP,0.00623052
2023-09-05,EEM,-0.00807468
2023-09-05,GLD,-0.00816169
2023-09-05,HYG,-0.00652758
2023-09-05,SPY,-0.00432202
2023-09-05,TLT,-0.01402199
2023-09-05,UUP,0.00515988
2023-09-06,EEM,-0.00559644
2023-09-06,GLD,-0.00453425
2023-09-06,HYG,-0.00241331
2023-09-06,SPY,-0.00672245
2023-09-06,TLT,0.00245902
2023-09-06,UUP,0.00034233
2023-09-07,EEM,-0.01176777
2023-09-07,GLD,0.00106845
2023-09-07,HYG,0.00335989
2023-09-07,SPY,-0.0030701
2023-09-07,TLT,0.00277372
2023-09-07,UUP,0.00239475
2023-09-08,EEM,0.00207098
2023-09-08,GLD,0.00033703
2023-09-08,HYG,-0.00040185
2023-09-08,SPY,0.00150594
2023-09-08,TLT,0.00382946
2023-09-08,UUP,0.00102389
2023-09-11,EEM,0.01239978
2023-09-11,GLD,0.00185311
2023-09-11,HYG,0.00174236
2023-09-11,SPY,0.00657666
2023-09-11,TLT,-0.00720601
2023-09-11,UUP,-0.00477324
2023-09-12,EEM,-0.00306192
2023-09-12,GLD,-0.00515665
2023-09-12,HYG,-0.00160532
2023-09-12,SPY,-0.0054856
2023-09-12,TLT,0.00576395
2023-09-12,UUP,0.00171296
2023-09-13,EEM,-0.00127964
2023-09-13,GLD,-0.00231001
2023-09-13,HYG,0.00268028
2023-09-13,SPY,0.00116594
2023-09-13,TLT,-0.00021239
2023-09-13,UUP,0.00068389
2023-09-14,EEM,0.00666312
2023-09-14,GLD,0.00050822
2023-09-14,HYG,0.00120204
2023-09-14,SPY,0.00862234
2023-09-14,TLT,-0.00721807
2023-09-14,UUP,0.00615181
2023-09-15,EEM,-0.00381861
2023-09-15,GLD,0.00660382
2023-09-15,HYG,-0.00373679
2023-09-15,SPY,-0.01204813
2023-09-15,TLT,-0.00609427
2023-09-15,UUP,-0.00067932
2023-09-18,EEM,-0.00127789
2023-09-18,GLD,0.00588765
2023-09-18,HYG,0.00066954
2023-09-18,SPY,0.00058632
2023-09-18,TLT,0.00570133
2023-09-18,UUP,-0.0016995
2023-09-19,EEM,-0.0058855
2023-09-19,GLD,-0.00094765
2023-09-19,HYG,-0.0030794
2023-09-19,SPY,-0.00207384
2023-09-19,TLT,-0.00738009
2023-09-19,UUP,0.00068087
2023-09-20,EEM,-0.0041183
2023-09-20,GLD,0.00072539
2023-09-20,HYG,-0.00080563
2023-09-20,SPY,-0.00919322
2023-09-20,TLT,0.0031249
2023-09-20,UUP,0.00170131
2023-09-21,EEM,-0.01731697
2023-09-21,GLD,-0.00724841
2023-09-21,HYG,-0.0071236
2023-09-21,SPY,-0.01652836
2023-09-21,TLT,-0.02567384
2023-09-21,UUP,0.00067932
2023-09-22,EEM,0.01183569
2023-09-22,GLD,0.0032013
2023-09-22,HYG,0.00175999
2023-09-22,SPY,-0.00224851
2023-09-22,TLT,0.00804812
2023-09-22,UUP,0.00237612
2023-09-25,EEM,-0.00441894
2023-09-25,GLD,-0.00515059
2023-09-25,HYG,-0.00135152
2023-09-25,SPY,0.00420514
2023-09-25,TLT,-0.02460886
2023-09-25,UUP,0.003725
2023-09-26,EEM,-0.01409932
2023-09-26,GLD,-0.00799099
2023-09-26,HYG,-0.00433041
2023-09-26,SPY,-0.0146912
2023-09-26,TLT,-0.00347626
2023-09-26,UUP,0.00303651
2023-09-27,EEM,0.001589
2023-09-27,GLD,-0.01236665
2023-09-27,HYG,-0.00135905
2023-09-27,SPY,0.00039908
2023-09-27,TLT,-0.00517606
2023-09-27,UUP,0.00470909
2023-09-28,EEM,0.00264409
2023-09-28,GLD,-0.00499719
2023-09-28,HYG,0.00476348
2023-09-28,SPY,0.00579738
2023-09-28,TLT,0.00305399
2023-09-28,UUP,-0.00535671
2023-09-29,EEM,0.00079131
2023-09-29,GLD,-0.01027535
2023-09-29,HYG,-0.00149007
2023-09-29,SPY,-0.00242691
2023-09-29,TLT,0.00011269
2023-09-29,UUP,0.0006733
2023-10-02,EEM,-0.00500675
2023-10-02,GLD,-0.01049871
2023-10-02,HYG,-0.00606804
2023-10-02,SPY,-0.00039759
2023-10-02,TLT,-0.01673995
2023-10-02,UUP,0.00773618
2023-10-03,EEM,-0.01324145
2023-10-03,GLD,-0.00288824
2023-10-03,HYG,-0.01015215
2023-10-03,SPY,-0.01338616
2023-10-03,TLT,-0.02151168
2023-10-03,UUP,0.00100141
2023-10-04,EEM,-0.00295223
2023-10-04,GLD,-0.00011826
2023-10-04,HYG,0.00512801
2023-10-04,SPY,0.00728191
2023-10-04,TLT,0.01410778
2023-10-04,UUP,-0.003001
2023-10-05,EEM,0.00376846
2023-10-05,GLD,-0.00183279
2023-10-05,HYG,0.00096518
2023-10-05,SPY,-0.00037675
2023-10-05,TLT,-0.00498505
2023-10-05,UUP,-0.0033445
2023-10-06,EEM,0.01448131
2023-10-06,GLD,0.00515308
2023-10-06,HYG,0.00137779
2023-10-06,SPY,0.01187289
2023-10-06,TLT,-0.01211695
2023-10-06,UUP,-0.00201342
2023-10-09,EEM,-0.00475838
2023-10-09,GLD,0.01838545
2023-10-09,HYG,0.00742892
2023-10-09,SPY,0.00640218
2023-10-09,TLT,0.02346943
2023-10-09,UUP,-0.0003362
2023-10-10,EEM,0.01434263
2023-10-10,GLD,-0.0016781
2023-10-10,HYG,-0.00027341
2023-10-10,SPY,0.00520488
2023-10-10,TLT,-0.00138237
2023-10-10,UUP,-0.00235454
2023-10-11,EEM,0.00628442
2023-10-11,GLD,0.00730305
2023-10-11,HYG,-0.00013625
2023-10-11,SPY,0.00409623
2023-10-11,TLT,0.02088617
2023-10-11,UUP,0.0
2023-10-12,EEM,-0.01118917
2023-10-12,GLD,-0.00304965
2023-10-12,HYG,-0.00532804
2023-10-12,SPY,-0.00609651
2023-10-12,TLT,-0.02712831
2023-10-12,UUP,0.0084288
2023-10-13,EEM,-0.00368417
2023-10-13,GLD,0.03214826
2023-10-13,HYG,-0.00082403
2023-10-13,SPY,-0.00498084
2023-10-13,TLT,0.01789306
2023-10-13,UUP,0.00066872
2023-10-16,EEM,0.00739558
2023-10-16,GLD,-0.00486493
2023-10-16,HYG,-0.0002749
2023-10-16,SPY,0.01052144
2023-10-16,TLT,-0.01609446
2023-10-16,UUP,-0.00434349
2023-10-17,EEM,-0.0026219
2023-10-17,GLD,0.00185427
2023-10-17,HYG,-0.00467481
2023-10-17,SPY,-4.579e-05
2023-10-17,TLT,-0.01102049
2023-10-17,UUP,0.00033559
2023-10-18,EEM,-0.01524719
2023-10-18,GLD,0.01447082
2023-10-18,HYG,-0.00483512
2023-10-18,SPY,-0.01332523
2023-10-18,TLT,-0.00879749
2023-10-18,UUP,0.00369001
2023-10-19,EEM,-0.00587283
2023-10-19,GLD,0.01227402
2023-10-19,HYG,-0.00360901
2023-10-19,SPY,-0.00878635
2023-10-19,TLT,-0.02047371
2023-10-19,UUP,-0.00300802
2023-10-20,EEM,-0.01208393
2023-10-20,GLD,0.0027309
2023-10-20,HYG,0.00208959
2023-10-20,SPY,-0.01228799
2023-10-20,TLT,0.00567836
2023-10-20,UUP,0.00033518
2023-10-23,EEM,-0.00081528
2023-10-23,GLD,-0.00337706
2023-10-23,HYG,0.00403174
2023-10-23,SPY,-0.00173325
2023-10-23,TLT,0.01201338
2023-10-23,UUP,-0.00502673
2023-10-24,EEM,0.0127856
2023-10-24,GLD,-0.00010933
2023-10-24,HYG,0.00512317
2023-10-24,SPY,0.00753945
2023-10-24,TLT,0.01317687
2023-10-24,UUP,0.00572587
2023-10-25,EEM,-0.01316133
2023-10-25,GLD,0.00420882
2023-10-25,HYG,-0.00537262
2023-10-25,SPY,-0.01435213
2023-10-25,TLT,-0.02226149
2023-10-25,UUP,0.00267921
2023-10-26,EEM,-0.00489933
2023-10-26,GLD,0.00157845
2023-10-26,HYG,0.00346255
2023-10-26,SPY,-0.01197472
2023-10-26,TLT,0.01533873
2023-10-26,UUP,0.00233796
2023-10-27,EEM,-0.00082074
2023-10-27,GLD,0.0116298
2023-10-27,HYG,-0.00124234
2023-10-27,SPY,-0.00453287
2023-10-27,TLT,-0.00424897
2023-10-27,UUP,-0.00133298
2023-10-30,EEM,0.01040253
2023-10-30,GLD,-0.00564055
2023-10-30,HYG,0.00027645
2023-10-30,SPY,0.01195598
2023-10-30,TLT,-0.00450428
2023-10-30,UUP,-0.00400392
2023-10-31,EEM,-0.00568939
2023-10-31,GLD,-0.00545656
2023-10-31,HYG,0.00262508
2023-10-31,SPY,0.00628023
2023-10-31,TLT,-0.00488101
2023-10-31,UUP,0.00603014
2023-11-01,EEM,0.00926423
2023-11-01,GLD,-0.00315064
2023-11-01,HYG,0.00953165
2023-11-01,SPY,0.01066462
2023-11-01,TLT,0.02168198
2023-11-01,UUP,0.00033302
2023-11-02,EEM,0.0175486
2023-11-02,GLD,0.00332407
2023-11-02,HYG,0.01125281
2023-11-02,SPY,0.01916439
2023-11-02,TLT,0.02279675
2023-11-02,UUP,-0.00499341
2023-11-03,EEM,0.02042985
2023-11-03,GLD,0.00363892
2023-11-03,HYG,0.00977086
2023-11-03,SPY,0.00912334
2023-11-03,TLT,0.00677866
2023-11-03,UUP,-0.00936769
2023-11-06,EEM,0.00806019
2023-11-06,GLD,-0.00779256
2023-11-06,HYG,-0.00403196
2023-11-06,SPY,0.00230045
2023-11-06,TLT,-0.00970008
2023-11-06,UUP,0.00101317
2023-11-07,EEM,-0.00180555
2023-11-07,GLD,-0.00414513
2023-11-07,HYG,0.00013497
2023-11-07,SPY,0.00284614
2023-11-07,TLT,0.01474975
2023-11-07,UUP,0.00337384
2023-11-08,EEM,-0.00671833
2023-11-08,GLD,-0.00996764
2023-11-08,HYG,0.00053981
2023-11-08,SPY,0.00073242
2023-11-08,TLT,0.01703432
2023-11-08,UUP,-0.0003362
2023-11-09,EEM,-0.0093651
2023-11-09,GLD,0.00398297
2023-11-09,HYG,-0.00620297
2023-11-09,SPY,-0.00779866
2023-11-09,TLT,-0.02300167
2023-11-09,UUP,0.00437271
2023-11-10,EEM,0.00709034
2023-11-10,GLD,-0.01090975
2023-11-10,HYG,0.00488489
2023-11-10,SPY,0.01560481
2023-11-10,TLT,0.00560019
2023-11-10,UUP,-0.00066991
2023-11-13,EEM,-0.00026088
2023-11-13,GLD,0.00557072
2023-11-13,HYG,-0.0009455
2023-11-13,SPY,-0.00095332
2023-11-13,TLT,-0.00227323
2023-11-13,UUP,-0.00134043
2023-11-14,EEM,0.02660406
2023-11-14,GLD,0.00891918
2023-11-14,HYG,0.01013651
2023-11-14,SPY,0.01940078
2023-11-14,TLT,0.02266781
2023-11-14,UUP,-0.01577184
2023-11-15,EEM,0.00838405
2023-11-15,GLD,-0.0026356
2023-11-15,HYG,-0.00321116
2023-11-15,SPY,0.00211698
2023-11-15,TLT,-0.01403457
2023-11-15,UUP,0.00375047
2023-11-16,EEM,-0.0095741
2023-11-16,GLD,0.01128608
2023-11-16,HYG,0.00134259
2023-11-16,SPY,0.00122317
2023-11-16,TLT,0.01242706
2023-11-16,UUP,0.00067932
2023-11-17,EEM,0.00127193
2023-11-17,GLD,-0.0001089
2023-11-17,HYG,0.00227859
2023-11-17,SPY,0.00124382
2023-11-17,TLT,0.00468628
2023-11-17,UUP,-0.00543111
2023-11-20,EEM,0.0124492
2023-11-20,GLD,-0.00163338
2023-11-20,HYG,0.0010703
2023-11-20,SPY,0.00769765
2023-11-20,TLT,0.00610849
2023-11-20,UUP,-0.00307167
2023-11-21,EEM,-0.00627349
2023-11-21,GLD,0.0107979
2023-11-21,HYG,0.0013357
2023-11-21,SPY,-0.00217954
2023-11-21,TLT,-0.00044133
2023-11-21,UUP,0.00102712
2023-11-22,EEM,-0.00202015
2023-11-22,GLD,-0.00426225
2023-11-22,HYG,0.00173442
2023-11-22,SPY,0.00386086
2023-11-22,TLT,0.00353372
2023-11-22,UUP,0.00341992
2023-11-24,EEM,0.00050621
2023-11-24,GLD,0.0052016
2023-11-24,HYG,-0.00106558
2023-11-24,SPY,0.0006154
2023-11-24,TLT,-0.01177525
2023-11-24,UUP,-0.00443083
2023-11-27,EEM,-0.00404663
2023-11-27,GLD,0.00673782
2023-11-27,HYG,0.0014667
2023-11-27,SPY,-0.00180092
2023-11-27,TLT,0.01670396
2023-11-27,UUP,-0.00205409
2023-11-28,EEM,0.0083799
2023-11-28,GLD,0.01333185
2023-11-28,HYG,0.00439355
2023-11-28,SPY,0.00099016
2023-11-28,TLT,0.00197191
2023-11-28,UUP,-0.00343048
2023-11-29,EEM,-0.00579202
2023-11-29,GLD,0.00147944
2023-11-29,HYG,0.00543524
2023-11-29,SPY,-0.00070351
2023-11-29,TLT,0.01257051
2023-11-29,UUP,0.00103263
2023-11-30,EEM,0.00202629
2023-11-30,GLD,-0.00416795
2023-11-30,HYG,-0.00184631
2023-11-30,SPY,0.00393732
2023-11-30,TLT,-0.01155114
2023-11-30,UUP,0.00722152
2023-12-01,EEM,0.00429729
2023-12-01,GLD,0.01727149
2023-12-01,HYG,0.00827993
2023-12-01,SPY,0.0059162
2023-12-01,TLT,0.01883378
2023-12-01,UUP,-0.00307272
2023-12-04,EEM,-0.01132649
2023-12-04,GLD,-0.02161343
2023-12-04,HYG,-0.00250057
2023-12-04,SPY,-0.00524956
2023-12-04,TLT,-0.00397867
2023-12-04,UUP,0.004452
2023-12-05,EEM,-0.00610992
2023-12-05,GLD,-0.00377945
2023-12-05,HYG,0.00092323
2023-12-05,SPY,-0.00019713
2023-12-05,TLT,0.02148541
2023-12-05,UUP,0.00375047
2023-12-06,EEM,-0.00128083
2023-12-06,GLD,0.0036869
2023-12-06,HYG,0.00013219
2023-12-06,SPY,-0.00402973
2023-12-06,TLT,0.01331819
2023-12-06,UUP,0.00237774
2023-12-07,EEM,0.00487299
2023-12-07,GLD,0.00165033
2023-12-07,HYG,0.00171328
2023-12-07,SPY,0.00763052
2023-12-07,TLT,-0.00573751
2023-12-07,UUP,-0.00542191
2023-12-08,EEM,-0.00433896
2023-12-08,GLD,-0.01334039
2023-12-08,HYG,-0.0019733
2023-12-08,SPY,0.00429908
2023-12-08,TLT,-0.00818266
2023-12-08,UUP,0.00374784
2023-12-11,EEM,0.00589606
2023-12-11,GLD,-0.0110429
2023-12-11,HYG,-0.00065938
2023-12-11,SPY,0.00388943
2023-12-11,TLT,-0.00211534
2023-12-11,UUP,0.0013578
2023-12-12,EEM,0.00025476
2023-12-12,GLD,-0.00054464
2023-12-12,HYG,0.00224262
2023-12-12,SPY,0.00456725
2023-12-12,TLT,0.00296801
2023-12-12,UUP,-0.00271184
2023-12-13,EEM,0.00993643
2023-12-13,GLD,0.02256253
2023-12-13,HYG,0.015267
2023-12-13,SPY,0.01379022
2023-12-13,TLT,0.02346206
2023-12-13,UUP,-0.00849763
2023-12-14,EEM,0.01463155
2023-12-14,GLD,0.00586255
2023-12-14,HYG,0.00441622
2023-12-14,SPY,0.0032094
2023-12-14,TLT,0.02601305
2023-12-14,UUP,-0.00925607
2023-12-15,EEM,-0.00596712
2023-12-15,GLD,-0.00916651
2023-12-15,HYG,-0.00220463
2023-12-15,SPY,-0.00164653
2023-12-15,TLT,0.00111083
2023-12-15,UUP,0.00657433
2023-12-18,EEM,-0.00050029
2023-12-18,GLD,0.00454549
2023-12-18,HYG,0.00064935
2023-12-18,SPY,0.00562502
2023-12-18,TLT,-0.00796782
2023-12-18,UUP,-0.00014626
2023-12-19,EEM,0.00850854
2023-12-19,GLD,0.00681394
2023-12-19,HYG,0.00285828
2023-12-19,SPY,0.00608089
2023-12-19,TLT,0.00538838
2023-12-19,UUP,-0.00438918
2023-12-20,EEM,-0.01800156
2023-12-20,GLD,-0.00544598
2023-12-20,HYG,0.00012986
2023-12-20,SPY,-0.01385736
2023-12-20,TLT,0.00677485
2023-12-20,UUP,0.00440853
2023-12-21,EEM,0.01879493
2023-12-21,GLD,0.00707064
2023-12-21,HYG,0.0045327
2023-12-21,SPY,0.00948207
2023-12-21,TLT,-0.0063274
2023-12-21,UUP,-0.00658377
2023-12-22,EEM,-0.00480146
2023-12-22,GLD,0.00443442
2023-12-22,HYG,-0.00115994
2023-12-22,SPY,0.00200972
2023-12-22,TLT,-0.00454885
2023-12-22,UUP,-0.0003682
2023-12-26,EEM,0.00787179
2023-12-26,GLD,0.00762073
2023-12-26,HYG,0.0019361
2023-12-26,SPY,0.00422251
2023-12-26,TLT,0.00284317
2023-12-26,UUP,-0.00220987
2023-12-27,EEM,0.00579507
2023-12-27,GLD,0.00453784
2023-12-27,HYG,0.00412244
2023-12-27,SPY,0.00180815
2023-12-27,TLT,0.01771988
2023-12-27,UUP,-0.00516792
2023-12-28,EEM,0.00776541
2023-12-28,GLD,-0.00581544
2023-12-28,HYG,-0.00320733
2023-12-28,SPY,0.00037766
2023-12-28,TLT,-0.00726283
2023-12-28,UUP,0.00333941
2023-12-29,EEM,-0.00049695
2023-12-29,GLD,-0.00156684
2023-12-29,HYG,-0.00386158
2023-12-29,SPY,-0.0028949
2023-12-29,TLT,-0.00902036
2023-12-29,UUP,0.00184918
2024-01-02,EEM,-0.01168875
2024-01-02,GLD,-0.00235391
2024-01-02,HYG,-0.00335967
2024-01-02,SPY,-0.00559649
2024-01-02,TLT,-0.00576441
2024-01-02,UUP,0.00849015
2024-01-03,EEM,-0.00553594
2024-01-03,GLD,-0.00833681
2024-01-03,HYG,-0.00272274
2024-01-03,SPY,-0.00816669
2024-01-03,TLT,0.00417074
2024-01-03,UUP,0.00329433
2024-01-04,EEM,-0.00328951
2024-01-04,GLD,0.00100461
2024-01-04,HYG,-0.00390012
2024-01-04,SPY,-0.00322101
2024-01-04,TLT,-0.01519449
2024-01-04,UUP,0.0
2024-01-05,EEM,0.00126927
2024-01-05,GLD,0.00015846
2024-01-05,HYG,0.00078305
2024-01-05,SPY,0.00136956
2024-01-05,TLT,-0.00956618
2024-01-05,UUP,0.0
2024-01-08,EEM,0.00278918
2024-01-08,GLD,-0.00781627
2024-01-08,HYG,0.00560771
2024-01-08,SPY,0.01427594
2024-01-08,TLT,0.00986624
2024-01-08,UUP,-0.00182414
2024-01-09,EEM,-0.01415933
2024-01-09,GLD,0.00031936
2024-01-09,HYG,0.00155639
2024-01-09,SPY,-0.00151704
2024-01-09,TLT,-0.00637594
2024-01-09,UUP,0.00328952
2024-01-10,EEM,-0.00230831
2024-01-10,GLD,-0.00228805
2024-01-10,HYG,0.00181277
2024-01-10,SPY,0.00565541
2024-01-10,TLT,-0.00465751
2024-01-10,UUP,-0.00182156
2024-01-11,EEM,0.00411315
2024-01-11,GLD,0.00197331
2024-01-11,HYG,0.00323119
2024-01-11,SPY,-0.00044058
2024-01-11,TLT,0.00561518
2024-01-11,UUP,0.00072995
2024-01-12,EEM,0.00358416
2024-01-12,GLD,0.00979407
2024-01-12,HYG,0.00103058
2024-01-12,SPY,0.00069272
2024-01-12,TLT,-0.00196482
2024-01-12,UUP,0.00109413
2024-01-16,EEM,-0.02423473
2024-01-16,GLD,-0.00948818
2024-01-16,HYG,-0.00630615
2024-01-16,SPY,-0.00367123
2024-01-16,TLT,-0.01761314
2024-01-16,UUP,0.00874311
2024-01-17,EEM,-0.0149019
2024-01-17,GLD,-0.01101595
2024-01-17,HYG,-0.00427418
2024-01-17,SPY,-0.0055587
2024-01-17,TLT,-0.00158176
2024-01-17,UUP,0.00072223
2024-01-18,EEM,0.00822715
2024-01-18,GLD,0.00823288
2024-01-18,HYG,0.00208159
2024-01-18,SPY,0.00889281
2024-01-18,TLT,-0.00929531
2024-01-18,UUP,0.00108261
2024-01-19,EEM,0.01052909
2024-01-19,GLD,0.00298873
2024-01-19,HYG,0.00168711
2024-01-19,SPY,0.01246615
2024-01-19,TLT,0.00319845
2024-01-19,UUP,-0.00144187
2024-01-22,EEM,-0.00885646
2024-01-22,GLD,-0.00377796
2024-01-22,HYG,0.00077747
2024-01-22,SPY,0.00211441
2024-01-22,TLT,0.00595193
2024-01-22,UUP,0.00036095
2024-01-23,EEM,0.00867278
2024-01-23,GLD,0.00389913
2024-01-23,HYG,-0.00116548
2024-01-23,SPY,0.00291635
2024-01-23,TLT,-0.00792393
2024-01-23,UUP,0.00252626
2024-01-24,EEM,0.01120376
2024-01-24,GLD,-0.00824689
2024-01-24,HYG,-0.00051879
2024-01-24,SPY,0.00109331
2024-01-24,TLT,-0.00585727
2024-01-24,UUP,-0.0028798
2024-01-25,EEM,0.00128844
2024-01-25,GLD,0.00396999
2024-01-25,HYG,0.00765281
2024-01-25,SPY,0.00543884
2024-01-25,TLT,0.00653448
2024-01-25,UUP,0.00288812
2024-01-26,EEM,0.00077201
2024-01-26,GLD,-0.00069469
2024-01-26,HYG,-0.00077262
2024-01-26,SPY,-0.00127045
2024-01-26,TLT,-0.00191578
2024-01-26,UUP,0.0
2024-01-29,EEM,0.00051417
2024-01-29,GLD,0.00705849
2024-01-29,HYG,0.00218992
2024-01-29,SPY,0.00791945
2024-01-29,TLT,0.01151621
2024-01-29,UUP,0.0
2024-01-30,EEM,-0.00796708
2024-01-30,GLD,0.00138053
2024-01-30,HYG,-0.00128522
2024-01-30,SPY,-0.00077342
2024-01-30,TLT,0.00906599
2024-01-30,UUP,-0.00071997
2024-01-31,EEM,-0.00544047
2024-01-31,GLD,-0.00074235
2024-01-31,HYG,-0.00283121
2024-01-31,SPY,-0.01631733
2024-01-31,TLT,0.0098205
2024-01-31,UUP,0.00252156
2024-02-01,EEM,0.00963792
2024-02-01,GLD,0.01040067
2024-02-01,HYG,0.00575878
2024-02-01,SPY,0.01308811
2024-02-01,TLT,0.01961591
2024-02-01,UUP,-0.0050305
2024-02-02,EEM,-0.0028379
2024-02-02,GLD,-0.0094533
2024-02-02,HYG,-0.00451373
2024-02-02,SPY,0.01052741
2024-02-02,TLT,-0.02208874
2024-02-02,UUP,0.00902849
2024-02-05,EEM,0.00129367
2024-02-05,GLD,-0.00551399
2024-02-05,HYG,-0.00466377
2024-02-05,SPY,-0.00364118
2024-02-05,TLT,-0.0201935
2024-02-05,UUP,0.0053687
2024-02-06,EEM,0.02273904
2024-02-06,GLD,0.00522469
2024-02-06,HYG,0.00364437
2024-02-06,SPY,0.0029033
2024-02-06,TLT,0.00977352
2024-02-06,UUP,-0.00284802
2024-02-07,EEM,0.00126328
2024-02-07,GLD,-0.0002652
2024-02-07,HYG,0.0016858
2024-02-07,SPY,0.00834041
2024-02-07,TLT,-0.00483964
2024-02-07,UUP,-0.00107101
2024-02-08,EEM,-0.00555141
2024-02-08,GLD,-0.00090185
2024-02-08,HYG,-0.00051786
2024-02-08,SPY,0.00044158
2024-02-08,TLT,-0.00581444
2024-02-08,UUP,0.00107216
2024-02-09,EEM,0.00431367
2024-02-09,GLD,-0.00387615
2024-02-09,HYG,0.0020724
2024-02-09,SPY,0.00577952
2024-02-09,TLT,-0.00202031
2024-02-09,UUP,-0.00071398
2024-02-12,EEM,0.00783211
2024-02-12,GLD,-0.00261197
2024-02-12,HYG,-0.00219729
2024-02-12,SPY,-0.00043904
2024-02-12,TLT,0.00117178
2024-02-12,UUP,0.00107178
2024-02-13,EEM,-0.01880159
2024-02-13,GLD,-0.01378869
2024-02-13,HYG,-0.00803199
2024-02-13,SPY,-0.01377303
2024-02-13,TLT,-0.01713465
2024-02-13,UUP,0.00785153
2024-02-14,EEM,0.01430755
2024-02-14,GLD,-0.00059611
2024-02-14,HYG,0.00391789
2024-02-14,SPY,0.00908772
2024-02-14,TLT,0.00508937
2024-02-14,UUP,-0.00177053
2024-02-15,EEM,0.00478584
2024-02-15,GLD,0.00672381
2024-02-15,HYG,0.00351236
2024-02-15,SPY,0.00689973
2024-02-15,TLT,0.00517129
2024-02-15,UUP,-0.00390216
2024-02-16,EEM,0.00476325
2024-02-16,GLD,0.00366257
2024-02-16,HYG,-0.00298153
2024-02-16,SPY,-0.00497991
2024-02-16,TLT,-0.00578769
2024-02-16,UUP,0.00035621
2024-02-20,EEM,0.00149692
2024-02-20,GLD,0.00606421
2024-02-20,HYG,0.00208057
2024-02-20,SPY,-0.00550542
2024-02-20,TLT,0.00086255
2024-02-20,UUP,-0.00142405
2024-02-21,EEM,0.00174401
2024-02-21,GLD,5.331e-05
2024-02-21,HYG,-0.0018168
2024-02-21,SPY,0.00090585
2024-02-21,TLT,-0.00710912
2024-02-21,UUP,-0.00106948
2024-02-22,EEM,0.01019627
2024-02-22,GLD,0.00042672
2024-02-22,HYG,0.00480932
2024-02-22,SPY,0.02069547
2024-02-22,TLT,0.0048816
2024-02-22,UUP,0.0
2024-02-23,EEM,-0.00049227
2024-02-23,GLD,0.00565151
2024-02-23,HYG,0.00064732
2024-02-23,SPY,0.00068969
2024-02-23,TLT,0.01338654
2024-02-23,UUP,0.0007138
2024-02-26,EEM,-0.00443364
2024-02-26,GLD,-0.00222669
2024-02-26,HYG,-0.00323252
2024-02-26,SPY,-0.00366261
2024-02-26,TLT,-0.00298263
2024-02-26,UUP,-0.00178316
2024-02-27,EEM,0.00197934
2024-02-27,GLD,-0.00106268
2024-02-27,HYG,0.00129718
2024-02-27,SPY,0.00185781
2024-02-27,TLT,-0.00705197
2024-02-27,UUP,0.00071449
2024-02-28,EEM,-0.01308635
2024-02-28,GLD,0.00180849
2024-02-28,HYG,-0.00012945
2024-02-28,SPY,-0.00132175
2024-02-28,TLT,0.00634874
2024-02-28,UUP,0.00071406
2024-02-29,EEM,0.00050028
2024-02-29,GLD,0.00515027
2024-02-29,HYG,0.00181363
2024-02-29,SPY,0.00359499
2024-02-29,TLT,0.00705697
2024-02-29,UUP,0.00214057
2024-03-01,EEM,0.01225309
2024-03-01,GLD,0.01891079
2024-03-01,HYG,0.00374565
2024-03-01,SPY,0.00938826
2024-03-01,TLT,0.00623149
2024-03-01,UUP,-0.00177998
2024-03-04,EEM,-0.00222334
2024-03-04,GLD,0.016175
2024-03-04,HYG,-0.00025899
2024-03-04,SPY,-0.00107254
2024-03-04,TLT,-0.00402264
2024-03-04,UUP,0.0
2024-03-05,EEM,-0.00891319
2024-03-05,GLD,0.00602014
2024-03-05,HYG,-0.00077797
2024-03-05,SPY,-0.00999397
2024-03-05,TLT,0.01424174
2024-03-05,UUP,-0.00106994
2024-03-06,EEM,0.01448938
2024-03-06,GLD,0.0082154
2024-03-06,HYG,0.00246449
2024-03-06,SPY,0.00506716
2024-03-06,TLT,0.00586804
2024-03-06,UUP,-0.00357014
2024-03-07,EEM,0.00615618
2024-03-07,GLD,0.00568384
2024-03-07,HYG,0.00116442
2024-03-07,SPY,0.00992643
2024-03-07,TLT,-0.00093757
2024-03-07,UUP,-0.00501608
2024-03-08,EEM,-0.00097926
2024-03-08,GLD,0.00845255
2024-03-08,HYG,0.00025855
2024-03-08,SPY,-0.00600212
2024-03-08,TLT,-0.00177245
2024-03-08,UUP,0.00036011
2024-03-11,EEM,0.00220492
2024-03-11,GLD,0.00183502
2024-03-11,HYG,-0.00012918
2024-03-11,SPY,-0.0008599
2024-03-11,TLT,-0.0005225
2024-03-11,UUP,0.0010798
2024-03-12,EEM,0.01099967
2024-03-12,GLD,-0.01094063
2024-03-12,HYG,0.0009044
2024-03-12,SPY,0.01075731
2024-03-12,TLT,-0.0083611
2024-03-12,UUP,0.00071919
2024-03-13,EEM,-0.00314307
2024-03-13,GLD,0.0070074
2024-03-13,HYG,0.00038702
2024-03-13,SPY,-0.00156746
2024-03-13,TLT,-0.00484841
2024-03-13,UUP,-0.00107794
2024-03-14,EEM,-0.00509333
2024-03-14,GLD,-0.00417514
2024-03-14,HYG,-0.00477433
2024-03-14,SPY,-0.00197672
2024-03-14,TLT,-0.01535682
2024-03-14,UUP,0.00539566
2024-03-15,EEM,-0.00609465
2024-03-15,GLD,-0.00319441
2024-03-15,HYG,-0.00064849
2024-03-15,SPY,-0.00686656
2024-03-15,TLT,-0.00032264
2024-03-15,UUP,0.00107338
2024-03-18,EEM,0.00171697
2024-03-18,GLD,0.00160228
2024-03-18,HYG,0.0023356
2024-03-18,SPY,0.005943
2024-03-18,TLT,-0.00301258
2024-03-18,UUP,0.00214439
2024-03-19,EEM,-0.00489721
2024-03-19,GLD,-0.00114981
2024-03-19,HYG,0.00401291
2024-03-19,SPY,0.00555717
2024-03-19,TLT,0.00280569
2024-03-19,UUP,0.00249645
2024-03-20,EEM,0.01131891
2024-03-20,GLD,0.01191186
2024-03-20,HYG,0.00335217
2024-03-20,SPY,0.00924934
2024-03-20,TLT,-0.00032291
2024-03-20,UUP,-0.00462471
2024-03-21,EEM,0.00121666
2024-03-21,GLD,-0.00103864
2024-03-21,HYG,-0.00051406
2024-03-21,SPY,0.00330485
2024-03-21,TLT,0.00215317
2024-03-21,UUP,0.00679052
2024-03-22,EEM,-0.00704726
2024-03-22,GLD,-0.00802097
2024-03-22,HYG,-0.00102841
2024-03-22,SPY,-0.00189595
2024-03-22,TLT,0.00956068
2024-03-22,UUP,0.00532486
2024-03-25,EEM,0.00073402
2024-03-25,GLD,0.00319441
2024-03-25,HYG,-0.00154455
2024-03-25,SPY,-0.00276288
2024-03-25,TLT,-0.00500114
2024-03-25,UUP,-0.00247177
2024-03-26,EEM,-0.00073349
2024-03-26,GLD,0.00323396
2024-03-26,HYG,-0.00116029
2024-03-26,SPY,-0.00184702
2024-03-26,TLT,0.00278064
2024-03-26,UUP,0.00070799
2024-03-27,EEM,0.00171299
2024-03-27,GLD,0.00724066
2024-03-27,HYG,0.00529127
2024-03-27,SPY,0.0084039
2024-03-27,TLT,0.00991769
2024-03-27,UUP,0.00070742
2024-03-28,EEM,0.00366483
2024-03-28,GLD,0.01290002
2024-03-28,HYG,-0.00218258
2024-03-28,SPY,-0.00019103
2024-03-28,TLT,-0.00084466
2024-03-28,UUP,0.00282788
2024-04-01,EEM,0.00170401
2024-04-01,GLD,0.01020808
2024-04-01,HYG,-0.00407278
2024-04-01,SPY,-0.00173987
2024-04-01,TLT,-0.01864123
2024-04-01,UUP,0.00387733
2024-04-02,EEM,0.00315911
2024-04-02,GLD,0.01477236
2024-04-02,HYG,-0.00168781
2024-04-02,SPY,-0.00635798
2024-04-02,TLT,-0.00551049
2024-04-02,UUP,-0.00140447
2024-04-03,EEM,0.00072675
2024-04-03,GLD,0.00877237
2024-04-03,HYG,0.00078018
2024-04-03,SPY,0.00109836
2024-04-03,TLT,-0.00021692
2024-04-03,UUP,-0.00457112
2024-04-04,EEM,-0.00363102
2024-04-04,GLD,-0.00573471
2024-04-04,HYG,-0.00077957
2024-04-04,SPY,-0.01220616
2024-04-04,TLT,0.0071718
2024-04-04,UUP,0.0
2024-04-05,EEM,0.00218661
2024-04-05,GLD,0.0171142
2024-04-05,HYG,-0.00091059
2024-04-05,SPY,0.01044702
2024-04-05,TLT,-0.01391888
2024-04-05,UUP,0.00105981
2024-04-08,EEM,0.00654542
2024-04-08,GLD,0.00622849
2024-04-08,HYG,0.00234325
2024-04-08,SPY,0.00055931
2024-04-08,TLT,-0.00010914
2024-04-08,UUP,-0.00141156
2024-04-09,EEM,0.00674352
2024-04-09,GLD,0.00549705
2024-04-09,HYG,0.00207812
2024-04-09,SPY,0.00115676
2024-04-09,TLT,0.00930167
2024-04-09,UUP,-0.0003533
2024-04-10,EEM,-0.01363622
2024-04-10,GLD,-0.00946386
2024-04-10,HYG,-0.00881301
2024-04-10,SPY,-0.01001298
2024-04-10,TLT,-0.02179326
2024-04-10,UUP,0.01060448
2024-04-11,EEM,0.00606361
2024-04-11,GLD,0.01943325
2024-04-11,HYG,-0.00091548
2024-04-11,SPY,0.00754684
2024-04-11,TLT,-0.00454443
2024-04-11,UUP,0.00069957
2024-04-12,EEM,-0.02290274
2024-04-12,GLD,-0.01323932
2024-04-12,HYG,-0.0005232
2024-04-12,SPY,-0.01380322
2024-04-12,TLT,0.00534477
2024-04-12,UUP,0.00803915
2024-04-15,EEM,-0.00641477
2024-04-15,GLD,0.01871916
2024-04-15,HYG,-0.00576151
2024-04-15,SPY,-0.01252816
2024-04-15,TLT,-0.01550567
2024-04-15,UUP,0.00173362
2024-04-16,EEM,-0.01316129
2024-04-16,GLD,0.00122202
2024-04-16,HYG,-0.00329271
2024-04-16,SPY,-0.00182371
2024-04-16,TLT,-0.00663744
2024-04-16,UUP,0.00138461
2024-04-17,EEM,-0.00075491
2024-04-17,GLD,-0.00736825
2024-04-17,HYG,0.00132171
2024-04-17,SPY,-0.00591821
2024-04-17,TLT,0.01109854
2024-04-17,UUP,-0.00311093
2024-04-18,EEM,0.00402925
2024-04-18,GLD,0.00341546
2024-04-18,HYG,0.00079161
2024-04-18,SPY,-0.00205773
2024-04-18,TLT,-0.00504019
2024-04-18,UUP,0.00208045
2024-04-19,EEM,-0.00401308
2024-04-19,GLD,0.00313154
2024-04-19,HYG,0.00184617
2024-04-19,SPY,-0.00872831
2024-04-19,TLT,0.0036022
2024-04-19,UUP,0.0
2024-04-22,EEM,0.01082852
2024-04-22,GLD,-0.02470249
2024-04-22,HYG,0.00552748
2024-04-22,SPY,0.00920903
2024-04-22,TLT,-0.00168232
2024-04-22,UUP,0.00034603
2024-04-23,EEM,0.00822131
2024-04-23,GLD,-0.00245866
2024-04-23,HYG,0.00405775
2024-04-23,SPY,0.01186662
2024-04-23,TLT,0.00033678
2024-04-23,UUP,-0.00415082
2024-04-24,EEM,0.00345939
2024-04-24,GLD,-0.00186009
2024-04-24,HYG,-0.00221624
2024-04-24,SPY,-0.00047459
2024-04-24,TLT,-0.00707609
2024-04-24,UUP,0.00104199
2024-04-25,EEM,0.00221613
2024-04-25,GLD,0.00596347
2024-04-25,HYG,-0.00209026
2024-04-25,SPY,-0.00379888
2024-04-25,TLT,-0.00701369
2024-04-25,UUP,-0.00208189
2024-04-26,EEM,0.01154783
2024-04-26,GLD,0.00324193
2024-04-26,HYG,0.00314191
2024-04-26,SPY,0.00947383
2024-04-26,TLT,0.00524014
2024-04-26,UUP,0.00452012
2024-04-29,EEM,0.00971591
2024-04-29,GLD,-0.00203122
2024-04-29,HYG,0.00300188
2024-04-29,SPY,0.00354144
2024-04-29,TLT,0.0083863
2024-04-29,UUP,-0.00311524
2024-04-30,EEM,-0.01395241
2024-04-30,GLD,-0.01993708
2024-04-30,HYG,-0.00728705
2024-04-30,SPY,-0.01584108
2024-04-30,TLT,-0.00854113
2024-04-30,UUP,0.00625001
2024-05-01,EEM,0.00097586
2024-05-01,GLD,0.00906215
2024-05-01,HYG,0.00527052
2024-05-01,SPY,-0.0032472
2024-05-01,TLT,0.00737084
2024-05-01,UUP,-0.00103516
2024-05-02,EEM,0.02583472
2024-05-02,GLD,-0.00308709
2024-05-02,HYG,0.00616125
2024-05-02,SPY,0.00935344
2024-05-02,TLT,0.0042911
2024-05-02,UUP,-0.00759937
2024-05-03,EEM,0.00902827
2024-05-03,GLD,-0.00079763
2024-05-03,HYG,0.00416856
2024-05-03,SPY,0.01239519
2024-05-03,TLT,0.01011913
2024-05-03,UUP,-0.00278458
2024-05-06,EEM,0.00094195
2024-05-06,GLD,0.01051836
2024-05-06,HYG,0.00116776
2024-05-06,SPY,0.01032688
2024-05-06,TLT,0.0038957
2024-05-06,UUP,0.00104723
2024-05-07,EEM,-0.00564579
2024-05-07,GLD,-0.00460033
2024-05-07,HYG,0.0001296
2024-05-07,SPY,0.00110349
2024-05-07,TLT,0.00609821
2024-05-07,UUP,0.00278936
2024-05-08,EEM,0.00023658
2024-05-08,GLD,-0.00294106
2024-05-08,HYG,-0.00233205
2024-05-08,SPY,9.654e-05
2024-05-08,TLT,-0.00606125
2024-05-08,UUP,0.0013908
2024-05-09,EEM,0.00307468
2024-05-09,GLD,0.01577861
2024-05-09,HYG,0.00025943
2024-05-09,SPY,0.00576202
2024-05-09,TLT,0.00487872
2024-05-09,UUP,-0.00347213
2024-05-10,EEM,0.00212226
2024-05-10,GLD,0.00811251
2024-05-10,HYG,-0.00155789
2024-05-10,SPY,0.00128817
2024-05-10,TLT,-0.00562693
2024-05-10,UUP,0.00139364
2024-05-13,EEM,0.00752939
2024-05-13,GLD,-0.0112021
2024-05-13,HYG,-0.00026
2024-05-13,SPY,0.00013422
2024-05-13,TLT,0.00255173
2024-05-13,UUP,-0.00034796
2024-05-14,EEM,0.00537138
2024-05-14,GLD,0.00846205
2024-05-14,HYG,0.00156096
2024-05-14,SPY,0.00458816
2024-05-14,TLT,0.00564512
2024-05-14,UUP,-0.00208834
2024-05-15,EEM,0.01068517
2024-05-15,GLD,0.01283875
2024-05-15,HYG,0.00584386
2024-05-15,SPY,0.0123829
2024-05-15,TLT,0.01364684
2024-05-15,UUP,-0.00627835
2024-05-16,EEM,0.00206851
2024-05-16,GLD,-0.00389334
2024-05-16,HYG,-0.00232392
2024-05-16,SPY,-0.00205729
2024-05-16,TLT,-0.00097671
2024-05-16,UUP,0.00245702
2024-05-17,EEM,0.00435775
2024-05-17,GLD,0.01649777
2024-05-17,HYG,0.00012943
2024-05-17,SPY,0.00143755
2024-05-17,TLT,-0.00673883
2024-05-17,UUP,0.0
2024-05-20,EEM,-0.00365375
2024-05-20,GLD,0.00402394
2024-05-20,HYG,0.00051766
2024-05-20,SPY,0.00115218
2024-05-20,TLT,-0.00295418
2024-05-20,UUP,0.00140054
2024-05-21,EEM,-0.00618837
2024-05-21,GLD,-0.00146955
2024-05-21,HYG,-0.00077587
2024-05-21,SPY,0.00245239
2024-05-21,TLT,0.00515803
2024-05-21,UUP,0.0
2024-05-22,EEM,-0.00322881
2024-05-22,GLD,-0.01837397
2024-05-22,HYG,-0.00220052
2024-05-22,SPY,-0.00287921
2024-05-22,TLT,0.00120057
2024-05-22,UUP,0.0031469
2024-05-23,EEM,-0.00740405
2024-05-23,GLD,-0.01994457
2024-05-23,HYG,-0.00350272
2024-05-23,SPY,-0.00730451
2024-05-23,TLT,-0.00643376
2024-05-23,UUP,0.00209125
2024-05-24,EEM,0.00279714
2024-05-24,GLD,0.00092711
2024-05-24,HYG,0.00351504
2024-05-24,SPY,0.00661646
2024-05-24,TLT,0.00296363
2024-05-24,UUP,-0.00313048
2024-05-28,EEM,-0.00139462
2024-05-28,GLD,0.01051317
2024-05-28,HYG,-0.00402132
2024-05-28,SPY,0.00069918
2024-05-28,TLT,-0.01433568
2024-05-28,UUP,-0.00139558
2024-05-29,EEM,-0.01489754
2024-05-29,GLD,-0.00930381
2024-05-29,HYG,-0.0029956
2024-05-29,SPY,-0.00700264
2024-05-29,TLT,-0.01210176
2024-05-29,UUP,0.00559048
2024-05-30,EEM,-0.00283566
2024-05-30,GLD,0.00189676
2024-05-30,HYG,0.0040498
2024-05-30,SPY,-0.00663387
2024-05-30,TLT,0.00966501
2024-05-30,UUP,-0.00312714
2024-05-31,EEM,-0.00971545
2024-05-31,GLD,-0.00586417
2024-05-31,HYG,0.00351263
2024-05-31,SPY,0.00910823
2024-05-31,TLT,0.00678993
2024-05-31,UUP,-0.00069713
2024-06-03,EEM,0.01052875
2024-06-03,GLD,0.00891778
2024-06-03,HYG,0.00310028
2024-06-03,SPY,0.00081524
2024-06-03,TLT,0.01617431
2024-06-03,UUP,-0.005232
2024-06-04,EEM,-0.01397116
2024-06-04,GLD,-0.00897706
2024-06-04,HYG,-0.00051934
2024-06-04,SPY,0.00111769
2024-06-04,TLT,0.01168118
2024-06-04,UUP,0.00035064
2024-06-05,EEM,0.01609036
2024-06-05,GLD,0.0118456
2024-06-05,HYG,0.00324789
2024-06-05,SPY,0.01188556
2024-06-05,TLT,0.00733801
2024-06-05,UUP,0.00140201
2024-06-06,EEM,0.00496342
2024-06-06,GLD,0.00739136
2024-06-06,HYG,-0.00168337
2024-06-06,SPY,-1.916e-05
2024-06-06,TLT,-0.00149959
2024-06-06,UUP,-0.00140005
2024-06-07,EEM,-0.01128892
2024-06-07,GLD,-0.0356833
2024-06-07,HYG,-0.00259468
2024-06-07,SPY,-0.00121547
2024-06-07,TLT,-0.01834574
2024-06-07,UUP,0.00841222
2024-06-10,EEM,0.00594668
2024-06-10,GLD,0.00916818
2024-06-10,HYG,0.0009106
2024-06-10,SPY,0.00308968
2024-06-10,TLT,-0.00666684
2024-06-10,UUP,0.00243311
2024-06-11,EEM,-0.00333323
2024-06-11,GLD,0.00285661
2024-06-11,HYG,0.0012993
2024-06-11,SPY,0.00240845
2024-06-11,TLT,0.01034225
2024-06-11,UUP,0.00138687
2024-06-12,EEM,0.01003333
2024-06-12,GLD,0.00266172
2024-06-12,HYG,0.00402283
2024-06-12,SPY,0.00821291
2024-06-12,TLT,0.00751383
2024-06-12,UUP,-0.00450134
2024-06-13,EEM,-0.00236514
2024-06-13,GLD,-0.00815015
2024-06-13,HYG,-0.00012912
2024-06-13,SPY,0.00201363
2024-06-13,TLT,0.01469954
2024-06-13,UUP,0.00382608
2024-06-14,EEM,0.00118542
2024-06-14,GLD,0.01295955
2024-06-14,HYG,-0.0038781
2024-06-14,SPY,0.00060827
2024-06-14,TLT,0.00841496
2024-06-14,UUP,0.00450445
2024-06-17,EEM,0.00639356
2024-06-17,GLD,-0.00519165
2024-06-17,HYG,0.00064887
2024-06-17,SPY,0.00795891
2024-06-17,TLT,-0.00992904
2024-06-17,UUP,-0.00241457
2024-06-18,EEM,0.0091765
2024-06-18,GLD,0.00400727
2024-06-18,HYG,0.00311233
2024-06-18,SPY,0.00254071
2024-06-18,TLT,0.00917523
2024-06-18,UUP,-0.00034572
2024-06-20,EEM,-0.00163208
2024-06-20,GLD,0.01248435
2024-06-20,HYG,-0.00064632
2024-06-20,SPY,-0.00271655
2024-06-20,TLT,-0.00666046
2024-06-20,UUP,0.00415082
2024-06-21,EEM,-0.00350311
2024-06-21,GLD,-0.01549324
2024-06-21,HYG,0.00116435
2024-06-21,SPY,-0.00134061
2024-06-21,TLT,0.0
2024-06-21,UUP,0.00241124
2024-06-24,EEM,0.0
2024-06-24,GLD,0.00395757
2024-06-24,HYG,-0.00103392
2024-06-24,SPY,-0.00325064
2024-06-24,TLT,0.0040441
2024-06-24,UUP,-0.00343648
2024-06-25,EEM,-0.00234352
2024-06-25,GLD,-0.00496224
2024-06-25,HYG,0.00129365
2024-06-25,SPY,0.00385074
2024-06-25,TLT,0.00169645
2024-06-25,UUP,0.00103459
2024-06-26,EEM,-0.00211423
2024-06-26,GLD,-0.00922817
2024-06-26,HYG,-0.00219635
2024-06-26,SPY,0.00124827
2024-06-26,TLT,-0.01428584
2024-06-26,UUP,0.00482256
2024-06-27,EEM,0.00070627
2024-06-27,GLD,0.01133693
2024-06-27,HYG,0.0011656
2024-06-27,SPY,0.00157647
2024-06-27,TLT,0.00397184
2024-06-27,UUP,-0.00137132
2024-06-28,EEM,0.00188189
2024-06-28,GLD,9.298e-05
2024-06-28,HYG,-0.00245733
2024-06-28,SPY,-0.00393509
2024-06-28,TLT,-0.0186054
2024-06-28,UUP,0.0
2024-07-01,EEM,0.00234793
2024-07-01,GLD,0.00260459
2024-07-01,HYG,-0.00019527
2024-07-01,SPY,0.00205796
2024-07-01,TLT,-0.0172588
2024-07-01,UUP,0.0003433
2024-07-02,EEM,0.00304531
2024-07-02,GLD,-4.643e-05
2024-07-02,HYG,0.0027371
2024-07-02,SPY,0.00672983
2024-07-02,TLT,0.00778552
2024-07-02,UUP,-0.00137266
2024-07-03,EEM,0.01471273
2024-07-03,GLD,0.011273
2024-07-03,HYG,0.00350965
2024-07-03,SPY,0.00446242
2024-07-03,TLT,0.01313331
2024-07-03,UUP,-0.00412372
2024-07-05,EEM,0.00414273
2024-07-05,GLD,0.0134868
2024-07-05,HYG,0.00297944
2024-07-05,SPY,0.00576661
2024-07-05,TLT,0.00827867
2024-07-05,UUP,-0.00345071
2024-07-08,EEM,0.0002291
2024-07-08,GLD,-0.01240207
2024-07-08,HYG,-0.00025825
2024-07-08,SPY,0.00115414
2024-07-08,TLT,0.00216076
2024-07-08,UUP,0.00173137
2024-07-09,EEM,0.00412469
2024-07-09,GLD,0.00169575
2024-07-09,HYG,-0.00116267
2024-07-09,SPY,0.0009721
2024-07-09,TLT,-0.00441984
2024-07-09,UUP,0.00138263
2024-07-10,EEM,0.00570519
2024-07-10,GLD,0.00366034
2024-07-10,HYG,0.00232815
2024-07-10,SPY,0.00989551
2024-07-10,TLT,0.00314009
2024-07-10,UUP,-0.00103552
2024-07-11,EEM,0.00589972
2024-07-11,GLD,0.0177334
2024-07-11,HYG,0.00361262
2024-07-11,SPY,-0.00862266
2024-07-11,TLT,0.00971508
2024-07-11,UUP,-0.00518311
2024-07-12,EEM,0.0040604
2024-07-12,GLD,-0.0006271
2024-07-12,HYG,0.00257125
2024-07-12,SPY,0.00630764
2024-07-12,TLT,0.00427634
2024-07-12,UUP,-0.00347341
2024-07-15,EEM,-0.01055934
2024-07-15,GLD,0.00322711
2024-07-15,HYG,0.00012855
2024-07-15,SPY,0.00275018
2024-07-15,TLT,-0.01149683
2024-07-15,UUP,0.00174269
2024-07-16,EEM,0.0056766
2024-07-16,GLD,0.0199258
2024-07-16,HYG,0.00384643
2024-07-16,SPY,0.00593
2024-07-16,TLT,0.01410705
2024-07-16,UUP,0.0
2024-07-17,EEM,-0.01625644
2024-07-17,GLD,-0.00464321
2024-07-17,HYG,-0.00114971
2024-07-17,SPY,-0.01402101
2024-07-17,TLT,0.00021248
2024-07-17,UUP,-0.00452326
2024-07-18,EEM,-0.00941014
2024-07-18,GLD,-0.00638119
2024-07-18,HYG,-0.00204591
2024-07-18,SPY,-0.00768494
2024-07-18,TLT,-0.00764427
2024-07-18,UUP,0.00454382
2024-07-19,EEM,-0.00973122
2024-07-19,GLD,-0.01793783
2024-07-19,HYG,-0.00076893
2024-07-19,SPY,-0.00664058
2024-07-19,TLT,-0.00588405
2024-07-19,UUP,0.00278361
2024-07-22,EEM,0.0084229
2024-07-22,GLD,0.00031573
2024-07-22,HYG,0.00371916
2024-07-22,SPY,0.01030978
2024-07-22,TLT,-0.00290558
2024-07-22,UUP,-0.00069399
2024-07-23,EEM,-0.00881656
2024-07-23,GLD,0.00351668
2024-07-23,HYG,0.00012763
2024-07-23,SPY,-0.00156845
2024-07-23,TLT,-0.00140319
2024-07-23,UUP,0.0017361
2024-07-24,EEM,-0.01451328
2024-07-24,GLD,-0.00350435
2024-07-24,HYG,-0.00319345
2024-07-24,SPY,-0.02266271
2024-07-24,TLT,-0.01080857
2024-07-24,UUP,-0.00034656
2024-07-25,EEM,-0.00403796
2024-07-25,GLD,-0.01564473
2024-07-25,HYG,0.00012791
2024-07-25,SPY,-0.00521017
2024-07-25,TLT,0.00819491
2024-07-25,UUP,0.0
2024-07-26,EEM,0.01025525
2024-07-26,GLD,0.01053453
2024-07-26,HYG,0.00320349
2024-07-26,SPY,0.01119979
2024-07-26,TLT,0.00780325
2024-07-26,UUP,-0.00069351
2024-07-29,EEM,-0.003305
2024-07-29,GLD,-0.00140506
2024-07-29,HYG,-0.00089362
2024-07-29,SPY,0.00058754
2024-07-29,TLT,0.00537679
2024-07-29,UUP,0.00277588
2024-07-30,EEM,-0.00450026
2024-07-30,GLD,0.00998546
2024-07-30,HYG,0.00051062
2024-07-30,SPY,-0.00506637
2024-07-30,TLT,0.00385094
2024-07-30,UUP,0.000692
2024-07-31,EEM,0.02188908
2024-07-31,GLD,0.01811073
2024-07-31,HYG,0.00357809
2024-07-31,SPY,0.01625465
2024-07-31,TLT,0.01022899
2024-07-31,UUP,-0.00553249
2024-08-01,EEM,-0.01746217
2024-08-01,GLD,-0.00344294
2024-08-01,HYG,-0.00218884
2024-08-01,SPY,-0.0141609
2024-08-01,TLT,0.00862492
2024-08-01,UUP,0.00347703
2024-08-02,EEM,-0.01421793
2024-08-02,GLD,-0.00190463
2024-08-02,HYG,-0.00333465
2024-08-02,SPY,-0.01861835
2024-08-02,TLT,0.03116121
2024-08-02,UUP,-0.01004852
2024-08-05,EEM,-0.02836545
2024-08-05,GLD,-0.01269194
2024-08-05,HYG,-0.00617747
2024-08-05,SPY,-0.02912384
2024-08-05,TLT,0.00529115
2024-08-05,UUP,-0.00560027
2024-08-06,EEM,0.00569031
2024-08-06,GLD,-0.00800071
2024-08-06,HYG,0.00375515
2024-08-06,SPY,0.00921956
2024-08-06,TLT,-0.02236869
2024-08-06,UUP,0.00316787
2024-08-07,EEM,0.00615009
2024-08-07,GLD,-0.00067963
2024-08-07,HYG,0.00193521
2024-08-07,SPY,-0.00668403
2024-08-07,TLT,-0.00703974
2024-08-07,UUP,0.00210534
2024-08-08,EEM,0.02273832
2024-08-08,GLD,0.01568801
2024-08-08,HYG,0.00412077
2024-08-08,SPY,0.02311734
2024-08-08,TLT,-0.00615198
2024-08-08,UUP,0.00140054
2024-08-09,EEM,0.00549851
2024-08-09,GLD,0.00245526
2024-08-09,HYG,-0.00012821
2024-08-09,SPY,0.00440967
2024-08-09,TLT,0.00986201
2024-08-09,UUP,-0.00104899
2024-08-12,EEM,0.00332848
2024-08-12,GLD,0.01714467
2024-08-12,HYG,0.00064104
2024-08-12,SPY,0.00052553
2024-08-12,TLT,0.00363574
2024-08-12,UUP,0.0
2024-08-13,EEM,0.01113745
2024-08-13,GLD,-0.00153236
2024-08-13,HYG,0.00461435
2024-08-13,SPY,0.01644546
2024-08-13,TLT,0.00693511
2024-08-13,UUP,-0.00525024
2024-08-14,EEM,-0.00539017
2024-08-14,GLD,-0.00815575
2024-08-14,HYG,0.00178617
2024-08-14,SPY,0.00315487
2024-08-14,TLT,0.00627052
2024-08-14,UUP,0.00105563
2024-08-15,EEM,0.01107447
2024-08-15,GLD,0.00313884
2024-08-15,HYG,0.00089144
2024-08-15,SPY,0.01714022
2024-08-15,TLT,-0.00807021
2024-08-15,UUP,0.00351492
2024-08-16,EEM,0.01165236
2024-08-16,GLD,0.02238774
2024-08-16,HYG,0.00318092
2024-08-16,SPY,0.0022419
2024-08-16,TLT,0.00350173
2024-08-16,UUP,-0.00490371
2024-08-19,EEM,0.00967517
2024-08-19,GLD,-0.00163802
2024-08-19,HYG,0.00164915
2024-08-19,SPY,0.00956156
2024-08-19,TLT,0.00461798
2024-08-19,UUP,-0.00527981
2024-08-20,EEM,-0.00775715
2024-08-20,GLD,0.00366999
2024-08-20,HYG,-0.00088625
2024-08-20,SPY,-0.00162618
2024-08-20,TLT,0.00796814
2024-08-20,UUP,-0.00353863
2024-08-21,EEM,0.00390871
2024-08-21,GLD,-0.00133362
2024-08-21,HYG,0.00228139
2024-08-21,SPY,0.00343658
2024-08-21,TLT,0.00060813
2024-08-21,UUP,-0.00319599
2024-08-22,EEM,-0.01236831
2024-08-22,GLD,-0.01197501
2024-08-22,HYG,-0.00126464
2024-08-22,SPY,-0.00784856
2024-08-22,TLT,-0.00992597
2024-08-22,UUP,0.0046313
2024-08-23,EEM,0.01669772
2024-08-23,GLD,0.01155343
2024-08-23,HYG,0.00531748
2024-08-23,SPY,0.0106252
2024-08-23,TLT,0.00654704
2024-08-23,UUP,-0.00851073
2024-08-26,EEM,-0.00843974
2024-08-26,GLD,0.00318934
2024-08-26,HYG,-0.00201518
2024-08-26,SPY,-0.0023836
2024-08-26,TLT,-0.00254076
2024-08-26,UUP,0.002146
2024-08-27,EEM,0.00138018
2024-08-27,GLD,0.00270667
2024-08-27,HYG,0.00063099
2024-08-27,SPY,0.00137291
2024-08-27,TLT,-0.00173201
2024-08-27,UUP,-0.00321196
2024-08-28,EEM,-0.00620271
2024-08-28,GLD,-0.00702686
2024-08-28,HYG,-0.00050428
2024-08-28,SPY,-0.0058051
2024-08-28,TLT,-0.00122496
2024-08-28,UUP,0.00572859
2024-08-29,EEM,0.00046239
2024-08-29,GLD,0.00517798
2024-08-29,HYG,0.0010095
2024-08-29,SPY,8.93e-05
2024-08-29,TLT,-0.00327048
2024-08-29,UUP,0.00355997
2024-08-30,EEM,0.00207945
2024-08-30,GLD,-0.00712601
2024-08-30,HYG,0.00012603
2024-08-30,SPY,0.00954611
2024-08-30,TLT,-0.01066334
2024-08-30,UUP,0.00283792
2024-09-03,EEM,-0.01982932
2024-09-03,GLD,-0.00432358
2024-09-03,HYG,-0.00354625
2024-09-03,SPY,-0.0205788
2024-09-03,TLT,0.01635557
2024-09-03,UUP,0.00176865
2024-09-04,EEM,-0.00023522
2024-09-04,GLD,0.00060793
2024-09-04,HYG,0.00368588
2024-09-04,SPY,-0.00204692
2024-09-04,TLT,0.01288974
2024-09-04,UUP,-0.00494354
2024-09-05,EEM,0.00141178
2024-09-05,GLD,0.00833231
2024-09-05,HYG,0.00341915
2024-09-05,SPY,-0.00243219
2024-09-05,TLT,0.00565565
2024-09-05,UUP,-0.00141943
2024-09-06,EEM,-0.01832712
2024-09-06,GLD,-0.00740263
2024-09-06,HYG,-0.00126213
2024-09-06,SPY,-0.01683017
2024-09-06,TLT,-0.00010037
2024-09-06,UUP,0.00142144
2024-09-09,EEM,0.0083773
2024-09-09,GLD,0.00420588
2024-09-09,HYG,0.00240074
2024-09-09,SPY,0.01119612
2024-09-09,TLT,0.00431927
2024-09-09,UUP,0.00425828
2024-09-10,EEM,-0.00379774
2024-09-10,GLD,0.0044041
2024-09-10,HYG,-0.00189077
2024-09-10,SPY,0.00435596
2024-09-10,TLT,0.00700085
2024-09-10,UUP,0.00035337
2024-09-11,EEM,0.00738608
2024-09-11,GLD,-0.00159056
2024-09-11,HYG,0.00151551
2024-09-11,SPY,0.01025876
2024-09-11,TLT,-0.00079466
2024-09-11,UUP,0.00105981
2024-09-12,EEM,0.00827823
2024-09-12,GLD,0.01756728
2024-09-12,HYG,0.00138741
2024-09-12,SPY,0.00842348
2024-09-12,TLT,-0.00467134
2024-09-12,UUP,-0.00423438
2024-09-13,EEM,0.00469154
2024-09-13,GLD,0.00994368
2024-09-13,HYG,0.00277
2024-09-13,SPY,0.00522264
2024-09-13,TLT,0.00269603
2024-09-13,UUP,-0.00141741
2024-09-16,EEM,0.00326873
2024-09-16,GLD,-8.375e-05
2024-09-16,HYG,0.002512
2024-09-16,SPY,0.00147669
2024-09-16,TLT,0.00916248
2024-09-16,UUP,-0.00319372
2024-09-17,EEM,0.00116353
2024-09-17,GLD,-0.00553091
2024-09-17,HYG,0.00025037
2024-09-17,SPY,0.00040875
2024-09-17,TLT,-0.00483564
2024-09-17,UUP,0.00320396
2024-09-18,EEM,-0.00348673
2024-09-18,GLD,-0.00771047
2024-09-18,HYG,0.0008766
2024-09-18,SPY,-0.00296574
2024-09-18,TLT,-0.012396
2024-09-18,UUP,0.00106462
2024-09-19,EEM,0.02122693
2024-09-19,GLD,0.01554076
2024-09-19,HYG,0.00300295
2024-09-19,SPY,0.01706436
2024-09-19,TLT,-0.00331359
2024-09-19,UUP,-0.00425382
2024-09-20,EEM,-0.0020557
2024-09-20,GLD,0.01271066
2024-09-20,HYG,0.00124764
2024-09-20,SPY,-0.00172851
2024-09-20,TLT,-0.00382833
2024-09-20,UUP,0.00177998
2024-09-23,EEM,0.00778219
2024-09-23,GLD,0.00194041
2024-09-23,HYG,-0.00186865
2024-09-23,SPY,0.00249885
2024-09-23,TLT,-0.00212382
2024-09-23,UUP,0.00142144
2024-09-24,EEM,0.0340675
2024-09-24,GLD,0.01396907
2024-09-24,HYG,0.00012442
2024-09-24,SPY,0.00286114
2024-09-24,TLT,-0.00020256
2024-09-24,UUP,-0.00567777
2024-09-25,EEM,-0.01054241
2024-09-25,GLD,-0.00138177
2024-09-25,HYG,-0.00112321
2024-09-25,SPY,-0.00220559
2024-09-25,TLT,-0.00831216
2024-09-25,UUP,0.0067809
2024-09-26,EEM,0.03662604
2024-09-26,GLD,0.00508688
2024-09-26,HYG,0.00162428
2024-09-26,SPY,0.00396468
2024-09-26,TLT,0.00235084
2024-09-26,UUP,-0.00460839
2024-09-27,EEM,-0.00192717
2024-09-27,GLD,-0.00793583
2024-09-27,HYG,0.00249518
2024-09-27,SPY,-0.0014504
2024-09-27,TLT,0.00520105
2024-09-27,UUP,-0.00035606
2024-09-30,EEM,-0.01609105
2024-09-30,GLD,-0.00799937
2024-09-30,HYG,-0.00074679
2024-09-30,SPY,0.00400742
2024-09-30,TLT,-0.00476844
2024-09-30,UUP,0.00391877
2024-10-01,EEM,0.00719583
2024-10-01,GLD,0.01049125
2024-10-01,HYG,-0.0005007
2024-10-01,SPY,-0.00895854
2024-10-01,TLT,0.00722013
2024-10-01,UUP,0.00425828
2024-10-02,EEM,0.0197012
2024-10-02,GLD,0.00020359
2024-10-02,HYG,0.00012548
2024-10-02,SPY,0.00042224
2024-10-02,TLT,-0.00842707
2024-10-02,UUP,0.00424036
2024-10-03,EEM,-0.01188949
2024-10-03,GLD,-0.00069201
2024-10-03,HYG,-0.00237864
2024-10-03,SPY,-0.00182822
2024-10-03,TLT,-0.00942069
2024-10-03,UUP,0.00316675
2024-10-04,EEM,0.00923925
2024-10-04,GLD,-0.00199603
2024-10-04,HYG,-0.00112928
2024-10-04,SPY,0.00908723
2024-10-04,TLT,-0.01230096
2024-10-04,UUP,0.00561213
2024-10-07,EEM,0.0083032
2024-10-07,GLD,-0.00338776
2024-10-07,HYG,-0.00427137
2024-10-07,SPY,-0.00904048
2024-10-07,TLT,-0.00753533
2024-10-07,UUP,0.00069762
2024-10-08,EEM,-0.02470438
2024-10-08,GLD,-0.00737193
2024-10-08,HYG,0.00239703
2024-10-08,SPY,0.00945761
2024-10-08,TLT,0.00168728
2024-10-08,UUP,0.0
2024-10-09,EEM,-0.00541246
2024-10-09,GLD,-0.00544619
2024-10-09,HYG,-0.0006292
2024-10-09,SPY,0.00692647
2024-10-09,TLT,-0.00568488
2024-10-09,UUP,0.00453115
2024-10-10,EEM,0.00195914
2024-10-10,GLD,0.00734289
2024-10-10,HYG,-0.00050381
2024-10-10,SPY,-0.00175005
2024-10-10,TLT,-0.00391723
2024-10-10,UUP,-0.00034699
2024-10-11,EEM,0.00716916
2024-10-11,GLD,0.01091341
2024-10-11,HYG,0.00264604
2024-10-11,SPY,0.00598826
2024-10-11,TLT,-0.00403922
2024-10-11,UUP,0.00069423
2024-10-14,EEM,-0.00409838
2024-10-14,GLD,-0.0016295
2024-10-14,HYG,0.00050294
2024-10-14,SPY,0.0081784
2024-10-14,TLT,0.00074701
2024-10-14,UUP,0.00312172
2024-10-15,EEM,-0.02122587
2024-10-15,GLD,0.00346836
2024-10-15,HYG,-0.00025145
2024-10-15,SPY,-0.00776977
2024-10-15,TLT,0.01215782
2024-10-15,UUP,0.00069159
2024-10-16,EEM,0.00774515
2024-10-16,GLD,0.00500161
2024-10-16,HYG,0.00175922
2024-10-16,SPY,0.00434644
2024-10-16,TLT,0.00421425
2024-10-16,UUP,0.00276437
2024-10-17,EEM,-0.0015372
2024-10-17,GLD,0.00598831
2024-10-17,HYG,-0.00150505
2024-10-17,SPY,8.59e-05
2024-10-17,TLT,-0.01584291
2024-10-17,UUP,0.00310128
2024-10-18,EEM,0.00989667
2024-10-18,GLD,0.01061819
2024-10-18,HYG,0.0023866
2024-10-18,SPY,0.00384666
2024-10-18,TLT,0.00074595
2024-10-18,UUP,-0.00274816
2024-10-21,EEM,-0.00696867
2024-10-21,GLD,-0.000199
2024-10-21,HYG,-0.00401024
2024-10-21,SPY,-0.00164241
2024-10-21,TLT,-0.01747071
2024-10-21,UUP,0.00447808
2024-10-22,EEM,-0.00219303
2024-10-22,GLD,0.01078732
2024-10-22,HYG,-0.00138369
2024-10-22,SPY,-0.00053111
2024-10-22,TLT,0.00097565
2024-10-22,UUP,0.00102877
2024-10-23,EEM,-0.00593407
2024-10-23,GLD,-0.01205056
2024-10-23,HYG,-0.00302419
2024-10-23,SPY,-0.00913736
2024-10-23,TLT,-0.00270794
2024-10-23,UUP,0.00342589
2024-10-24,EEM,-0.00154747
2024-10-24,GLD,0.00769326
2024-10-24,HYG,0.00290682
2024-10-24,SPY,0.00216256
2024-10-24,TLT,0.00640812
2024-10-24,UUP,-0.00375554
2024-10-25,EEM,-0.00088586
2024-10-25,GLD,0.00205698
2024-10-25,HYG,-0.00100801
2024-10-25,SPY,-0.00034529
2024-10-25,TLT,-0.00561183
2024-10-25,UUP,0.00342699
2024-10-28,EEM,0.00443263
2024-10-28,GLD,3.945e-05
2024-10-28,HYG,0.00252251
2024-10-28,SPY,0.00309145
2024-10-28,TLT,-0.00271333
2024-10-28,UUP,0.0
2024-10-29,EEM,-0.00308914
2024-10-29,GLD,0.01089486
2024-10-29,HYG,0.00025197
2024-10-29,SPY,0.00161831
2024-10-29,TLT,0.00152346
2024-10-29,UUP,0.00034154
2024-10-30,EEM,-0.00973869
2024-10-30,GLD,0.00550589
2024-10-30,HYG,-0.00176121
2024-10-30,SPY,-0.00302521
2024-10-30,TLT,0.00293386
2024-10-30,UUP,-0.00238998
2024-10-31,EEM,-0.00648205
2024-10-31,GLD,-0.01549517
2024-10-31,HYG,-0.00277211
2024-10-31,SPY,-0.0196031
2024-10-31,TLT,0.00162534
2024-10-31,UUP,-0.00068442
2024-11-01,EEM,0.00090001
2024-11-01,GLD,-0.00410238
2024-11-01,HYG,6.359e-05
2024-11-01,SPY,0.00422064
2024-11-01,TLT,-0.01409837
2024-11-01,UUP,0.0041096
2024-11-04,EEM,0.00561927
2024-11-04,GLD,0.00142591
2024-11-04,HYG,0.0027935
2024-11-04,SPY,-0.0021541
2024-11-04,TLT,0.01552181
2024-11-04,UUP,-0.00375177
2024-11-05,EEM,0.01363424
2024-11-05,GLD,0.00225445
2024-11-05,HYG,0.00278605
2024-11-05,SPY,0.01209192
2024-11-05,TLT,0.00531153
2024-11-05,UUP,-0.00410812
2024-11-06,EEM,-0.01234838
2024-11-06,GLD,-0.03038673
2024-11-06,HYG,0.0017679
2024-11-06,SPY,0.02486562
2024-11-06,TLT,-0.0273883
2024-11-06,UUP,0.01615671
2024-11-07,EEM,0.02210301
2024-11-07,GLD,0.0160765
2024-11-07,HYG,0.00428602
2024-11-07,SPY,0.00773214
2024-11-07,TLT,0.0125276
2024-11-07,UUP,-0.00811903
2024-11-08,EEM,-0.02468313
2024-11-08,GLD,-0.00676943
2024-11-08,HYG,0.00163144
2024-11-08,SPY,0.00433156
2024-11-08,TLT,0.01270143
2024-11-08,UUP,0.00682132
2024-11-11,EEM,-0.00761487
2024-11-11,GLD,-0.02347156
2024-11-11,HYG,-0.00112765
2024-11-11,SPY,0.00095285
2024-11-11,TLT,-0.00486543
2024-11-11,UUP,0.00575874
2024-11-12,EEM,-0.01895723
2024-11-12,GLD,-0.00863136
2024-11-12,HYG,-0.00401517
2024-11-12,SPY,-0.00310633
2024-11-12,TLT,-0.0149935
2024-11-12,UUP,0.0043786
2024-11-13,EEM,-0.0064414
2024-11-13,GLD,-0.01008123
2024-11-13,HYG,0.0002524
2024-11-13,SPY,0.00048572
2024-11-13,TLT,-0.00948605
2024-11-13,UUP,0.00570087
2024-11-14,EEM,-0.00555679
2024-11-14,GLD,-0.00260914
2024-11-14,HYG,-0.00214069
2024-11-14,SPY,-0.00642997
2024-11-14,TLT,0.00579051
2024-11-14,UUP,0.00400134
2024-11-15,EEM,0.0
2024-11-15,GLD,-0.00177207
2024-11-15,HYG,-0.00012617
2024-11-15,SPY,-0.01280866
2024-11-15,TLT,-0.00265696
2024-11-15,UUP,-0.00099631
2024-11-18,EEM,0.01140869
2024-11-18,GLD,0.01902025
2024-11-18,HYG,0.00189319
2024-11-18,SPY,0.00409735
2024-11-18,TLT,0.00177599
2024-11-18,UUP,-0.00498668
2024-11-19,EEM,-0.00069057
2024-11-19,GLD,0.00895933
2024-11-19,HYG,0.00151167
2024-11-19,SPY,0.00365532
2024-11-19,TLT,0.00509749
2024-11-19,UUP,-0.00033419
2024-11-20,EEM,-0.00115183
2024-11-20,GLD,0.00563205
2024-11-20,HYG,-0.0002514
2024-11-20,SPY,0.00033903
2024-11-20,TLT,-0.00319723
2024-11-20,UUP,0.00501341
2024-11-21,EEM,-0.00207571
2024-11-21,GLD,0.0083395
2024-11-21,HYG,0.00037725
2024-11-21,SPY,0.00536815
2024-11-21,TLT,-0.00077453
2024-11-21,UUP,0.00332556
2024-11-22,EEM,0.00023109
2024-11-22,GLD,0.01289221
2024-11-22,HYG,-0.0002518
2024-11-22,SPY,0.00309962
2024-11-22,TLT,0.00055369
2024-11-22,UUP,0.00530327
2024-11-25,EEM,0.00069321
2024-11-25,GLD,-0.02945886
2024-11-25,HYG,0.00377442
2024-11-25,SPY,0.00339203
2024-11-25,TLT,0.02588781
2024-11-25,UUP,-0.00692382
2024-11-26,EEM,-0.00415612
2024-11-26,GLD,0.00193831
2024-11-26,HYG,-0.00188022
2024-11-26,SPY,0.00522139
2024-11-26,TLT,-0.00388222
2024-11-26,UUP,0.00132807
2024-11-27,EEM,0.00139106
2024-11-27,GLD,0.00222271
2024-11-27,HYG,0.00301368
2024-11-27,SPY,-0.00303013
2024-11-27,TLT,0.00692849
2024-11-27,UUP,-0.0086208
2024-11-29,EEM,0.00162074
2024-11-29,GLD,0.00862455
2024-11-29,HYG,0.00200326
2024-11-29,SPY,0.00621236
2024-11-29,TLT,0.0103218
2024-11-29,UUP,-0.00167216
2024-12-02,EEM,0.00392987
2024-12-02,GLD,-0.0087544
2024-12-02,HYG,-0.00036438
2024-12-02,SPY,0.00179232
2024-12-02,TLT,0.00240258
2024-12-02,UUP,0.00603009
2024-12-03,EEM,0.00207227
2024-12-03,GLD,0.00201278
2024-12-03,HYG,0.0
2024-12-03,SPY,0.00046355
2024-12-03,TLT,-0.00862903
2024-12-03,UUP,-0.00033294
2024-12-04,EEM,0.00252761
2024-12-04,GLD,0.00303368
2024-12-04,HYG,0.00238561
2024-12-04,SPY,0.00620983
2024-12-04,TLT,0.01074594
2024-12-04,UUP,-0.00033312
2024-12-05,EEM,0.00664669
2024-12-05,GLD,-0.00739771
2024-12-05,HYG,-0.00087684
2024-12-05,SPY,-0.00164582
2024-12-05,TLT,0.00201984
2024-12-05,UUP,-0.00533154
2024-12-06,EEM,-0.0015938
2024-12-06,GLD,0.00037057
2024-12-06,HYG,0.00163003
2024-12-06,SPY,0.00189577
2024-12-06,TLT,0.0014853
2024-12-06,UUP,0.0026801
2024-12-09,EEM,0.02052459
2024-12-09,GLD,0.00991975
2024-12-09,HYG,-0.00125178
2024-12-09,SPY,-0.00514962
2024-12-09,TLT,-0.00921695
2024-12-09,UUP,0.00167049
2024-12-10,EEM,-0.01608933
2024-12-10,GLD,0.01316431
2024-12-10,HYG,0.00050121
2024-12-10,SPY,-0.00310907
2024-12-10,TLT,-0.00470473
2024-12-10,UUP,0.00233491
2024-12-11,EEM,0.00408797
2024-12-11,GLD,0.00953381
2024-12-11,HYG,0.00025069
2024-12-11,SPY,0.00773046
2024-12-11,TLT,-0.00945429
2024-12-11,UUP,0.00332777
2024-12-12,EEM,-0.00497614
2024-12-12,GLD,-0.01466372
2024-12-12,HYG,-0.00275512
2024-12-12,SPY,-0.00515248
2024-12-12,TLT,-0.01214746
2024-12-12,UUP,0.00331673
2024-12-13,EEM,0.00090934
2024-12-13,GLD,-0.01209158
2024-12-13,HYG,-0.0028877
2024-12-13,SPY,-0.00019859
2024-12-13,TLT,-0.01021092
2024-12-13,UUP,0.00033059
2024-12-16,EEM,-0.00545087
2024-12-16,GLD,0.00241521
2024-12-16,HYG,0.00188861
2024-12-16,SPY,0.00426991
2024-12-16,TLT,0.00299522
2024-12-16,UUP,-0.00165234
2024-12-17,EEM,-0.00239192
2024-12-17,GLD,-0.00383862
2024-12-17,HYG,-0.00213684
2024-12-17,SPY,-0.00412014
2024-12-17,TLT,0.00243288
2024-12-17,UUP,0.00099302
2024-12-18,EEM,-0.02327745
2024-12-18,GLD,-0.01918508
2024-12-18,HYG,-0.01026798
2024-12-18,SPY,-0.02980349
2024-12-18,TLT,-0.01250441
2024-12-18,UUP,0.01157409
2024-12-19,EEM,0.00333652
2024-12-19,GLD,0.0014211
2024-12-19,HYG,-0.00102346
2024-12-19,SPY,-0.00030696
2024-12-19,TLT,-0.01514136
2024-12-19,UUP,0.00196143
2024-12-20,EEM,0.00403808
2024-12-20,GLD,0.01043406
2024-12-20,HYG,0.00627501
2024-12-20,SPY,0.01201101
2024-12-20,TLT,0.00569433
2024-12-20,UUP,-0.00489394
2024-12-23,EEM,0.00567777
2024-12-23,GLD,-0.0047088
2024-12-23,HYG,-0.00267258
2024-12-23,SPY,0.00598823
2024-12-23,TLT,-0.00917246
2024-12-23,UUP,0.00366657
2024-12-24,EEM,0.00305806
2024-12-24,GLD,0.00199201
2024-12-24,HYG,0.00319006
2024-12-24,SPY,0.01111507
2024-12-24,TLT,0.00422892
2024-12-24,UUP,0.00273132
2024-12-26,EEM,-0.0035177
2024-12-26,GLD,0.00675118
2024-12-26,HYG,0.00254399
2024-12-26,SPY,6.655e-05
2024-12-26,TLT,-0.00056903
2024-12-26,UUP,-0.00204294
2024-12-27,EEM,-0.00447173
2024-12-27,GLD,-0.0068705
2024-12-27,HYG,-0.00342543
2024-12-27,SPY,-0.01052654
2024-12-27,TLT,-0.00819874
2024-12-27,UUP,-0.00170592
2024-12-30,EEM,-0.00803788
2024-12-30,GLD,-0.00318968
2024-12-30,HYG,0.00140009
2024-12-30,SPY,-0.01141158
2024-12-30,TLT,0.00803653
2024-12-30,UUP,0.00102534
2024-12-31,EEM,-0.00333652
2024-12-31,GLD,0.00623364
2024-12-31,HYG,-0.00012705
2024-12-31,SPY,-0.00363786
2024-12-31,TLT,-0.00535279
2024-12-31,UUP,0.00443834
2025-01-02,EEM,-0.00143467
2025-01-02,GLD,0.01358771
2025-01-02,HYG,0.00241574
2025-01-02,SPY,-0.00245738
2025-01-02,TLT,0.00274793
2025-01-02,UUP,0.00849766
2025-01-03,EEM,0.00933913
2025-01-03,GLD,-0.00786404
2025-01-03,HYG,0.00152224
2025-01-03,SPY,0.01250358
2025-01-03,TLT,-0.00319753
2025-01-03,UUP,-0.00303339
2025-01-06,EEM,0.00355869
2025-01-06,GLD,-0.0012321
2025-01-06,HYG,0.00177254
2025-01-06,SPY,0.00576052
2025-01-06,TLT,-0.00446745
2025-01-06,UUP,-0.00642326
2025-01-07,EEM,-0.00709223
2025-01-07,GLD,0.00563344
2025-01-07,HYG,-0.00328664
2025-01-07,SPY,-0.01130389
2025-01-07,TLT,-0.01127777
2025-01-07,UUP,0.00374276
2025-01-08,EEM,-0.00476196
2025-01-08,GLD,0.00531568
2025-01-08,HYG,0.00126861
2025-01-08,SPY,0.00146083
2025-01-08,TLT,0.00128052
2025-01-08,UUP,0.00372881
2025-01-10,EEM,-0.01698555
2025-01-10,GLD,0.00955831
2025-01-10,HYG,-0.00519396
2025-01-10,SPY,-0.01526744
2025-01-10,TLT,-0.00662562
2025-01-10,UUP,0.00506585
2025-01-13,EEM,-0.00681433
2025-01-13,GLD,-0.00995126
2025-01-13,HYG,-0.00025496
2025-01-13,SPY,0.00155047
2025-01-13,TLT,-0.00035088
2025-01-13,UUP,0.00302422
2025-01-14,EEM,0.0112718
2025-01-14,GLD,0.00524942
2025-01-14,HYG,0.00127373
2025-01-14,SPY,0.00137583
2025-01-14,TLT,-0.00163886
2025-01-14,UUP,-0.00636516
2025-01-15,EEM,0.01308458
2025-01-15,GLD,0.00748899
2025-01-15,HYG,0.0087776
2025-01-15,SPY,0.01819031
2025-01-15,TLT,0.01723546
2025-01-15,UUP,-0.00168579
2025-01-16,EEM,-0.00119597
2025-01-16,GLD,0.00691097
2025-01-16,HYG,0.00113479
2025-01-16,SPY,-0.00192326
2025-01-16,TLT,0.00322709
2025-01-16,UUP,0.0
2025-01-17,EEM,0.0079023
2025-01-17,GLD,-0.00530727
2025-01-17,HYG,0.00088174
2025-01-17,SPY,0.01004001
2025-01-17,TLT,0.00172357
2025-01-17,UUP,0.00371495
2025-01-21,EEM,0.01069137
2025-01-21,GLD,0.01548522
2025-01-21,HYG,0.00264319
2025-01-21,SPY,0.00915351
2025-01-21,TLT,0.00894571
2025-01-21,UUP,-0.01278601
2025-01-22,EEM,0.00070529
2025-01-22,GLD,0.00513565
2025-01-22,HYG,-0.00138084
2025-01-22,SPY,0.00562136
2025-01-22,TLT,-0.00522892
2025-01-22,UUP,0.00170418
2025-01-23,EEM,0.00234896
2025-01-23,GLD,-0.00141487
2025-01-23,HYG,0.00125692
2025-01-23,SPY,0.00545817
2025-01-23,TLT,-0.00777053
2025-01-23,UUP,-0.00034027
2025-01-24,EEM,0.0065621
2025-01-24,GLD,0.00621871
2025-01-24,HYG,0.00112956
2025-01-24,SPY,-0.00291937
2025-01-24,TLT,0.0044915
2025-01-24,UUP,-0.0061266
2025-01-27,EEM,-0.01816075
2025-01-27,GLD,-0.01040481
2025-01-27,HYG,0.00075265
2025-01-27,SPY,-0.01414537
2025-01-27,TLT,0.01180911
2025-01-27,UUP,0.00034242
2025-01-28,EEM,0.00735119
2025-01-28,GLD,0.00865642
2025-01-28,HYG,-0.00037631
2025-01-28,SPY,0.00859226
2025-01-28,TLT,-0.00067975
2025-01-28,UUP,0.00410819
2025-01-29,EEM,0.00023555
2025-01-29,GLD,-0.00384041
2025-01-29,HYG,-0.00062635
2025-01-29,SPY,-0.00448288
2025-01-29,TLT,-0.00204111
2025-01-29,UUP,0.00204573
2025-01-30,EEM,0.01694503
2025-01-30,GLD,0.01514552
2025-01-30,HYG,0.00188141
2025-01-30,SPY,0.00536707
2025-01-30,TLT,0.00374948
2025-01-30,UUP,0.0
2025-01-31,EEM,-0.0113399
2025-01-31,GLD,0.0019764
2025-01-31,HYG,-0.00200309
2025-01-31,SPY,-0.00532186
2025-01-31,TLT,-0.00656561
2025-01-31,UUP,0.00408303
2025-02-03,EEM,-0.00725664
2025-02-03,GLD,0.00533727
2025-02-03,HYG,-0.00126011
2025-02-03,SPY,-0.00672941
2025-02-03,TLT,0.00814233
2025-02-03,UUP,0.00440525
2025-02-04,EEM,0.01792039
2025-02-04,GLD,0.00984842
2025-02-04,HYG,0.00315421
2025-02-04,SPY,0.00670816
2025-02-04,TLT,0.00306258
2025-02-04,UUP,-0.00910925
2025-02-05,EEM,-0.0025481
2025-02-05,GLD,0.00620954
2025-02-05,HYG,0.00264124
2025-02-05,SPY,0.00405456
2025-02-05,TLT,0.01651
2025-02-05,UUP,-0.00170244
2025-02-06,EEM,0.00418034
2025-02-06,GLD,-0.00265026
2025-02-06,HYG,-0.0015055
2025-02-06,SPY,0.00347571
2025-02-06,TLT,-0.00044493
2025-02-06,UUP,-0.00068216
2025-02-07,EEM,-0.00092519
2025-02-07,GLD,0.00178416
2025-02-07,HYG,-0.00314053
2025-02-07,SPY,-0.00915366
2025-02-07,TLT,-0.00645509
2025-02-07,UUP,0.00443689
2025-02-10,EEM,0.01203704
2025-02-10,GLD,0.01693824
2025-02-10,HYG,0.00201637
2025-02-10,SPY,0.00679131
2025-02-10,TLT,-0.00302441
2025-02-10,UUP,0.00305813
2025-02-11,EEM,-0.00388836
2025-02-11,GLD,-0.0036516
2025-02-11,HYG,-0.0003774
2025-02-11,SPY,0.00076047
2025-02-11,TLT,-0.00640455
2025-02-11,UUP,-0.00338758
2025-02-12,EEM,0.00551089
2025-02-12,GLD,0.00104715
2025-02-12,HYG,-0.00213889
2025-02-12,SPY,-0.00322157
2025-02-12,TLT,-0.01357023
2025-02-12,UUP,0.00067985
2025-02-13,EEM,0.00639408
2025-02-13,GLD,0.00986283
2025-02-13,HYG,0.00453921
2025-02-13,SPY,0.01055762
2025-02-13,TLT,0.01662257
2025-02-13,UUP,-0.0081522
2025-02-14,EEM,0.00771506
2025-02-14,GLD,-0.01487177
2025-02-14,HYG,0.00112991
2025-02-14,SPY,-4.92e-05
2025-02-14,TLT,0.00530011
2025-02-14,UUP,-0.00273973
2025-02-18,EEM,0.0063049
2025-02-18,GLD,0.01656091
2025-02-18,HYG,-0.00087779
2025-02-18,SPY,0.00293584
2025-02-18,TLT,-0.01177776
2025-02-18,UUP,0.00206048
2025-02-19,EEM,-0.00156635
2025-02-19,GLD,0.0005541
2025-02-19,HYG,0.00075266
2025-02-19,SPY,0.00235486
2025-02-19,TLT,0.00124859
2025-02-19,UUP,0.00102802
2025-02-20,EEM,0.00918876
2025-02-20,GLD,0.00051683
2025-02-20,HYG,0.00062713
2025-02-20,SPY,-0.00416022
2025-02-20,TLT,0.00374091
2025-02-20,UUP,-0.00787395
2025-02-21,EEM,-0.00288701
2025-02-21,GLD,-0.00092254
2025-02-21,HYG,-0.0018798
2025-02-21,SPY,-0.01710416
2025-02-21,TLT,0.01208508
2025-02-21,UUP,0.00345063
2025-02-24,EEM,-0.01536756
2025-02-24,GLD,0.00542957
2025-02-24,HYG,0.00125542
2025-02-24,SPY,-0.00455061
2025-02-24,TLT,0.00290124
2025-02-24,UUP,0.00068779
2025-02-25,EEM,0.00067864
2025-02-25,GLD,-0.01318833
2025-02-25,HYG,0.00250801
2025-02-25,SPY,-0.00497303
2025-02-25,TLT,0.01724744
2025-02-25,UUP,-0.00378013
2025-02-26,EEM,0.00994579
2025-02-26,GLD,0.00152633
2025-02-26,HYG,0.00137599
2025-02-26,SPY,0.00050479
2025-02-26,TLT,0.00590656
2025-02-26,UUP,0.00206972
2025-02-27,EEM,-0.01947182
2025-02-27,GLD,-0.01523996
2025-02-27,HYG,-0.00187349
2025-02-27,SPY,-0.01596188
2025-02-27,TLT,-0.00706806
2025-02-27,UUP,0.00722888
2025-02-28,EEM,-0.01369556
2025-02-28,GLD,-0.00626582
2025-02-28,HYG,0.00275294
2025-02-28,SPY,0.01560563
2025-02-28,TLT,0.01226582
2025-02-28,UUP,0.00444295
2025-03-03,EEM,-0.00879417
2025-03-03,GLD,0.01318039
2025-03-03,HYG,-0.00208144
2025-03-03,SPY,-0.01752012
2025-03-03,TLT,0.00466686
2025-03-03,UUP,-0.00952701
2025-03-04,EEM,0.00840521
2025-03-04,GLD,0.00869764
2025-03-04,HYG,-0.00012558
2025-03-04,SPY,-0.01183673
2025-03-04,TLT,-0.01231515
2025-03-04,UUP,-0.0089317
2025-03-05,EEM,0.02986807
2025-03-05,GLD,0.00208131
2025-03-05,HYG,0.00050258
2025-03-05,SPY,0.01074788
2025-03-05,TLT,-0.0079844
2025-03-05,UUP,-0.01213173
2025-03-06,EEM,-0.00629498
2025-03-06,GLD,-0.00508121
2025-03-06,HYG,-0.00376797
2025-03-06,SPY,-0.01775105
2025-03-06,TLT,-0.00330743
2025-03-06,UUP,-0.00070172
2025-03-07,EEM,0.00497735
2025-03-07,GLD,0.00052196
2025-03-07,HYG,0.001639
2025-03-07,SPY,0.00560468
2025-03-07,TLT,-0.00320786
2025-03-07,UUP,-0.00316014
2025-03-10,EEM,-0.02386306
2025-03-10,GLD,-0.00875594
2025-03-10,HYG,-0.00377614
2025-03-10,SPY,-0.02663563
2025-03-10,TLT,0.01043145
2025-03-10,UUP,0.00070451
2025-03-11,EEM,0.00830256
2025-03-11,GLD,0.01172754
2025-03-11,HYG,-0.00353759
2025-03-11,SPY,-0.00831277
2025-03-11,TLT,-0.0071388
2025-03-11,UUP,-0.00563184
2025-03-12,EEM,0.00548947
2025-03-12,GLD,0.00434679
2025-03-12,HYG,0.00114146
2025-03-12,SPY,0.00530657
2025-03-12,TLT,-0.0059735
2025-03-12,UUP,0.00247787
2025-03-13,EEM,-0.00409467
2025-03-13,GLD,0.01775614
2025-03-13,HYG,-0.00557262
2025-03-13,SPY,-0.01333046
2025-03-13,TLT,0.00879148
2025-03-13,UUP,0.00353112
2025-03-14,EEM,0.0182732
2025-03-14,GLD,0.00039976
2025-03-14,HYG,0.00458459
2025-03-14,SPY,0.02065562
2025-03-14,TLT,-0.00529508
2025-03-14,UUP,-0.00105565
2025-03-17,EEM,0.01704799
2025-03-17,GLD,0.00541353
2025-03-17,HYG,0.0024088
2025-03-17,SPY,0.00771158
2025-03-17,TLT,0.0049904
2025-03-17,UUP,-0.00387453
2025-03-18,EEM,-0.00507272
2025-03-18,GLD,0.01167196
2025-03-18,HYG,-0.00177058
2025-03-18,SPY,-0.01080844
2025-03-18,TLT,0.00099338
2025-03-18,UUP,-0.00070725
2025-03-19,EEM,0.00243851
2025-03-19,GLD,0.00410771
2025-03-19,HYG,0.00658828
2025-03-19,SPY,0.01089071
2025-03-19,TLT,0.00518141
2025-03-19,UUP,0.00247699
2025-03-20,EEM,-0.00928803
2025-03-20,GLD,-0.00128059
2025-03-20,HYG,-0.00138462
2025-03-20,SPY,-0.00289175
2025-03-20,TLT,0.00065818
2025-03-20,UUP,0.00282387
2025-03-21,EEM,-0.00491069
2025-03-21,GLD,-0.0080499
2025-03-21,HYG,-0.0015123
2025-03-21,SPY,0.00032983
2025-03-21,TLT,-0.00591886
2025-03-21,UUP,0.00316786
2025-03-24,EEM,0.00448637
2025-03-24,GLD,-0.00445255
2025-03-24,HYG,0.00290322
2025-03-24,SPY,0.01790862
2025-03-24,TLT,-0.01025341
2025-03-24,UUP,0.00175441
2025-03-25,EEM,-0.00290304
2025-03-25,GLD,0.00440037
2025-03-25,HYG,-0.00050351
2025-03-25,SPY,0.00240385
2025-03-25,TLT,-0.00011142
2025-03-25,UUP,-0.00105077
2025-03-26,EEM,-0.00604708
2025-03-26,GLD,-0.00082598
2025-03-26,HYG,-0.00402976
2025-03-26,SPY,-0.01193833
2025-03-26,TLT,-0.00657307
2025-03-26,UUP,0.00455817
2025-03-27,EEM,0.00495716
2025-03-27,GLD,0.01340573
2025-03-27,HYG,-0.00189629
2025-03-27,SPY,-0.00265556
2025-03-27,TLT,-0.00291569
2025-03-27,UUP,-0.00314132
2025-03-28,EEM,-0.01860986
2025-03-28,GLD,0.00741212
2025-03-28,HYG,-0.00177392
2025-03-28,SPY,-0.02013854
2025-03-28,TLT,0.01383431
2025-03-28,UUP,-0.00175072
2025-03-31,EEM,-0.00159918
2025-03-31,GLD,0.01436322
2025-03-31,HYG,0.00114247
2025-03-31,SPY,0.00671283
2025-03-31,TLT,0.00987343
2025-03-31,UUP,0.00105232
2025-04-01,EEM,0.00320367
2025-04-01,GLD,-0.00197823
2025-04-01,HYG,0.00231799
2025-04-01,SPY,0.00282447
2025-04-01,TLT,0.00866543
2025-04-01,UUP,0.00105107
2025-04-02,EEM,0.00136857
2025-04-02,GLD,0.00205166
2025-04-02,HYG,0.00203316
2025-04-02,SPY,0.00632853
2025-04-02,TLT,-0.00065566
2025-04-02,UUP,-0.00420015
2025-04-03,EEM,-0.02118448
2025-04-03,GLD,-0.00603828
2025-04-03,HYG,-0.01242838
2025-04-03,SPY,-0.04928095
2025-04-03,TLT,0.00459341
2025-04-03,UUP,-0.01757471
2025-04-04,EEM,-0.0556202
2025-04-04,GLD,-0.02339226
2025-04-04,HYG,-0.01425456
2025-04-04,SPY,-0.05854288
2025-04-04,TLT,0.01088742
2025-04-04,UUP,0.01109125
2025-04-07,EEM,-0.03721056
2025-04-07,GLD,-0.02148581
2025-04-07,HYG,-0.00859854
2025-04-07,SPY,-0.00178113
2025-04-07,TLT,-0.03015615
2025-04-07,UUP,0.00424623
2025-04-08,EEM,-0.01407727
2025-04-08,GLD,0.00544379
2025-04-08,HYG,-0.004599
2025-04-08,SPY,-0.01566283
2025-04-08,TLT,-0.01887839
2025-04-08,UUP,-0.00458065
2025-04-09,EEM,0.06931466
2025-04-09,GLD,0.03699125
2025-04-09,HYG,0.02679861
2025-04-09,SPY,0.1050194
2025-04-09,TLT,0.00588585
2025-04-09,UUP,0.00141593
2025-04-10,EEM,-0.01723719
2025-04-10,GLD,0.02442358
2025-04-10,HYG,-0.0163279
2025-04-10,SPY,-0.04381907
2025-04-10,TLT,-0.02756844
2025-04-10,UUP,-0.0208554
2025-04-11,EEM,0.03137355
2025-04-11,GLD,0.01908666
2025-04-11,HYG,0.00300598
2025-04-11,SPY,0.01784273
2025-04-11,TLT,0.00543841
2025-04-11,UUP,-0.00902524
2025-04-14,EEM,0.00910179
2025-04-14,GLD,-0.00570598
2025-04-14,HYG,0.00495207
2025-04-14,SPY,0.00970154
2025-04-14,TLT,0.00713552
2025-04-14,UUP,-0.00327872
2025-04-15,EEM,-0.00094947
2025-04-15,GLD,0.00523238
2025-04-15,HYG,0.00272275
2025-04-15,SPY,-0.00280096
2025-04-15,TLT,0.00354248
2025-04-15,UUP,0.00548245
2025-04-16,EEM,-0.01164165
2025-04-16,GLD,0.03254081
2025-04-16,HYG,-0.00012937
2025-04-16,SPY,-0.02222811
2025-04-16,TLT,0.00557952
2025-04-16,UUP,-0.0083606
2025-04-17,EEM,0.00769226
2025-04-17,GLD,-0.00439069
2025-04-17,HYG,0.00582013
2025-04-17,SPY,0.00142684
2025-04-17,TLT,-0.00883241
2025-04-17,UUP,0.0007331
2025-04-21,EEM,-0.0002386
2025-04-21,GLD,0.03093559
2025-04-21,HYG,-0.00591477
2025-04-21,SPY,-0.02380265
2025-04-21,TLT,-0.01747971
2025-04-21,UUP,-0.0095238
2025-04-22,EEM,0.01503225
2025-04-22,GLD,-0.01419567
2025-04-22,HYG,0.0038803
2025-04-22,SPY,0.02601777
2025-04-22,TLT,0.00558152
2025-04-22,UUP,0.00554733
2025-04-23,EEM,0.0115186
2025-04-23,GLD,-0.02397863
2025-04-23,HYG,0.00502526
2025-04-23,SPY,0.01549559
2025-04-23,TLT,0.00971304
2025-04-23,UUP,0.0091946
2025-04-24,EEM,0.0116197
2025-04-24,GLD,0.01455628
2025-04-24,HYG,0.00897426
2025-04-24,SPY,0.0210488
2025-04-24,TLT,0.01053597
2025-04-24,UUP,-0.00437326
2025-04-25,EEM,-0.00183778
2025-04-25,GLD,-0.01084168
2025-04-25,HYG,0.00088954
2025-04-25,SPY,0.00722543
2025-04-25,TLT,0.0073663
2025-04-25,UUP,0.00256221
2025-04-28,EEM,0.00184116
2025-04-28,GLD,0.0142421
2025-04-28,HYG,0.00050772
2025-04-28,SPY,0.00038121
2025-04-28,TLT,0.00629977
2025-04-28,UUP,-0.00620661
2025-04-29,EEM,0.0027568
2025-04-29,GLD,-0.00973893
2025-04-29,HYG,0.00266457
2025-04-29,SPY,0.00629949
2025-04-29,TLT,0.00838449
2025-04-29,UUP,0.00330642
2025-04-30,EEM,0.00252008
2025-04-30,GLD,-0.00748222
2025-04-30,HYG,-0.00531509
2025-04-30,SPY,0.0003967
2025-04-30,TLT,-0.0080928
2025-04-30,UUP,0.00366164
2025-05-01,EEM,-0.00022857
2025-05-01,GLD,-0.02077229
2025-05-01,HYG,0.00129181
2025-05-01,SPY,0.00708679
2025-05-01,TLT,-0.00507064
2025-05-01,UUP,0.0058373
2025-05-02,EEM,0.02857145
2025-05-02,GLD,0.0017482
2025-05-02,HYG,0.00306495
2025-05-02,SPY,0.01484434
2025-05-02,TLT,-0.01082412
2025-05-02,UUP,-0.00145086
2025-05-05,EEM,0.00755552
2025-05-05,GLD,0.02986775
2025-05-05,HYG,-0.00038209
2025-05-05,SPY,-0.00573433
2025-05-05,TLT,-0.00558553
2025-05-05,UUP,-0.00181622
2025-05-06,EEM,-0.00396987
2025-05-06,GLD,0.028024
2025-05-06,HYG,-0.00076385
2025-05-06,SPY,-0.00835827
2025-05-06,TLT,0.00332424
2025-05-06,UUP,-0.00618628
2025-05-07,EEM,-0.01151479
2025-05-07,GLD,-0.01499306
2025-05-07,HYG,0.00089184
2025-05-07,SPY,0.00420542
2025-05-07,TLT,0.00422711
2025-05-07,UUP,0.00732335
2025-05-08,EEM,-0.00067193
2025-05-08,GLD,-0.01969427
2025-05-08,HYG,-0.00025448
2025-05-08,SPY,0.00696782
2025-05-08,TLT,-0.011149
2025-05-08,UUP,0.00836053
2025-05-09,EEM,0.00672489
2025-05-09,GLD,0.00725467
2025-05-09,HYG,0.00063715
2025-05-09,SPY,-0.0012742
2025-05-09,TLT,0.00149571
2025-05-09,UUP,-0.00288386
2025-05-12,EEM,0.02159884
2025-05-12,GLD,-0.02819057
2025-05-12,HYG,0.00992979
2025-05-12,SPY,0.03304747
2025-05-12,TLT,-0.0093053
2025-05-12,UUP,0.01409973
2025-05-13,EEM,0.00174356
2025-05-13,GLD,0.00425899
2025-05-13,HYG,0.00176472
2025-05-13,SPY,0.00660408
2025-05-13,TLT,-0.00405826
2025-05-13,UUP,-0.00855617
2025-05-14,EEM,0.00761542
2025-05-14,GLD,-0.02103783
2025-05-14,HYG,-0.0036492
2025-05-14,SPY,0.00127787
2025-05-14,TLT,-0.00663652
2025-05-14,UUP,0.00215754
2025-05-15,EEM,-0.00043197
2025-05-15,GLD,0.01596395
2025-05-15,HYG,0.0018945
2025-05-15,SPY,0.00488427
2025-05-15,TLT,0.00879054
2025-05-15,UUP,-0.00251165
2025-05-16,EEM,-0.00064807
2025-05-16,GLD,-0.01208705
2025-05-16,HYG,0.00113445
2025-05-16,SPY,0.00633401
2025-05-16,TLT,0.0026723
2025-05-16,UUP,0.00287763
2025-05-19,EEM,0.00216168
2025-05-19,GLD,0.01288067
2025-05-19,HYG,-0.0005036
2025-05-19,SPY,0.00109382
2025-05-19,TLT,-0.0028969
2025-05-19,UUP,-0.00681485
2025-05-20,EEM,-0.00107842
2025-05-20,GLD,0.01862225
2025-05-20,HYG,-0.00050407
2025-05-20,SPY,-0.00336205
2025-05-20,TLT,-0.00720504
2025-05-20,UUP,-0.00288914
2025-05-21,EEM,-0.00259131
2025-05-21,GLD,0.00737868
2025-05-21,HYG,-0.00667996
2025-05-21,SPY,-0.01685086
2025-05-21,TLT,-0.01709007
2025-05-21,UUP,-0.00434626
2025-05-22,EEM,-0.00324743
2025-05-22,GLD,-0.00886149
2025-05-22,HYG,0.00203012
2025-05-22,SPY,0.00039473
2025-05-22,TLT,0.00524001
2025-05-22,UUP,0.00291016
2025-05-23,EEM,0.00412676
2025-05-23,GLD,0.02190629
2025-05-23,HYG,-0.00025324
2025-05-23,SPY,-0.00682578
2025-05-23,TLT,0.00165869
2025-05-23,UUP,-0.00725421
2025-05-27,EEM,-0.00237935
2025-05-27,GLD,-0.01694915
2025-05-27,HYG,0.00608007
2025-05-27,SPY,0.02079067
2025-05-27,TLT,0.01395605
2025-05-27,UUP,0.00548045
2025-05-28,EEM,-0.00455335
2025-05-28,GLD,-0.00226602
2025-05-28,HYG,-0.00062969
2025-05-28,SPY,-0.00578554
2025-05-28,TLT,-0.00431576
2025-05-28,UUP,0.0032703
2025-05-29,EEM,0.00370305
2025-05-29,GLD,0.00592472
2025-05-29,HYG,0.00151168
2025-05-29,SPY,0.00394753
2025-05-29,TLT,0.00925478
2025-05-29,UUP,-0.00543288
2025-05-30,EEM,-0.01215289
2025-05-30,GLD,-0.00657694
2025-05-30,HYG,0.00088058
2025-05-30,SPY,-0.00111876
2025-05-30,TLT,0.00150889
2025-05-30,UUP,-0.00036404
2025-06-02,EEM,0.00724948
2025-06-02,GLD,0.02658105
2025-06-02,HYG,-0.00017686
2025-06-02,SPY,0.00563312
2025-06-02,TLT,-0.00930634
2025-06-02,UUP,-0.00692175
2025-06-03,EEM,0.00239916
2025-06-03,GLD,-0.00885555
2025-06-03,HYG,0.00189451
2025-06-03,SPY,0.00570248
2025-06-03,TLT,-0.00176157
2025-06-03,UUP,0.00660314
2025-06-04,EEM,0.01240208
2025-06-04,GLD,0.00644197
2025-06-04,HYG,0.00189072
2025-06-04,SPY,-0.00026835
2025-06-04,TLT,0.01623337
2025-06-04,UUP,-0.00437326
2025-06-05,EEM,0.00515804
2025-06-05,GLD,-0.00504988
2025-06-05,HYG,-0.00213882
2025-06-05,SPY,-0.00483289
2025-06-05,TLT,0.0006946
2025-06-05,UUP,-0.00073203
2025-06-06,EEM,0.00320716
2025-06-06,GLD,-0.01341607
2025-06-06,HYG,-0.00012605
2025-06-06,SPY,0.01026911
2025-06-06,TLT,-0.01272417
2025-06-06,UUP,0.00512826
2025-06-09,EEM,0.00852516
2025-06-09,GLD,0.00471853
2025-06-09,HYG,0.00050406
2025-06-09,SPY,0.00090119
2025-06-09,TLT,0.0010544
2025-06-09,UUP,-0.00255101
2025-06-10,EEM,0.0057058
2025-06-10,GLD,0.00029351
2025-06-10,HYG,0.00239512
2025-06-10,SPY,0.00566973
2025-06-10,TLT,0.00515001
2025-06-10,UUP,0.001096
2025-06-11,EEM,0.00420269
2025-06-11,GLD,0.00541229
2025-06-11,HYG,-0.00025141
2025-06-11,SPY,-0.00285206
2025-06-11,TLT,0.00302736
2025-06-11,UUP,-0.00364961
2025-06-12,EEM,0.00167388
2025-06-12,GLD,0.0124202
2025-06-12,HYG,0.00113172
2025-06-12,SPY,0.00397434
2025-06-12,TLT,0.01195737
2025-06-12,UUP,-0.00732596
2025-06-13,EEM,-0.01587624
2025-06-13,GLD,0.01310056
2025-06-13,HYG,-0.00301506
2025-06-13,SPY,-0.01118007
2025-06-13,TLT,-0.00963652
2025-06-13,UUP,0.00258301
2025-06-16,EEM,0.0122593
2025-06-16,GLD,-0.0142591
2025-06-16,HYG,0.00201598
2025-06-16,SPY,0.00951427
2025-06-16,TLT,-0.01007745
2025-06-16,UUP,0.00110414
2025-06-17,EEM,-0.0131272
2025-06-17,GLD,0.00051319
2025-06-17,HYG,-0.00113147
2025-06-17,SPY,-0.00854498
2025-06-17,TLT,0.01216932
2025-06-17,UUP,0.00661763
2025-06-18,EEM,-0.00021462
2025-06-18,GLD,-0.00538563
2025-06-18,HYG,0.00151065
2025-06-18,SPY,-0.00015088
2025-06-18,TLT,0.00173419
2025-06-18,UUP,0.00182617
2025-06-20,EEM,-0.00579387
2025-06-20,GLD,-0.00041902
2025-06-20,HYG,0.00314293
2025-06-20,SPY,-0.00234839
2025-06-20,TLT,-0.00184648
2025-06-20,UUP,-0.00109375
2025-06-23,EEM,0.00820191
2025-06-23,GLD,0.00306317
2025-06-23,HYG,0.00187938
2025-06-23,SPY,0.00987724
2025-06-23,TLT,0.00323749
2025-06-23,UUP,-0.00401452
2025-06-24,EEM,0.02590452
2025-06-24,GLD,-0.01571938
2025-06-24,HYG,0.00275187
2025-06-24,SPY,0.0110473
2025-06-24,TLT,0.0072604
2025-06-24,UUP,-0.00513013
2025-06-25,EEM,0.00083478
2025-06-25,GLD,0.00303731
2025-06-25,HYG,-0.00024971
2025-06-25,SPY,0.00056045
2025-06-25,TLT,0.00125865
2025-06-25,UUP,-0.00257826
2025-06-26,EEM,0.00667223
2025-06-26,GLD,-0.00110705
2025-06-26,HYG,0.00286964
2025-06-26,SPY,0.00782377
2025-06-26,TLT,0.00502791
2025-06-26,UUP,-0.0040621
2025-06-27,EEM,-0.0039354
2025-06-27,GLD,-0.01812373
2025-06-27,HYG,-0.0004976
2025-06-27,SPY,0.00496822
2025-06-27,TLT,-0.00636722
2025-06-27,UUP,0.00185401
2025-06-30,EEM,0.0031192
2025-06-30,GLD,0.01198455
2025-06-30,HYG,0.00385865
2025-06-30,SPY,0.00478128
2025-06-30,TLT,0.00984089
2025-06-30,UUP,-0.0051814
2025-07-01,EEM,0.00186569
2025-07-01,GLD,0.00892301
2025-07-01,HYG,-0.0012584
2025-07-01,SPY,-0.00032352
2025-07-01,TLT,0.00247947
2025-07-01,UUP,-0.00037197
2025-07-02,EEM,0.00434513
2025-07-02,GLD,0.0055276
2025-07-02,HYG,0.00187092
2025-07-02,SPY,0.0045333
2025-07-02,TLT,-0.00635351
2025-07-02,UUP,-0.00074436
2025-07-03,EEM,0.00453226
2025-07-03,GLD,-0.00682291
2025-07-03,HYG,0.00062268
2025-07-03,SPY,0.00788123
2025-07-03,TLT,-0.00696485
2025-07-03,UUP,0.00484167
2025-07-07,EEM,-0.01415092
2025-07-07,GLD,0.00074878
2025-07-07,HYG,-0.00335928
2025-07-07,SPY,-0.00745188
2025-07-07,TLT,-0.00954379
2025-07-07,UUP,0.00333583
2025-07-08,EEM,0.00624092
2025-07-08,GLD,-0.01044341
2025-07-08,HYG,-0.00137331
2025-07-08,SPY,-0.0005479
2025-07-08,TLT,-0.001277
2025-07-08,UUP,0.00073886
2025-07-09,EEM,-0.00165386
2025-07-09,GLD,0.00447128
2025-07-09,HYG,0.0027503
2025-07-09,SPY,0.00599679
2025-07-09,TLT,0.01046149
2025-07-09,UUP,0.0
2025-07-10,EEM,0.00269197
2025-07-10,GLD,0.00222579
2025-07-10,HYG,-0.00099753
2025-07-10,SPY,0.00282032
2025-07-10,TLT,0.00069041
2025-07-10,UUP,0.00184565
2025-07-11,EEM,-0.00330438
2025-07-11,GLD,0.00960158
2025-07-11,HYG,-0.00124791
2025-07-11,SPY,-0.00351554
2025-07-11,TLT,-0.01379497
2025-07-11,UUP,0.00294769
2025-07-14,EEM,0.00145051
2025-07-14,GLD,-0.00365532
2025-07-14,HYG,0.00074978
2025-07-14,SPY,0.00190836
2025-07-14,TLT,-0.0020981
2025-07-14,UUP,0.0025717
2025-07-15,EEM,0.00724178
2025-07-15,GLD,-0.00415571
2025-07-15,HYG,-0.00299657
2025-07-15,SPY,-0.00427333
2025-07-15,TLT,-0.00700839
2025-07-15,UUP,0.00549652
2025-07-16,EEM,0.00472481
2025-07-16,GLD,0.0049881
2025-07-16,HYG,0.00262989
2025-07-16,SPY,0.00334322
2025-07-16,TLT,0.00141163
2025-07-16,UUP,-0.00364436
2025-07-17,EEM,0.00572476
2025-07-17,GLD,-0.00217353
2025-07-17,HYG,0.0009995
2025-07-17,SPY,0.00611957
2025-07-17,TLT,-0.00023497
2025-07-17,UUP,0.00438911
2025-07-18,EEM,-0.00223615
2025-07-18,GLD,0.00260092
2025-07-18,HYG,0.00137242
2025-07-18,SPY,-0.00073238
2025-07-18,TLT,0.00152729
2025-07-18,UUP,-0.0014566
2025-07-21,EEM,0.00651989
2025-07-21,GLD,0.01537012
2025-07-21,HYG,0.00137064
2025-07-21,SPY,0.00189612
2025-07-21,TLT,0.00891596
2025-07-21,UUP,-0.00656453
2025-07-22,EEM,0.00060727
2025-07-22,GLD,0.00948488
2025-07-22,HYG,0.00174217
2025-07-22,SPY,0.00014316
2025-07-22,TLT,0.0060466
2025-07-22,UUP,-0.00513948
2025-07-23,EEM,0.01011535
2025-07-23,GLD,-0.01240118
2025-07-23,HYG,0.00049687
2025-07-23,SPY,0.00850755
2025-07-23,TLT,-0.00554778
2025-07-23,UUP,-0.00147609
2025-07-24,EEM,-0.00540754
2025-07-24,GLD,-0.00611828
2025-07-24,HYG,-0.00124155
2025-07-24,SPY,0.00033117
2025-07-24,TLT,-0.00174346
2025-07-24,UUP,0.00258683
2025-07-25,EEM,-0.00302067
2025-07-25,GLD,-0.00924999
2025-07-25,HYG,0.00062155
2025-07-25,SPY,0.0042243
2025-07-25,TLT,0.00628715
2025-07-25,UUP,0.00221162
2025-07-28,EEM,-0.00666524
2025-07-28,GLD,-0.00647362
2025-07-28,HYG,-0.00049713
2025-07-28,SPY,-0.00025121
2025-07-28,TLT,-0.00647911
2025-07-28,UUP,0.01140126
2025-07-29,EEM,0.00040673
2025-07-29,GLD,0.00275039
2025-07-29,HYG,0.00062168
2025-07-29,SPY,-0.00263761
2025-07-29,TLT,0.01688578
2025-07-29,UUP,0.00254544
2025-07-30,EEM,-0.00731713
2025-07-30,GLD,-0.0172735
2025-07-30,HYG,-0.00211169
2025-07-30,SPY,-0.00125928
2025-07-30,TLT,-0.00515343
2025-07-30,UUP,0.00979326
2025-07-31,EEM,-0.00573296
2025-07-31,GLD,0.0066454
2025-07-31,HYG,0.0006223
2025-07-31,SPY,-0.00375131
2025-07-31,TLT,0.00057575
2025-07-31,UUP,0.00215514
2025-08-01,EEM,-0.00741349
2025-08-01,GLD,0.02029969
2025-08-01,HYG,5.005e-05
2025-08-01,SPY,-0.0163904
2025-08-01,TLT,0.01421629
2025-08-01,UUP,-0.01182794
2025-08-04,EEM,0.0103734
2025-08-04,GLD,0.00582323
2025-08-04,HYG,0.00337586
2025-08-04,SPY,0.0151998
2025-08-04,TLT,0.00273295
2025-08-04,UUP,-0.00036273
2025-08-05,EEM,0.00287472
2025-08-05,GLD,0.00080409
2025-08-05,HYG,-0.00049835
2025-08-05,SPY,-0.00506987
2025-08-05,TLT,0.00306639
2025-08-05,UUP,0.0
2025-08-06,EEM,0.00470925
2025-08-06,GLD,-0.00212111
2025-08-06,HYG,0.0009972
2025-08-06,SPY,0.00765977
2025-08-06,TLT,-0.00577419
2025-08-06,UUP,-0.00580553
2025-08-07,EEM,0.00835535
2025-08-07,GLD,0.00843799
2025-08-07,HYG,-0.00099621
2025-08-07,SPY,-0.00083766
2025-08-07,TLT,-0.00170784
2025-08-07,UUP,-0.00072989
2025-08-08,EEM,-0.00080838
2025-08-08,GLD,-0.00022358
2025-08-08,HYG,0.00012455
2025-08-08,SPY,0.00779754
2025-08-08,TLT,-0.00433465
2025-08-08,UUP,0.00182617
2025-08-11,EEM,-0.00283169
2025-08-11,GLD,-0.0143747
2025-08-11,HYG,0.0
2025-08-11,SPY,-0.00197765
2025-08-11,TLT,0.00114584
2025-08-11,UUP,0.0040102
2025-08-12,EEM,0.01217043
2025-08-12,GLD,-0.00090747
2025-08-12,HYG,0.00224374
2025-08-12,SPY,0.01064615
2025-08-12,TLT,-0.005035
2025-08-12,UUP,-0.00508356
2025-08-13,EEM,0.01202401
2025-08-13,GLD,0.00304928
2025-08-13,HYG,0.00261198
2025-08-13,SPY,0.00342307
2025-08-13,TLT,0.0082807
2025-08-13,UUP,-0.00255473
2025-08-14,EEM,-0.01227718
2025-08-14,GLD,-0.00633871
2025-08-14,HYG,-0.00260518
2025-08-14,SPY,9.315e-05
2025-08-14,TLT,-0.00741432
2025-08-14,UUP,0.00365903
2025-08-15,EEM,0.00120284
2025-08-15,GLD,0.00058582
2025-08-15,HYG,0.00074634
2025-08-15,SPY,-0.00234126
2025-08-15,TLT,-0.00712464
2025-08-15,UUP,-0.00328111
2025-08-18,EEM,0.005807
2025-08-18,GLD,-0.00156127
2025-08-18,HYG,-0.00074578
2025-08-18,SPY,-0.00021768
2025-08-18,TLT,-0.00289365
2025-08-18,UUP,0.00256034
2025-08-19,EEM,-0.00816247
2025-08-19,GLD,-0.00547328
2025-08-19,HYG,-0.00024881
2025-08-19,SPY,-0.00542511
2025-08-19,TLT,0.005804
2025-08-19,UUP,0.0025538
2025-08-20,EEM,-0.00140501
2025-08-20,GLD,0.01012218
2025-08-20,HYG,-0.00037326
2025-08-20,SPY,-0.0026571
2025-08-20,TLT,0.00219261
2025-08-20,UUP,-0.00072784
2025-08-21,EEM,-0.00221106
2025-08-21,GLD,-0.0034699
2025-08-21,HYG,-0.0018667
2025-08-21,SPY,-0.00401179
2025-08-21,TLT,-0.00495151
2025-08-21,UUP,0.00509838
2025-08-22,EEM,0.01994359
2025-08-22,GLD,0.01070643
2025-08-22,HYG,0.00810492
2025-08-22,SPY,0.01535661
2025-08-22,TLT,0.00740638
2025-08-22,UUP,-0.00978262
2025-08-25,EEM,-0.00572786
2025-08-25,GLD,-0.00241484
2025-08-25,HYG,-0.00197892
2025-08-25,SPY,-0.00440083
2025-08-25,TLT,-0.00287186
2025-08-25,UUP,0.00804975
2025-08-26,EEM,-0.00258243
2025-08-26,GLD,0.00726205
2025-08-26,HYG,0.00223067
2025-08-26,SPY,0.00418687
2025-08-26,TLT,-0.00057616
2025-08-26,UUP,-0.00254082
2025-08-27,EEM,-0.00597493
2025-08-27,GLD,0.00201873
2025-08-27,HYG,0.00123653
2025-08-27,SPY,0.00227855
2025-08-27,TLT,-0.00115251
2025-08-27,UUP,0.00036392
2025-08-28,EEM,0.0038068
2025-08-28,GLD,0.00741904
2025-08-28,HYG,0.00049402
2025-08-28,SPY,0.00354151
2025-08-28,TLT,0.0065781
2025-08-28,UUP,-0.00363773
2025-08-29,EEM,-0.00479033
2025-08-29,GLD,0.0096499
2025-08-29,HYG,-0.0018517
2025-08-29,SPY,-0.00596377
2025-08-29,TLT,-0.0071084
2025-08-29,UUP,-0.00073009
2025-09-02,EEM,-0.0008023
2025-09-02,GLD,0.02364256
2025-09-02,HYG,-0.00108112
2025-09-02,SPY,-0.00741034
2025-09-02,TLT,-0.00744195
2025-09-02,UUP,0.00657645
2025-09-03,EEM,0.00381367
2025-09-03,GLD,0.00783199
2025-09-03,HYG,0.00273666
2025-09-03,SPY,0.00541948
2025-09-03,TLT,0.01097779
2025-09-03,UUP,-0.00181483
2025-09-04,EEM,-0.00319932
2025-09-04,GLD,-0.00441888
2025-09-04,HYG,0.00272929
2025-09-04,SPY,0.00835761
2025-09-04,TLT,0.0076238
2025-09-04,UUP,0.00145455
2025-09-05,EEM,0.01203615
2025-09-05,GLD,0.01334594
2025-09-05,HYG,0.00049495
2025-09-05,SPY,-0.00289633
2025-09-05,TLT,0.01524704
2025-09-05,UUP,-0.00508356
2025-09-08,EEM,0.00911792
2025-09-08,GLD,0.01138807
2025-09-08,HYG,0.0
2025-09-08,SPY,0.00245675
2025-09-08,TLT,0.01332439
2025-09-08,UUP,-0.00328463
2025-09-09,EEM,0.00549986
2025-09-09,GLD,-0.00226991
2025-09-09,HYG,-0.00111296
2025-09-09,SPY,0.00231181
2025-09-09,TLT,-0.0056831
2025-09-09,UUP,0.00402782
2025-09-10,EEM,0.00683734
2025-09-10,GLD,0.00359221
2025-09-10,HYG,0.00074273
2025-09-10,SPY,0.00289075
2025-09-10,TLT,0.00571558
2025-09-10,UUP,0.00072943
2025-09-11,EEM,0.01455182
2025-09-11,GLD,-0.00149138
2025-09-11,HYG,0.00247413
2025-09-11,SPY,0.00831015
2025-09-11,TLT,0.00668596
2025-09-11,UUP,-0.00327991
2025-09-12,EEM,-0.00057378
2025-09-12,GLD,0.00197157
2025-09-12,HYG,-0.00098743
2025-09-12,SPY,-0.00033452
2025-09-12,TLT,-0.00431715
2025-09-12,UUP,0.00146245
2025-09-15,EEM,0.0072713
2025-09-15,GLD,0.01040484
2025-09-15,HYG,0.00284111
2025-09-15,SPY,0.00532382
2025-09-15,TLT,0.00233484
2025-09-15,UUP,-0.00328583
2025-09-16,EEM,0.00740885
2025-09-16,GLD,0.00200641
2025-09-16,HYG,-0.00073928
2025-09-16,SPY,-0.00137675
2025-09-16,TLT,0.00210735
2025-09-16,UUP,-0.00622714
2025-09-17,EEM,0.00433716
2025-09-17,GLD,-0.00771517
2025-09-17,HYG,-0.00098584
2025-09-17,SPY,-0.00124245
2025-09-17,TLT,-0.00254581
2025-09-17,UUP,0.00331739
2025-09-18,EEM,-0.00244077
2025-09-18,GLD,-0.00400631
2025-09-18,HYG,0.00222087
2025-09-18,SPY,0.00467256
2025-09-18,TLT,-0.01031955
2025-09-18,UUP,0.00477593
2025-09-19,EEM,-0.00225868
2025-09-19,GLD,0.01060723
2025-09-19,HYG,0.00036941
2025-09-19,SPY,0.00495284
2025-09-19,TLT,-0.00190608
2025-09-19,UUP,0.00292505
2025-09-22,EEM,0.00490471
2025-09-22,GLD,0.01730643
2025-09-22,HYG,0.00073824
2025-09-22,SPY,0.00473109
2025-09-22,TLT,-0.00359464
2025-09-22,UUP,-0.00364569
2025-09-23,EEM,0.00056315
2025-09-23,GLD,0.00408638
2025-09-23,HYG,-0.0007377
2025-09-23,SPY,-0.00544357
2025-09-23,TLT,0.0069896
2025-09-23,UUP,-0.00073176
2025-09-24,EEM,-0.00337706
2025-09-24,GLD,-0.00906305
2025-09-24,HYG,-0.00135383
2025-09-24,SPY,-0.00318157
2025-09-24,TLT,-0.00380643
2025-09-24,UUP,0.00732335
2025-09-25,EEM,-0.00583586
2025-09-25,GLD,0.00416519
2025-09-25,HYG,-0.00283426
2025-09-25,SPY,-0.00461354
2025-09-25,TLT,0.0
2025-09-25,UUP,0.00690658
2025-09-26,EEM,-0.00189359
2025-09-26,GLD,0.00577227
2025-09-26,HYG,0.00197719
2025-09-26,SPY,0.00572901
2025-09-26,TLT,-0.00089888
2025-09-26,UUP,-0.00361015
2025-09-29,EEM,0.0091064
2025-09-29,GLD,0.01649651
2025-09-29,HYG,0.00172683
2025-09-29,SPY,0.00281053
2025-09-29,TLT,0.00821122
2025-09-29,UUP,-0.00217388
2025-09-30,EEM,0.00394819
2025-09-30,GLD,0.00854
2025-09-30,HYG,-0.00036935
2025-09-30,SPY,0.00376671
2025-09-30,TLT,-0.00290054
2025-09-30,UUP,-0.00108931
2025-10-01,EEM,0.00786511
2025-10-01,GLD,0.00157537
2025-10-01,HYG,0.00186838
2025-10-01,SPY,0.00340761
2025-10-01,TLT,0.00258242
2025-10-01,UUP,-0.00036352
2025-10-02,EEM,0.00464509
2025-10-02,GLD,-0.00348283
2025-10-02,HYG,-0.0003702
2025-10-02,SPY,0.00115182
2025-10-02,TLT,0.00291204
2025-10-02,UUP,0.00145455
2025-10-03,EEM,0.00295917
2025-10-03,GLD,0.00803294
2025-10-03,HYG,-0.00111231
2025-10-03,SPY,-1.484e-05
2025-10-03,TLT,-0.00189852
2025-10-03,UUP,-0.00181556
2025-10-06,EEM,0.00460997
2025-10-06,GLD,0.01884574
2025-10-06,HYG,0.00024733
2025-10-06,SPY,0.00358624
2025-10-06,TLT,-0.00794345
2025-10-06,UUP,0.00472902
2025-10-07,EEM,-0.00770919
2025-10-07,GLD,0.00515946
2025-10-07,HYG,-0.00111288
2025-10-07,SPY,-0.00370735
2025-10-07,TLT,0.00575171
2025-10-07,UUP,0.00579292
2025-10-08,EEM,0.00795413
2025-10-08,GLD,0.01649096
2025-10-08,HYG,-0.00148589
2025-10-08,SPY,0.00596293
2025-10-08,TLT,0.00078472
2025-10-08,UUP,0.0021598
2025-10-09,EEM,-0.01027718
2025-10-09,GLD,-0.01845285
2025-10-09,HYG,-0.00285169
2025-10-09,SPY,-0.00289693
2025-10-09,TLT,-0.00078411
2025-10-09,UUP,0.00682471
2025-10-10,EEM,-0.03689968
2025-10-10,GLD,0.0100977
2025-10-10,HYG,-0.00584435
2025-10-10,SPY,-0.02702787
2025-10-10,TLT,0.01614696
2025-10-10,UUP,-0.0049947
2025-10-13,EEM,0.02907203
2025-10-13,GLD,0.02430104
2025-10-13,HYG,0.00625389
2025-10-13,SPY,0.01534405
2025-10-13,TLT,-0.00055192
2025-10-13,UUP,0.00358556
2025-10-14,EEM,-0.00898033
2025-10-14,GLD,0.00714119
2025-10-14,HYG,0.00111885
2025-10-14,SPY,-0.00122161
2025-10-14,TLT,0.00320222
2025-10-14,UUP,-0.00285817
2025-10-15,EEM,0.0164244
2025-10-15,GLD,0.0173324
2025-10-15,HYG,0.00322822
2025-10-15,SPY,0.00443947
2025-10-15,TLT,-0.00220134
2025-10-15,UUP,-0.00286636
2025-10-16,EEM,0.00650066
2025-10-16,GLD,0.02338728
2025-10-16,HYG,-0.00358906
2025-10-16,SPY,-0.00681017
2025-10-16,TLT,0.00750065
2025-10-16,UUP,-0.00395256
2025-10-17,EEM,-0.00018453
2025-10-17,GLD,-0.01881706
2025-10-17,HYG,0.002608
2025-10-17,SPY,0.00567629
2025-10-17,TLT,-0.00153285
2025-10-17,UUP,0.00108224
2025-10-20,EEM,0.0136582
2025-10-20,GLD,0.03640197
2025-10-20,HYG,0.00198241
2025-10-20,SPY,0.01040051
2025-10-20,TLT,0.00383784
2025-10-20,UUP,0.00252251
2025-10-21,EEM,-0.01110696
2025-10-21,GLD,-0.06426889
2025-10-21,HYG,-0.00148377
2025-10-21,SPY,-1.498e-05
2025-10-21,TLT,0.00491519
2025-10-21,UUP,0.00395405
2025-10-22,EEM,-0.00092075
2025-10-22,GLD,0.00010606
2025-10-22,HYG,-0.00099041
2025-10-22,SPY,-0.00519896
2025-10-22,TLT,0.00065229
2025-10-22,UUP,-0.00107417
2025-10-23,EEM,0.00884634
2025-10-23,GLD,0.00400236
2025-10-23,HYG,0.00223082
2025-10-23,SPY,0.00593
2025-10-23,TLT,-0.00684329
2025-10-23,UUP,0.00035844
2025-10-24,EEM,0.00657652
2025-10-24,GLD,-0.00335283
2025-10-24,HYG,0.0027207
2025-10-24,SPY,0.00817255
2025-10-24,TLT,0.00043745
2025-10-24,UUP,0.0
2025-10-27,EEM,0.01107081
2025-10-27,GLD,-0.02783953
2025-10-27,HYG,0.00246681
2025-10-27,SPY,0.01179763
2025-10-27,TLT,0.00338899
2025-10-27,UUP,-0.00107494
2025-10-28,EEM,-0.00035906
2025-10-28,GLD,-0.00716603
2025-10-28,HYG,-0.00098438
2025-10-28,SPY,0.00265604
2025-10-28,TLT,0.00261479
2025-10-28,UUP,-0.00071726
2025-10-29,EEM,0.0057461
2025-10-29,GLD,-0.00378727
2025-10-29,HYG,-0.00307881
2025-10-29,SPY,0.00048022
2025-10-29,TLT,-0.01010639
2025-10-29,UUP,0.00574295
2025-10-30,EEM,-0.01035527
2025-10-30,GLD,0.01964189
2025-10-30,HYG,-0.00185273
2025-10-30,SPY,-0.01099786
2025-10-30,TLT,-0.00581845
2025-10-30,UUP,0.00392576
2025-10-31,EEM,-0.00234529
2025-10-31,GLD,-0.00543055
2025-10-31,HYG,0.0
2025-10-31,SPY,0.0032802
2025-10-31,TLT,-0.00298148
2025-10-31,UUP,0.00284395
2025-11-03,EEM,0.00632917
2025-11-03,GLD,0.0017929
2025-11-03,HYG,-0.00310987
2025-11-03,SPY,0.00187661
2025-11-03,TLT,-0.00250091
2025-11-03,UUP,0.00070894
2025-11-04,EEM,-0.01832889
2025-11-04,GLD,-0.0175172
2025-11-04,HYG,0.00012477
2025-11-04,SPY,-0.01185364
2025-11-04,TLT,0.00222868
2025-11-04,UUP,0.00318812
2025-11-05,EEM,0.0089694
2025-11-05,GLD,0.01156437
2025-11-05,HYG,0.00099821
2025-11-05,SPY,0.0034654
2025-11-05,TLT,-0.01089608
2025-11-05,UUP,0.00035313
2025-11-06,EEM,-0.00743834
2025-11-06,GLD,-0.00120052
2025-11-06,HYG,0.00037378
2025-11-06,SPY,-0.01072915
2025-11-06,TLT,0.00899278
2025-11-06,UUP,-0.00529474
2025-11-07,EEM,-0.00292448
2025-11-07,GLD,0.00611902
2025-11-07,HYG,0.00087206
2025-11-07,SPY,0.00098443
2025-11-07,TLT,-0.00211678
2025-11-07,UUP,-0.00070976
2025-11-10,EEM,0.01759848
2025-11-10,GLD,0.02734112
2025-11-10,HYG,0.00336114
2025-11-10,SPY,0.01560432
2025-11-10,TLT,-0.00022318
2025-11-10,UUP,0.00071026
2025-11-11,EEM,0.00108092
2025-11-11,GLD,0.00393781
2025-11-11,HYG,0.00111679
2025-11-11,SPY,0.00228934
2025-11-11,TLT,0.00457847
2025-11-11,UUP,-0.00141945
2025-11-12,EEM,0.00017995
2025-11-12,GLD,0.01611076
2025-11-12,HYG,-0.00198296
2025-11-12,SPY,0.00055633
2025-11-12,TLT,0.00177846
2025-11-12,UUP,0.00035531
2025-11-13,EEM,-0.01169479
2025-11-13,GLD,-0.0080831
2025-11-13,HYG,-0.00409797
2025-11-13,SPY,-0.01659395
2025-11-13,TLT,-0.00821132
2025-11-13,UUP,-0.00284186
2025-11-14,EEM,0.00054613
2025-11-14,GLD,-0.01804791
2025-11-14,HYG,0.00024945
2025-11-14,SPY,-0.00016377
2025-11-14,TLT,-0.00570596
2025-11-14,UUP,0.00142501
2025-11-17,EEM,-0.01182672
2025-11-17,GLD,-0.01146398
2025-11-17,HYG,-0.00162065
2025-11-17,SPY,-0.00931644
2025-11-17,TLT,0.00247552
2025-11-17,UUP,0.00249021
2025-11-18,EEM,-0.00497157
2025-11-18,GLD,0.00726493
2025-11-18,HYG,0.00024989
2025-11-18,SPY,-0.00839746
2025-11-18,TLT,-0.0003367
2025-11-18,UUP,0.00106457
2025-11-19,EEM,-0.00351593
2025-11-19,GLD,0.00162945
2025-11-19,HYG,0.00049935
2025-11-19,SPY,0.00386305
2025-11-19,TLT,-0.00202115
2025-11-19,UUP,0.0063807
2025-11-20,EEM,-0.01374182
2025-11-20,GLD,-0.00029333
2025-11-20,HYG,-0.00062396
2025-11-20,SPY,-0.01524218
2025-11-20,TLT,0.00393799
2025-11-20,UUP,0.00070451
2025-11-21,EEM,-0.00018828
2025-11-21,GLD,-0.00154733
2025-11-21,HYG,0.00337079
2025-11-21,SPY,0.0099612
2025-11-21,TLT,0.0030259
2025-11-21,UUP,-0.00070401
2025-11-24,EEM,0.01054613
2025-11-24,GLD,0.01584424
2025-11-24,HYG,0.00273742
2025-11-24,SPY,0.01471855
2025-11-24,TLT,0.00569813
2025-11-24,UUP,0.0
2025-11-25,EEM,0.00354076
2025-11-25,GLD,-0.00031569
2025-11-25,HYG,0.00347447
2025-11-25,SPY,0.00940594
2025-11-25,TLT,0.00255534
2025-11-25,UUP,-0.0028179
2025-11-26,EEM,0.00724245
2025-11-26,GLD,0.00799834
2025-11-26,HYG,0.00098903
2025-11-26,SPY,0.00690354
2025-11-26,TLT,0.00443283
2025-11-26,UUP,-0.00282586
2025-11-28,EEM,0.00147487
2025-11-28,GLD,0.01242433
2025-11-28,HYG,0.00049417
2025-11-28,SPY,0.00545837
2025-11-28,TLT,-0.00474412
2025-11-28,UUP,-0.00070843
2025-12-01,EEM,-0.00073635
2025-12-01,GLD,0.00482107
2025-12-01,HYG,-0.00179868
2025-12-01,SPY,-0.00456543
2025-12-01,TLT,-0.01244882
2025-12-01,UUP,-0.00035443
2025-12-02,EEM,0.00036845
2025-12-02,GLD,-0.00644005
2025-12-02,HYG,0.00186406
2025-12-02,SPY,0.00185216
2025-12-02,TLT,0.00045056
2025-12-02,UUP,-0.00035463
2025-12-03,EEM,0.00073669
2025-12-03,GLD,-0.00092962
2025-12-03,HYG,0.00086852
2025-12-03,SPY,0.00346284
2025-12-03,TLT,0.00281511
2025-12-03,UUP,-0.00496635
2025-12-04,EEM,-0.00018402
2025-12-04,GLD,0.0006462
2025-12-04,HYG,0.00074343
2025-12-04,SPY,0.00073115
2025-12-04,TLT,-0.0053896
2025-12-04,UUP,0.00213908
2025-12-05,EEM,0.00754642
2025-12-05,GLD,-0.00178235
2025-12-05,HYG,0.0
2025-12-05,SPY,0.00189942
2025-12-05,TLT,-0.00462869
2025-12-05,UUP,-0.00106729
2025-12-08,EEM,-0.00219225
2025-12-08,GLD,-0.00263945
2025-12-08,HYG,-0.00247673
2025-12-08,SPY,-0.0030042
2025-12-08,TLT,-0.00328907
2025-12-08,UUP,0.00142458
2025-12-09,EEM,-0.00164769
2025-12-09,GLD,0.0051372
2025-12-09,HYG,-0.00111739
2025-12-09,SPY,-0.0008631
2025-12-09,TLT,0.00102415
2025-12-09,UUP,0.00142241
2025-12-10,EEM,0.01118646
2025-12-10,GLD,0.00425915
2025-12-10,HYG,0.00335581
2025-12-10,SPY,0.00663208
2025-12-10,TLT,0.003865
2025-12-10,UUP,-0.0053267
2025-12-11,EEM,-0.00471524
2025-12-11,GLD,0.01076983
2025-12-11,HYG,-0.00012408
2025-12-11,SPY,0.00232707
2025-12-11,TLT,-0.00135889
2025-12-11,UUP,-0.00357013
2025-12-12,EEM,-0.01166175
2025-12-12,GLD,0.00559458
2025-12-12,HYG,-0.00185839
2025-12-12,SPY,-0.01075201
2025-12-12,TLT,-0.00963823
2025-12-12,UUP,0.00143318
2025-12-15,EEM,-0.00294989
2025-12-15,GLD,0.00091034
2025-12-15,HYG,0.00049679
2025-12-15,SPY,-0.00151094
2025-12-15,TLT,0.0006869
2025-12-15,UUP,-0.00071553
2025-12-16,EEM,-0.00632071
2025-12-16,GLD,0.00022746
2025-12-16,HYG,0.00062021
2025-12-16,SPY,-0.00273227
2025-12-16,TLT,0.00549197
2025-12-16,UUP,-0.00107417
2025-12-17,EEM,-0.00717255
2025-12-17,GLD,0.00858823
2025-12-17,HYG,-0.00123975
2025-12-17,SPY,-0.01100356
2025-12-17,TLT,-0.00091033
2025-12-17,UUP,0.00215051
2025-12-18,EEM,0.01140691
2025-12-18,GLD,-0.0018032
2025-12-18,HYG,0.00273055
2025-12-18,SPY,0.00755127
2025-12-18,TLT,0.00478364
2025-12-18,UUP,0.00071534
2025-12-19,EEM,0.00977443
2025-12-19,GLD,0.00112899
2025-12-19,HYG,-0.00048489
2025-12-19,SPY,0.00906349
2025-12-19,TLT,-0.00373231
2025-12-19,UUP,0.00321661
2025-12-22,EEM,0.00539831
2025-12-22,GLD,0.02308161
2025-12-22,HYG,0.00087099
2025-12-22,SPY,0.00622982
2025-12-22,TLT,-0.00217034
2025-12-22,UUP,-0.0041631
2025-12-23,EEM,0.00555456
2025-12-23,GLD,0.01325234
2025-12-23,HYG,0.00074619
2025-12-23,SPY,0.00457043
2025-12-23,TLT,0.0016026
2025-12-23,UUP,-0.00332964
2025-12-24,EEM,0.00202536
2025-12-24,GLD,-0.00413408
2025-12-24,HYG,0.00186353
2025-12-24,SPY,0.00351774
2025-12-24,TLT,0.00605708
2025-12-24,UUP,0.0003712
2025-12-26,EEM,0.00698275
2025-12-26,GLD,0.01167674
2025-12-26,HYG,-0.000496
2025-12-26,SPY,-0.00010139
2025-12-26,TLT,-0.00329436
2025-12-26,UUP,0.00074206
2025-12-29,EEM,-0.00255472
2025-12-29,GLD,-0.0435283
2025-12-29,HYG,0.00037216
2025-12-29,SPY,-0.00356368
2025-12-29,TLT,0.00376113
2025-12-29,UUP,0.00037079
2025-12-30,EEM,0.00402485
2025-12-30,GLD,0.00072757
2025-12-30,HYG,0.00099231
2025-12-30,SPY,-0.00122121
2025-12-30,TLT,-0.00238444
2025-12-30,UUP,0.0025945
2025-12-31,EEM,-0.00309766
2025-12-31,GLD,-0.00646799
2025-12-31,HYG,-0.00099133
2025-12-31,SPY,-0.0074089
2025-12-31,TLT,-0.00796723
2025-12-31,UUP,-0.00073932
2026-01-02,EEM,0.02796568
2026-01-02,GLD,0.00497086
2026-01-02,HYG,0.00049616
2026-01-02,SPY,0.00183303
2026-01-02,TLT,-0.00149151
2026-01-02,UUP,0.00295967
2026-01-05,EEM,0.01102412
2026-01-05,GLD,0.02631317
2026-01-05,HYG,0.00260304
2026-01-05,SPY,0.00666018
2026-01-05,TLT,0.00494089
2026-01-05,UUP,-0.0014755
2026-01-06,EEM,0.00738655
2026-01-06,GLD,0.01081315
2026-01-06,HYG,0.00024731
2026-01-06,SPY,0.00594717
2026-01-06,TLT,-0.00205811
2026-01-06,UUP,0.00332472
2026-01-07,EEM,-0.00750698
2026-01-07,GLD,-0.00955995
2026-01-07,HYG,-0.00024725
2026-01-07,SPY,-0.00322341
2026-01-07,TLT,0.0058433
2026-01-07,UUP,0.00147279
2026-01-08,EEM,0.00035182
2026-01-08,GLD,0.00552252
2026-01-08,HYG,0.00074203
2026-01-08,SPY,-0.00010151
2026-01-08,TLT,-0.00501216
2026-01-08,UUP,0.00257352
2026-01-09,EEM,0.00474768
2026-01-09,GLD,0.007242
2026-01-09,HYG,0.00074109
2026-01-09,SPY,0.00661339
2026-01-09,TLT,0.0066401
2026-01-09,UUP,0.0022002
2026-01-12,EEM,0.01400065
2026-01-12,GLD,0.01872273
2026-01-12,HYG,0.00049399
2026-01-12,SPY,0.00157043
2026-01-12,TLT,-0.00295689
2026-01-12,UUP,-0.00182946
2026-01-13,EEM,-0.00742147
2026-01-13,GLD,-0.00142104
2026-01-13,HYG,0.0
2026-01-13,SPY,-0.00199952
2026-01-13,TLT,0.00171104
2026-01-13,UUP,0.00256597
2026-01-14,EEM,0.00417324
2026-01-14,GLD,0.01022223
2026-01-14,HYG,0.0
2026-01-14,SPY,-0.00491522
2026-01-14,TLT,0.00580737
2026-01-14,UUP,-0.00073128
2026-01-15,EEM,0.00588744
2026-01-15,GLD,-0.00612766
2026-01-15,HYG,0.0
2026-01-15,SPY,0.00272329
2026-01-15,TLT,-0.00022651
2026-01-15,UUP,0.003659
2026-01-16,EEM,-0.00378726
2026-01-16,GLD,-0.00481888
2026-01-16,HYG,0.00061696
2026-01-16,SPY,-0.00083794
2026-01-16,TLT,-0.00577506
2026-01-16,UUP,0.0
2026-01-20,EEM,-0.00967683
2026-01-20,GLD,0.03783617
2026-01-20,HYG,-0.00258985
2026-01-20,SPY,-0.02035684
2026-01-20,TLT,-0.01309811
2026-01-20,UUP,-0.00802046
2026-01-21,EEM,0.01657651
2026-01-21,GLD,0.01456898
2026-01-21,HYG,0.00296754
2026-01-21,SPY,0.01154117
2026-01-21,TLT,0.00761697
2026-01-21,UUP,0.00220512
2026-01-22,EEM,0.00755236
2026-01-22,GLD,0.01846258
2026-01-22,HYG,0.00073945
2026-01-22,SPY,0.00522321
2026-01-22,TLT,0.00435235
2026-01-22,UUP,-0.00440047
2026-01-23,EEM,0.00630325
2026-01-23,GLD,0.0137453
2026-01-23,HYG,-0.0004925
2026-01-23,SPY,0.00036274
2026-01-23,TLT,0.00273683
2026-01-23,UUP,-0.00883977
2026-01-26,EEM,0.00169285
2026-01-26,GLD,0.01462885
2026-01-26,HYG,0.00049274
2026-01-26,SPY,0.00507826
2026-01-26,TLT,0.00477646
2026-01-26,UUP,-0.00483089
2026-01-27,EEM,0.01977357
2026-01-27,GLD,0.02453194
2026-01-27,HYG,-0.0001231
2026-01-27,SPY,0.00398411
2026-01-27,TLT,-0.00622509
2026-01-27,UUP,-0.01157585
2026-01-28,EEM,0.00679481
2026-01-28,GLD,0.03877335
2026-01-28,HYG,-0.00160149
2026-01-28,SPY,-0.00010065
2026-01-28,TLT,-0.00227792
2026-01-28,UUP,0.00604457
2026-01-29,EEM,-0.00510285
2026-01-29,GLD,0.00270947
2026-01-29,HYG,-0.00012331
2026-01-29,SPY,-0.00198435
2026-01-29,TLT,0.00022839
2026-01-29,UUP,-0.00150203
2026-01-30,EEM,-0.02217078
2026-01-30,GLD,-0.10274245
2026-01-30,HYG,0.00111065
2026-01-30,SPY,-0.00298245
2026-01-30,TLT,-0.00559265
2026-01-30,UUP,0.00977812
2026-02-02,EEM,0.00304569
2026-02-02,GLD,-0.04004946
2026-02-02,HYG,0.00060701
2026-02-02,SPY,0.00497121
2026-02-02,TLT,-0.00285691
2026-02-02,UUP,0.00521413
2026-02-03,EEM,0.00539809
2026-02-03,GLD,0.06358721
2026-02-03,HYG,-0.00061912
2026-02-03,SPY,-0.00845542
2026-02-03,TLT,0.00242633
2026-02-03,UUP,-0.00259354
2026-02-04,EEM,-0.01342277
2026-02-04,GLD,-0.00070441
2026-02-04,HYG,-0.00123891
2026-02-04,SPY,-0.00484384
2026-02-04,TLT,-0.00253578
2026-02-04,UUP,0.00334324
2026-02-05,EEM,-0.00459184
2026-02-05,GLD,-0.02663171
2026-02-05,HYG,-0.00111632
2026-02-05,SPY,-0.01248928
2026-02-05,TLT,0.01086219
2026-02-05,UUP,0.00296186
2026-02-06,EEM,0.02631128
2026-02-06,GLD,0.03073229
2026-02-06,HYG,0.00347696
2026-02-06,SPY,0.01918477
2026-02-06,TLT,0.00068584
2026-02-06,UUP,-0.00295312
2026-02-09,EEM,0.00732479
2026-02-09,GLD,0.02540291
2026-02-09,HYG,0.00136128
2026-02-09,SPY,0.00482176
2026-02-09,TLT,-0.00022867
2026-02-09,UUP,-0.00814511
2026-02-10,EEM,0.00148736
2026-02-10,GLD,-0.00991372
2026-02-10,HYG,-0.0009887
2026-02-10,SPY,-0.00263714
2026-02-10,TLT,0.01154032
2026-02-10,UUP,0.00037321
2026-02-11,EEM,0.01584159
2026-02-11,GLD,0.01131058
2026-02-11,HYG,-0.0001236
2026-02-11,SPY,-0.00023107
2026-02-11,TLT,-0.00530901
2026-02-11,UUP,0.00111943
2026-02-12,EEM,-0.01137102
2026-02-12,GLD,-0.03472829
2026-02-12,HYG,-0.00049485
2026-02-12,SPY,-0.01544882
2026-02-12,TLT,0.01328648
2026-02-12,UUP,-0.00037273
2026-02-13,EEM,0.0042721
2026-02-13,GLD,0.02487866
2026-02-13,HYG,0.00074245
2026-02-13,SPY,0.00070444
2026-02-13,TLT,0.00549135
2026-02-13,UUP,0.0
2026-02-17,EEM,-0.00409031
2026-02-17,GLD,-0.03117025
2026-02-17,HYG,-0.00049463
2026-02-17,SPY,0.00161352
2026-02-17,TLT,0.00167198
2026-02-17,UUP,0.00335571
2026-02-18,EEM,0.00525709
2026-02-18,GLD,0.02248993
2026-02-18,HYG,0.00123763
2026-02-18,SPY,0.0050377
2026-02-18,TLT,-0.00378332
2026-02-18,UUP,0.00631736
2026-02-19,EEM,-0.00245136
2026-02-19,GLD,0.00279305
2026-02-19,HYG,0.00037077
2026-02-19,SPY,-0.00263735
2026-02-19,TLT,0.00100538
2026-02-19,UUP,0.00147714
2026-02-20,EEM,0.02129751
2026-02-20,GLD,0.0197145
2026-02-20,HYG,0.00074117
2026-02-20,SPY,0.00723183
2026-02-20,TLT,-0.00234339
2026-02-20,UUP,-0.00110622
2026-02-23,EEM,-0.01106833
2026-02-23,GLD,0.0270155
2026-02-23,HYG,-0.00160479
2026-02-23,SPY,-0.01021138
2026-02-23,TLT,0.00369098
2026-02-23,UUP,0.0
2026-02-24,EEM,0.01573399
2026-02-24,GLD,-0.0138589
2026-02-24,HYG,-0.00074211
2026-02-24,SPY,0.0072685
2026-02-24,TLT,0.00178283
2026-02-24,UUP,0.0007383
2026-02-25,EEM,0.01101884
2026-02-25,GLD,-0.00250726
2026-02-25,HYG,0.00136128
2026-02-25,SPY,0.00843832
2026-02-25,TLT,0.00011129
2026-02-25,UUP,-0.00110663
2026-02-26,EEM,-0.00947717
2026-02-26,GLD,0.00857589
2026-02-26,HYG,-0.00086522
2026-02-26,SPY,-0.00555448
2026-02-26,TLT,0.00400393
2026-02-26,UUP,0.00073857
2026-02-27,EEM,-0.002073
2026-02-27,GLD,0.01313142
2026-02-27,HYG,-0.00160777
2026-02-27,SPY,-0.00480191
2026-02-27,TLT,0.00609273
2026-02-27,UUP,-0.00073802
2026-03-02,EEM,-0.01725794
2026-03-02,GLD,0.0129199
2026-03-02,HYG,-0.0005728
2026-03-02,SPY,0.0005685
2026-03-02,TLT,-0.01004199
2026-03-02,UUP,0.00923191
2026-03-03,EEM,-0.05008133
2026-03-03,GLD,-0.04461222
2026-03-03,HYG,-0.00199288
2026-03-03,SPY,-0.00881427
2026-03-03,TLT,-0.00200861
2026-03-03,UUP,0.00475665
2026-03-04,EEM,0.01078399
2026-03-04,GLD,0.00781812
2026-03-04,HYG,0.00349485
2026-03-04,SPY,0.00705543
2026-03-04,TLT,-0.00313101
2026-03-04,UUP,-0.0018208
2026-03-05,EEM,-0.02404738
2026-03-05,GLD,-0.01201777
2026-03-05,HYG,-0.0039803
2026-03-05,SPY,-0.00557569
2026-03-05,TLT,-0.00403813
2026-03-05,UUP,0.0025538
2026-03-06,EEM,-0.00537918
2026-03-06,GLD,0.0158325
2026-03-06,HYG,-0.00487018
2026-03-06,SPY,-0.01310717
2026-03-06,TLT,-0.0037167
2026-03-06,UUP,-0.00036391
2026-03-09,EEM,0.01971389
2026-03-09,GLD,-0.00206967
2026-03-09,HYG,0.0060236
2026-03-09,SPY,0.00876003
2026-03-09,TLT,0.00870457
2026-03-09,UUP,-0.00036404
2026-03-10,EEM,0.00393496
2026-03-10,GLD,0.01127968
2026-03-10,HYG,-0.00162167
2026-03-10,SPY,-0.00160702
2026-03-10,TLT,-0.01064662
2026-03-10,UUP,-0.0003641
2026-03-11,EEM,0.00255628
2026-03-11,GLD,-0.0033901
2026-03-11,HYG,-0.00224889
2026-03-11,SPY,-0.00125516
2026-03-11,TLT,-0.01291364
2026-03-11,UUP,0.00364293
2026-03-12,EEM,-0.03195653
2026-03-12,GLD,-0.01965393
2026-03-12,HYG,-0.00638607
2026-03-12,SPY,-0.01518493
2026-03-12,TLT,-0.00195076
2026-03-12,UUP,0.00471873
2026-03-13,EEM,-0.00263387
2026-03-13,GLD,-0.01293696
2026-03-13,HYG,-0.00189053
2026-03-13,SPY,-0.00566015
2026-03-13,TLT,-0.00494411
2026-03-13,UUP,0.00758667
2026-03-16,EEM,0.02781691
2026-03-16,GLD,-0.00088969
2026-03-16,HYG,0.00315672
2026-03-16,SPY,0.01017687
2026-03-16,TLT,0.0077419
2026-03-16,UUP,-0.00573682
2026-03-17,EEM,0.00633774
2026-03-17,GLD,-0.00251939
2026-03-17,HYG,0.00453097
2026-03-17,SPY,0.00263055
2026-03-17,TLT,0.002752
2026-03-17,UUP,-0.00180307
2026-03-18,EEM,-0.02025524
2026-03-18,GLD,-0.03163716
2026-03-18,HYG,-0.00513692
2026-03-18,SPY,-0.01395372
2026-03-18,TLT,-0.0056032
2026-03-18,UUP,0.00614162
2026-03-19,EEM,0.0010423
2026-03-19,GLD,-0.04121506
2026-03-19,HYG,0.0032745
2026-03-19,SPY,-0.00246436
2026-03-19,TLT,0.0060948
2026-03-19,UUP,-0.00969481
2026-03-20,EEM,-0.03436306
2026-03-20,GLD,-0.03055744
2026-03-20,HYG,-0.00928957
2026-03-20,SPY,-0.01433568
2026-03-20,TLT,-0.01897362
2026-03-20,UUP,0.00362583
2026-03-23,EEM,0.03001439
2026-03-23,GLD,-0.02259421
2026-03-23,HYG,0.00658902
2026-03-23,SPY,0.01049996
2026-03-23,TLT,0.00652459
2026-03-23,UUP,-0.00433529
2026-03-24,EEM,-0.01378469
2026-03-24,GLD,0.00022274
2026-03-24,HYG,-0.00339871
2026-03-24,SPY,-0.00335682
2026-03-24,TLT,-0.00439872
2026-03-24,UUP,0.00326561
2026-03-25,EEM,0.01592352
2026-03-25,GLD,0.03008934
2026-03-25,HYG,0.00315762
2026-03-25,SPY,0.00557272
2026-03-25,TLT,0.00964996
2026-03-25,UUP,0.00180836
2026-03-26,EEM,-0.03396019
2026-03-26,GLD,-0.03759397
2026-03-26,HYG,-0.00629566
2026-03-26,SPY,-0.01785871
2026-03-26,TLT,-0.00840602
2026-03-26,UUP,0.00397107
2026-03-27,EEM,-0.0048675
2026-03-27,GLD,0.03509384
2026-03-27,HYG,-0.00253418
2026-03-27,SPY,-0.01705192
2026-03-27,TLT,-0.00545824
2026-03-27,UUP,0.00107877
2026-03-30,EEM,-0.00815219
2026-03-30,GLD,-0.00028943
2026-03-30,HYG,0.0011432
2026-03-30,SPY,-0.00334337
2026-03-30,TLT,0.01331146
2026-03-30,UUP,0.00502871
2026-03-31,EEM,0.03726024
2026-03-31,GLD,0.03789383
2026-03-31,HYG,0.00951663
2026-03-31,SPY,0.02906783
2026-03-31,TLT,-0.00103706
2026-03-31,UUP,-0.00714792
2026-04-01,EEM,0.00774785
2026-04-01,GLD,0.01749982
2026-04-01,HYG,0.00245026
2026-04-01,SPY,0.00753452
2026-04-01,TLT,-0.00098442
2026-04-01,UUP,-0.0017999
2026-04-02,EEM,-0.01118297
2026-04-02,GLD,-0.01920882
2026-04-02,HYG,0.00239377
2026-04-02,SPY,0.00090045
2026-04-02,TLT,0.00614425
2026-04-02,UUP,0.0046881
2026-04-06,EEM,0.00918897
2026-04-06,GLD,-0.00409867
2026-04-06,HYG,0.00175978
2026-04-06,SPY,0.00472689
2026-04-06,TLT,-0.00161309
2026-04-06,UUP,-0.00107684
2026-04-07,EEM,0.00350197
2026-04-07,GLD,0.00972759
2026-04-07,HYG,0.00025087
2026-04-07,SPY,0.00043998
2026-04-07,TLT,-0.00011543
2026-04-07,UUP,-0.00287459
2026-04-08,EEM,0.05461525
2026-04-08,GLD,0.00629907
2026-04-08,HYG,0.00589565
2026-04-08,SPY,0.0254696
2026-04-08,TLT,0.00323186
2026-04-08,UUP,-0.0079279
2026-04-09,EEM,-0.00264724
2026-04-09,GLD,0.00777853
2026-04-09,HYG,0.00112221
2026-04-09,SPY,0.00576901
2026-04-09,TLT,-0.00253119
2026-04-09,UUP,-0.00181624
2026-04-10,EEM,0.004645
2026-04-10,GLD,-0.00178119
2026-04-10,HYG,-0.00398591
2026-04-10,SPY,-0.0006617
2026-04-10,TLT,-0.00242215
2026-04-10,UUP,-0.00145557
2026-04-13,EEM,0.00842139
2026-04-13,GLD,-0.00404918
2026-04-13,HYG,0.0037519
2026-04-13,SPY,0.00977243
2026-04-13,TLT,0.00300627
2026-04-13,UUP,-0.00218664
2026-04-14,EEM,0.01915837
2026-04-14,GLD,0.02234935
2026-04-14,HYG,0.00299022
2026-04-14,SPY,0.01218482
2026-04-14,TLT,0.00530244
2026-04-14,UUP,-0.00219136
2026-04-15,EEM,-0.0006427
2026-04-15,GLD,-0.0104024
2026-04-15,HYG,-0.00049705
2026-04-15,SPY,0.00789104
2026-04-15,TLT,-0.00435721
2026-04-15,UUP,-0.00109805
2026-04-16,EEM,0.00401929
2026-04-16,GLD,-0.00086275
2026-04-16,HYG,-0.00136695
2026-04-16,SPY,0.00245731
2026-04-16,TLT,-0.0063343
2026-04-16,UUP,0.00293147
2026-04-17,EEM,0.01905523
2026-04-17,GLD,0.01329305
2026-04-17,HYG,0.00373379
2026-04-17,SPY,0.01208571
2026-04-17,TLT,0.00915632
2026-04-17,UUP,-0.00036537
2026-04-20,EEM,-0.00722812
2026-04-20,GLD,-0.00861121
2026-04-20,HYG,-0.00086809
2026-04-20,SPY,-0.00199978
2026-04-20,TLT,-0.00022966
2026-04-20,UUP,-0.00146202
2026-04-21,EEM,-0.01471989
2026-04-21,GLD,-0.02832
2026-04-21,HYG,-0.00260615
2026-04-21,SPY,-0.00654688
2026-04-21,TLT,-0.00551424
2026-04-21,UUP,0.00549047
2026-04-22,EEM,0.01815261
2026-04-22,GLD,0.01324581
2026-04-22,HYG,0.00161755
2026-04-22,SPY,0.01012668
2026-04-22,TLT,0.00196381
2026-04-22,UUP,0.00036404
2026-04-23,EEM,-0.01625118
2026-04-23,GLD,-0.00969536
2026-04-23,HYG,-0.00161494
2026-04-23,SPY,-0.00388072
2026-04-23,TLT,-0.00219041
2026-04-23,UUP,0.00181955
2026-04-24,EEM,0.0222935
2026-04-24,GLD,0.00512711
2026-04-24,HYG,0.00136887
2026-04-24,SPY,0.00774933
2026-04-24,TLT,0.00184852
2026-04-24,UUP,-0.00181624
2026-04-27,EEM,-0.00156888
2026-04-27,GLD,-0.0077553
2026-04-27,HYG,0.00037256
2026-04-27,SPY,0.00172277
2026-04-27,TLT,-0.00495901
2026-04-27,UUP,-0.00109166
2026-04-28,EEM,-0.01021367
2026-04-28,GLD,-0.01856291
2026-04-28,HYG,-0.0013662
2026-04-28,SPY,-0.00486598
2026-04-28,TLT,0.00104326
2026-04-28,UUP,0.00291439
2026-04-29,EEM,-0.00476269
2026-04-29,GLD,-0.01066578
2026-04-29,HYG,-0.00335824
2026-04-29,SPY,-0.00015455
2026-04-29,TLT,-0.00775754
2026-04-29,UUP,0.00290592
2026-04-30,EEM,0.02073702
2026-04-30,GLD,0.01497329
2026-04-30,HYG,0.00311984
2026-04-30,SPY,0.00994969
2026-04-30,TLT,-0.00093334
2026-04-30,UUP,-0.00905469
2026-05-01,EEM,0.00218776
2026-05-01,GLD,-0.00113301
2026-05-01,HYG,0.00123817
2026-05-01,SPY,0.00276906
2026-05-01,TLT,0.00357542
2026-05-01,UUP,0.00182746
2026-05-04,EEM,-0.00046782
2026-05-04,GLD,-0.02001513
2026-05-04,HYG,-0.0032475
2026-05-04,SPY,-0.00366338
2026-05-04,TLT,-0.0075927
2026-05-04,UUP,0.0025538
2026-05-05,EEM,0.02028093
2026-05-05,GLD,0.00858431
2026-05-05,HYG,0.00150363
2026-05-05,SPY,0.00802224
2026-05-05,TLT,0.00553205
2026-05-05,UUP,0.00072782
2026-05-06,EEM,0.03195707
2026-05-06,GLD,0.03033926
2026-05-06,HYG,0.00300304
2026-05-06,SPY,0.01389942
2026-05-06,TLT,0.00760861
2026-05-06,UUP,-0.00545453
2026-05-07,EEM,-0.01333533
2026-05-07,GLD,0.00167069
2026-05-07,HYG,-0.00374254
2026-05-07,SPY,-0.00306609
2026-05-07,TLT,-0.00499536
2026-05-07,UUP,0.00219376
2026-05-08,EEM,0.0202734
2026-05-08,GLD,0.00484154
2026-05-08,HYG,0.00350607
2026-05-08,SPY,0.00825605
2026-05-08,TLT,0.00502044
2026-05-08,UUP,-0.0025538
2026-05-11,EEM,-0.00073598
2026-05-11,GLD,0.00202874
2026-05-11,HYG,-0.00199637
2026-05-11,SPY,0.00227756
2026-05-11,TLT,-0.00604091
2026-05-11,UUP,0.00036577
2026-05-12,EEM,-0.03049049
2026-05-12,GLD,-0.00395721
2026-05-12,HYG,-0.00137541
2026-05-12,SPY,-0.0015149
2026-05-12,TLT,-0.00666199
2026-05-12,UUP,0.00365632
2026-05-13,EEM,0.0211182
2026-05-13,GLD,-0.0056129
2026-05-13,HYG,0.000501
2026-05-13,SPY,0.00559485
2026-05-13,TLT,-0.00223553
2026-05-13,UUP,0.00218577
2026-05-14,EEM,0.00252938
2026-05-14,GLD,-0.0076423
2026-05-14,HYG,-0.00075103
2026-05-14,SPY,0.00789425
2026-05-14,TLT,0.00141498
2026-05-14,UUP,0.00399857
2026-05-15,EEM,-0.0342832
2026-05-15,GLD,-0.02322039
2026-05-15,HYG,-0.00488406
2026-05-15,SPY,-0.01202929
2026-05-15,TLT,-0.01483747
2026-05-15,UUP,0.00543083
2026-05-18,EEM,-0.00153676
2026-05-18,GLD,0.00273187
2026-05-18,HYG,0.00100678
2026-05-18,SPY,-0.00070351
2026-05-18,TLT,-0.00119537
2026-05-18,UUP,-0.00252069
2026-05-19,EEM,-0.01092807
2026-05-19,GLD,-0.01656189
2026-05-19,HYG,-0.00238879
2026-05-19,SPY,-0.0066608
2026-05-19,TLT,-0.00646226
2026-05-19,UUP,0.0032491
2026-05-20,EEM,0.01867406
2026-05-20,GLD,0.01433777
2026-05-20,HYG,0.00642719
2026-05-20,SPY,0.01024894
2026-05-20,TLT,0.0107203
2026-05-20,UUP,-0.0021591
2026-05-21,EEM,0.00870764
2026-05-21,GLD,-0.00098228
2026-05-21,HYG,0.00050096
2026-05-21,SPY,0.00198313
2026-05-21,TLT,0.00369438
2026-05-21,UUP,0.0
2026-05-22,EEM,-0.00227179
2026-05-22,GLD,-0.00760206
2026-05-22,HYG,0.00012525
2026-05-22,SPY,0.00393157
2026-05-22,TLT,0.00546196
2026-05-22,UUP,0.00144251
2026-05-26,EEM,0.03825143
2026-05-26,GLD,0.00043495
2026-05-26,HYG,0.00337873
2026-05-26,SPY,0.00663859
2026-05-26,TLT,0.00495981
2026-05-26,UUP,-0.00072022
2026-05-27,EEM,-0.00014621
2026-05-27,GLD,-0.0133092
2026-05-27,HYG,-0.00062378
2026-05-27,SPY,-0.00017318
2026-05-27,TLT,0.0023502
2026-05-27,UUP,0.0
2026-05-28,EEM,0.00321687
2026-05-28,GLD,0.01047761
2026-05-28,HYG,0.00124805
2026-05-28,SPY,0.00551654
2026-05-28,TLT,0.00515814
2026-05-28,UUP,-0.00180177
2026-05-29,EEM,-0.00014576
2026-05-29,GLD,0.01053857
2026-05-29,HYG,0.00099721
2026-05-29,SPY,0.00249141
2026-05-29,TLT,0.00023327
2026-05-29,UUP,-0.00144408
2026-06-01,EEM,0.0215744
2026-06-01,GLD,-0.01404868
2026-06-01,HYG,-0.00076354
2026-06-01,SPY,0.00272314
2026-06-01,TLT,0.00053856
2026-06-01,UUP,0.00361534
2026-06-02,EEM,0.01027399
2026-06-02,GLD,0.00167778
2026-06-02,HYG,0.00075156
2026-06-02,SPY,0.00135792
2026-06-02,TLT,0.00210601
2026-06-02,UUP,0.0
2026-06-03,EEM,-0.01242949
2026-06-03,GLD,-0.00990416
2026-06-03,HYG,-0.00275348
2026-06-03,SPY,-0.00701716
2026-06-03,TLT,-0.00396966
2026-06-03,UUP,0.00360232
2026-06-04,EEM,-0.01172766
2026-06-04,GLD,0.00833597
2026-06-04,HYG,0.00188257
2026-06-04,SPY,0.00377863
2026-06-04,TLT,0.00222713
2026-06-04,UUP,-0.00071789
2026-06-05,EEM,-0.06526773
2026-06-05,GLD,-0.03654533
2026-06-05,HYG,-0.00501066
2026-06-05,SPY,-0.02580937
2026-06-05,TLT,-0.00514622
2026-06-05,UUP,0.00646553
2026-06-08,EEM,0.0179594
2026-06-08,GLD,0.00259943
2026-06-08,HYG,0.00138494
2026-06-08,SPY,0.00226422
2026-06-08,TLT,-0.00517266
2026-06-08,UUP,0.0003569
2026-06-09,EEM,0.00106469
2026-06-09,GLD,-0.01633647
2026-06-09,HYG,0.00100573
2026-06-09,SPY,-0.00293552
2026-06-09,TLT,0.0059087
2026-06-09,UUP,-0.00071354
2026-06-10,EEM,-0.01762379
2026-06-10,GLD,-0.04145558
2026-06-10,HYG,-0.00188409
2026-06-10,SPY,-0.01576551
2026-06-10,TLT,-0.00281965
2026-06-10,UUP,0.00142803
2026-06-11,EEM,0.04392198
2026-06-11,GLD,0.03134183
2026-06-11,HYG,0.00591439
2026-06-11,SPY,0.01699686
2026-06-11,TLT,0.01295961
2026-06-11,UUP,-0.00356501
2026-06-12,EEM,0.00562965
2026-06-12,GLD,0.00056948
2026-06-12,HYG,0.0
2026-06-12,SPY,0.00540821
2026-06-12,TLT,-0.00244248
2026-06-12,UUP,0.0
2026-06-15,EEM,0.03288958
2026-06-15,GLD,0.02589636
2026-06-15,HYG,0.00125087
2026-06-15,SPY,0.01763401
2026-06-15,TLT,-0.00058291
2026-06-15,UUP,0.00071551
2026-06-16,EEM,-0.01591399
2026-06-16,GLD,0.00272353
2026-06-16,HYG,-0.00012488
2026-06-16,SPY,-0.00596158
2026-06-16,TLT,0.00548303
2026-06-16,UUP,-0.00143007
2026-06-17,EEM,-0.00116553
2026-06-17,GLD,-0.02270955
2026-06-17,HYG,-0.00374868
2026-06-17,SPY,-0.01248789
2026-06-17,TLT,0.00162432
2026-06-17,UUP,0.00895095
2026-06-18,EEM,0.0325263
2026-06-18,GLD,-0.00380857
2026-06-18,HYG,0.00351185
2026-06-18,SPY,0.01039698
2026-06-18,TLT,0.00486498
2026-06-18,UUP,0.0042583
2026-06-22,EEM,0.00593302
2026-06-22,GLD,-0.00653544
2026-06-22,HYG,-0.00087479
2026-06-22,SPY,-0.00314693
2026-06-22,TLT,-0.0076081
2026-06-22,UUP,0.00212019
2026-06-23,EEM,-0.05673362
2026-06-23,GLD,-0.01890322
2026-06-23,HYG,-0.00087575
2026-06-23,SPY,-0.01452201
2026-06-23,TLT,0.00127769
2026-06-23,UUP,0.00317349
2026-06-24,EEM,0.00119104
2026-06-24,GLD,-0.03021306
2026-06-24,HYG,-0.00025039
2026-06-24,SPY,-0.0004635
2026-06-24,TLT,0.01368915
2026-06-24,UUP,0.00281195
2026-06-25,EEM,0.01055761
2026-06-25,GLD,0.00967419
2026-06-25,HYG,0.00037563
2026-06-25,SPY,0.00144564
2026-06-25,TLT,-0.00034328
2026-06-25,UUP,-0.00175258
2026-06-26,EEM,-0.01133014
2026-06-26,GLD,0.01128678
2026-06-26,HYG,-0.00062586
2026-06-26,SPY,-0.00723133
2026-06-26,TLT,0.00011453
2026-06-26,UUP,-0.00070226
2026-06-29,EEM,0.00357193
2026-06-29,GLD,-0.01351609
2026-06-29,HYG,0.00225476
2026-06-29,SPY,0.01647481
2026-06-29,TLT,0.00103009
2026-06-29,UUP,-0.00316227
2026-06-30,EEM,0.01453364
2026-06-30,GLD,-0.00054257
2026-06-30,HYG,-0.00050001
2026-06-30,SPY,0.00778682
2026-06-30,TLT,-0.01177816
2026-06-30,UUP,0.00140991
2026-07-01,EEM,-0.02821225
2026-07-01,GLD,0.00602639
2026-07-01,HYG,-0.00013822
2026-07-01,SPY,-0.0013525
2026-07-01,TLT,-0.0067595
2026-07-01,UUP,0.00281591
2026-07-02,EEM,-0.01173295
2026-07-02,GLD,0.0203184
2026-07-02,HYG,0.00150779
2026-07-02,SPY,-0.00131405
2026-07-02,TLT,-0.00011682
2026-07-02,UUP,-0.00526499
2026-07-06,EEM,0.02846275
2026-07-06,GLD,0.01057837
2026-07-06,HYG,0.00200732
2026-07-06,SPY,0.00872739
2026-07-06,TLT,-0.0007018
2026-07-06,UUP,-0.00070573
2026-07-07,EEM,-0.02737899
2026-07-07,GLD,-0.0121425
2026-07-07,HYG,-0.00137716
2026-07-07,SPY,-0.00475189
2026-07-07,TLT,-0.01053225
2026-07-07,UUP,0.00282486
2026-07-08,EEM,0.00776023
2026-07-08,GLD,-0.00805314
2026-07-08,HYG,-0.00125373
2026-07-08,SPY,-0.00308941
2026-07-08,TLT,-0.00224729
2026-07-08,UUP,-0.00140842
2026-07-09,EEM,0.00830432
2026-07-09,GLD,0.00996122
2026-07-09,HYG,0.00112973
2026-07-09,SPY,0.00846526
2026-07-09,TLT,0.00154098
2026-07-09,UUP,0.0
2026-07-10,EEM,0.00179699
2026-07-10,GLD,-0.00309372
2026-07-10,HYG,-0.00050165
2026-07-10,SPY,0.00431012
2026-07-10,TLT,-0.00023667
2026-07-10,UUP,0.00105778
2026-07-13,EEM,-0.03587446
2026-07-13,GLD,-0.02620621
2026-07-13,HYG,-0.00238363
2026-07-13,SPY,-0.00765614
2026-07-13,TLT,-0.00591926
2026-07-13,UUP,0.00387463
2026-07-14,EEM,0.01813951
2026-07-14,GLD,0.0136736
2026-07-14,HYG,0.00201212
2026-07-14,SPY,0.00355064
2026-07-14,TLT,0.00131
2026-07-14,UUP,-0.00385967
2026-07-15,EEM,-0.00152274
2026-07-15,GLD,0.00053745
2026-07-15,HYG,0.00163153
2026-07-15,SPY,0.00396363
2026-07-15,TLT,0.00190293
2026-07-15,UUP,-0.00493129
2026-07-16,EEM,-0.02104617
2026-07-16,GLD,-0.01984696
2026-07-16,HYG,-0.00012525
2026-07-16,SPY,-0.00541862
2026-07-16,TLT,-0.00035615
2026-07-16,UUP,0.00318585
2026-07-17,EEM,-0.0140209
2026-07-17,GLD,0.00945312
2026-07-17,HYG,-0.0018798
2026-07-17,SPY,-0.0098972
2026-07-17,TLT,0.00368126
2026-07-17,UUP,-0.00035287
2026-07-20,EEM,0.00426608
2026-07-20,GLD,-0.00219863
2026-07-20,HYG,0.00037669
2026-07-20,SPY,-0.00161435
2026-07-20,TLT,-0.00745391
2026-07-20,UUP,0.00211788
2026-07-21,EEM,0.02800495
2026-07-21,GLD,0.01961369
2026-07-21,HYG,-0.00037655
2026-07-21,SPY,0.00834133
2026-07-21,TLT,-0.00274159
2026-07-21,UUP,0.00317014
2026-07-22,EEM,-0.00535657
2026-07-22,GLD,0.01149915
2026-07-22,HYG,-0.00163215
2026-07-22,SPY,-0.00116277
2026-07-22,TLT,-0.00262971
2026-07-22,UUP,-0.00105333
2026-07-23,EEM,-0.00600091
2026-07-23,GLD,-0.02004644
2026-07-23,HYG,-0.00364684
2026-07-23,SPY,-0.01234925
2026-07-23,TLT,-0.00323595
2026-07-23,UUP,0.00386639
2026-07-24,EEM,-0.01965939
2026-07-24,GLD,0.00102284
2026-07-24,HYG,0.0
2026-07-24,SPY,0.00101597
2026-07-24,TLT,0.00096188
2026-07-24,UUP,0.0007003
2026-07-27,EEM,0.00457914
2026-07-27,GLD,0.00734071
2026-07-27,HYG,0.00050485
2026-07-27,SPY,0.00021662
2026-07-27,TLT,0.00600609
2026-07-27,UUP,0.00069981
2026-07-28,EEM,-0.01980507
2026-07-28,GLD,-0.01404055
2026-07-28,HYG,0.00189227
2026-07-28,SPY,0.00239477
2026-07-28,TLT,0.00585076
2026-07-28,UUP,-0.00069932
2026-07-29,EEM,-0.02068635
2026-07-29,GLD,0.00462948
2026-07-29,HYG,-0.00226647
2026-07-29,SPY,-0.01538745
2026-07-29,TLT,-0.01650054
2026-07-29,UUP,-0.00559832
2026-07-30,EEM,0.04126413
2026-07-30,GLD,0.01638465
2026-07-30,HYG,0.00290255
2026-07-30,SPY,0.01676574
2026-07-30,TLT,-0.00060347
2026-07-30,UUP,-0.00985224
2026-07-31,EEM,0.00786281
2026-07-31,GLD,-0.01490082
2026-07-31,HYG,0.00012598
2026-07-31,SPY,0.00719987
2026-07-31,TLT,-0.00664257
2026-07-31,UUP,0.00106612
2026-08-03,EEM,0.00358876
2026-08-03,GLD,0.00045751
2026-08-03,HYG,0.00270548
2026-08-03,SPY,0.01424299
2026-08-03,TLT,0.003296
2026-08-03,UUP,0.0
2026-08-04,EEM,0.02611941
2026-08-04,GLD,0.00659119
2026-08-04,HYG,0.00302617
2026-08-04,SPY,0.01802895
2026-08-04,TLT,0.00766515
2026-08-04,UUP,-0.000355
2026-08-05,EEM,-0.00424241
2026-08-05,GLD,0.0413727
2026-08-05,HYG,-0.00037718
2026-08-05,SPY,-0.00199656
2026-08-05,TLT,0.00217333
2026-08-05,UUP,-0.00248578
2026-08-06,EEM,-0.01065132
2026-08-06,GLD,7.699e-05
2026-08-06,HYG,-0.00075455
2026-08-06,SPY,-0.00159781
2026-08-06,TLT,-0.00578313
2026-08-06,UUP,0.00356
2026-08-07,EEM,0.00953557
2026-08-07,GLD,0.02258318
2026-08-07,HYG,0.00188784
2026-08-07,SPY,0.00611533
2026-08-07,TLT,0.00290843
2026-08-07,UUP,-0.00425686
2026-08-10,EEM,-0.00716029
2026-08-10,GLD,0.01021409
2026-08-10,HYG,-0.00163292
2026-08-10,SPY,-0.00029744
2026-08-10,TLT,-0.00845824
2026-08-10,UUP,0.00249375
2026-08-11,EEM,0.0039896
2026-08-11,GLD,-0.00392512
2026-08-11,HYG,0.00037741
2026-08-11,SPY,-0.0031952
2026-08-11,TLT,0.00158428
2026-08-11,UUP,0.0
2026-08-12,EEM,0.015742
2026-08-12,GLD,0.00987635
2026-08-12,HYG,0.0012577
2026-08-12,SPY,0.00250461
2026-08-12,TLT,-0.00097337
2026-08-12,UUP,0.00213225
2026-08-13,EEM,0.00331028
2026-08-13,GLD,-0.01471901
2026-08-13,HYG,0.00226108
2026-08-13,SPY,0.00697752
2026-08-13,TLT,0.00584572
2026-08-13,UUP,-0.00070924
2026-08-14,EEM,-0.00104979
2026-08-14,GLD,0.00631647
2026-08-14,HYG,-0.00100269
2026-08-14,SPY,-0.00197975
2026-08-14,TLT,-0.00665937
2026-08-14,UUP,-0.00248402
2026-08-17,EEM,0.01065905
2026-08-17,GLD,0.00998799
2026-08-17,HYG,-0.00125455
2026-08-17,SPY,-0.00472736
2026-08-17,TLT,-0.00841043
2026-08-17,UUP,-0.00035575
2026-08-18,EEM,-0.02941181
2026-08-18,GLD,-0.0171151
2026-08-18,HYG,-0.00100486
2026-08-18,SPY,-0.00675574
2026-08-18,TLT,0.00381071
2026-08-18,UUP,0.00142345
2026-08-19,EEM,0.01178458
2026-08-19,GLD,0.03836409
2026-08-19,HYG,0.00226325
2026-08-19,SPY,0.00209778
2026-08-19,TLT,0.01665431
2026-08-19,UUP,-0.00923953
2026-08-20,EEM,0.00771445
2026-08-20,GLD,0.00343131
2026-08-20,HYG,-0.00188192
2026-08-20,SPY,-0.00839983
2026-08-20,TLT,-0.00819084
2026-08-20,UUP,0.00107606
2026-08-21,EEM,0.00750525
2026-08-21,GLD,0.01950579
2026-08-21,HYG,0.00062855
2026-08-21,SPY,0.00409123
2026-08-21,TLT,-0.0035219
2026-08-21,UUP,-0.0003583
2026-08-24,EEM,-0.01504771
2026-08-24,GLD,0.00786569
2026-08-24,HYG,0.00113049
2026-08-24,SPY,-0.00293844
2026-08-24,TLT,0.00621568
2026-08-24,UUP,0.00215052
2026-08-25,EEM,0.01724398
2026-08-25,GLD,0.00323421
2026-08-25,HYG,0.00276029
2026-08-25,SPY,0.00319594
2026-08-25,TLT,0.01102233
2026-08-25,UUP,-0.00071526
2026-08-26,EEM,-0.00118962
2026-08-26,GLD,-0.01576845
2026-08-26,HYG,-0.00025019
2026-08-26,SPY,0.00022201
2026-08-26,TLT,-0.00203665
2026-08-26,UUP,0.00286328
2026-08-27,EEM,0.00655058
2026-08-27,GLD,0.00303807
2026-08-27,HYG,-0.00037543
2026-08-27,SPY,0.00655284
2026-08-27,TLT,-0.0020409
2026-08-27,UUP,0.0
2026-08-28,EEM,-0.00695165
2026-08-28,GLD,-0.032442
2026-08-28,HYG,-0.0016277
2026-08-28,SPY,-0.00226949
2026-08-28,TLT,-0.00300734
2026-08-28,UUP,0.0057102
2026-08-31,EEM,-0.00178735
2026-08-31,GLD,-0.00114946
2026-08-31,HYG,0.00087779
2026-08-31,SPY,-0.00298955
2026-08-31,TLT,-0.00434361
2026-08-31,UUP,-0.00212915
2026-09-01,EEM,-0.00373023
2026-09-01,GLD,-0.02857356
2026-09-01,HYG,-0.00346455
2026-09-01,SPY,-0.00687041
2026-09-01,TLT,-0.00407509
2026-09-01,UUP,0.00320051
2026-09-02,EEM,0.00569125
2026-09-02,GLD,0.01519848
2026-09-02,HYG,0.00012643
2026-09-02,SPY,0.00443692
2026-09-02,TLT,0.00097709
2026-09-02,UUP,-0.0014179
2026-09-03,EEM,0.00476545
2026-09-03,GLD,0.01847163
2026-09-03,HYG,0.00126405
2026-09-03,SPY,0.01046842
2026-09-03,TLT,0.00146435
2026-09-03,UUP,-0.0056798
2026-09-04,EEM,0.01823026
2026-09-04,GLD,-0.00841015
2026-09-04,HYG,-0.00063118
2026-09-04,SPY,-0.00385423
2026-09-04,TLT,0.00170582
2026-09-04,UUP,0.0024991
2026-09-08,EEM,0.00189236
2026-09-08,GLD,-0.01733163
2026-09-08,HYG,-0.00050524
2026-09-08,SPY,-0.00549218
2026-09-08,TLT,-0.00012169
2026-09-08,UUP,-0.00320513
2026-09-09,EEM,-0.00508497
2026-09-09,GLD,0.00908137
2026-09-09,HYG,-0.00176948
2026-09-09,SPY,-0.00464772
2026-09-09,TLT,-0.0057176
2026-09-09,UUP,-0.00035728
2026-09-10,EEM,-0.0216122
2026-09-10,GLD,-0.01732991
2026-09-10,HYG,-0.00455812
2026-09-10,SPY,-0.00599428
2026-09-10,TLT,-0.01162374
2026-09-10,UUP,0.00178703
2026-09-11,EEM,0.01253726
2026-09-11,GLD,0.00608034
2026-09-11,HYG,-0.0002544
2026-09-11,SPY,0.0085243
2026-09-11,TLT,0.00111422
2026-09-11,UUP,0.00142701
2026-09-14,EEM,-0.02727003
2026-09-14,GLD,-0.01487071
2026-09-14,HYG,-0.00089064
2026-09-14,SPY,-0.00446165
2026-09-14,TLT,0.00074186
2026-09-14,UUP,0.00356254
2026-09-15,EEM,-0.00348531
2026-09-15,GLD,0.00333468
2026-09-15,HYG,-0.00191013
2026-09-15,SPY,-0.00458675
2026-09-15,TLT,-0.00271838
2026-09-15,UUP,0.00177491
2026-09-16,EEM,-0.00060829
2026-09-16,GLD,-0.00611443
2026-09-16,HYG,0.00051037
2026-09-16,SPY,-0.00440988
2026-09-16,TLT,0.00210623
2026-09-16,UUP,0.00637847
2026-09-17,EEM,0.01810716
2026-09-17,GLD,0.01689895
2026-09-17,HYG,0.00382561
2026-09-17,SPY,0.01133875
2026-09-17,TLT,0.01112763
2026-09-17,UUP,-0.00070424
2026-09-18,EEM,0.00179338
2026-09-18,GLD,0.00705399
2026-09-18,HYG,-0.00241368
2026-09-18,SPY,0.00128696
2026-09-18,TLT,-0.00648076
2026-09-18,UUP,0.00035237
2026-09-21,EEM,0.02685369
2026-09-21,GLD,-0.00695468
2026-09-21,HYG,0.00191013
2026-09-21,SPY,0.01550499
2026-09-21,TLT,0.00676928
2026-09-21,UUP,0.00317014
2026-09-22,EEM,0.00392266
2026-09-22,GLD,0.00424219
2026-09-22,HYG,-0.00012711
2026-09-22,SPY,-0.00015513
2026-09-22,TLT,-0.00061131
2026-09-22,UUP,0.0
2026-09-23,EEM,-0.02011577
2026-09-23,GLD,-0.01797186
2026-09-23,HYG,-0.00724545
2026-09-23,SPY,-0.00720216
2026-09-23,TLT,-0.01577985
2026-09-23,UUP,0.0059691
2026-09-24,EEM,-0.00679367
2026-09-24,GLD,-0.00302892
2026-09-24,HYG,-0.00268884
2026-09-24,SPY,-0.00082052
2026-09-24,TLT,-0.01292567
2026-09-24,UUP,0.00139619
2026-09-25,EEM,0.01085507
2026-09-25,GLD,0.00439123
2026-09-25,HYG,-0.00038518
2026-09-25,SPY,0.00543547
2026-09-25,TLT,-0.00125907
2026-09-25,UUP,-0.00243986
2026-09-28,EEM,-0.01147406
2026-09-28,GLD,-0.0393991
2026-09-28,HYG,-0.00410992
2026-09-28,SPY,-0.00744149
2026-09-28,TLT,-0.00882498
2026-09-28,UUP,0.00279525
2026-09-29,EEM,0.00297626
2026-09-29,GLD,0.01317777
2026-09-29,HYG,-0.00232144
2026-09-29,SPY,-0.00184163
2026-09-29,TLT,-0.00496057
2026-09-29,UUP,0.00174213
2026-09-30,EEM,-0.00905045
2026-09-30,GLD,-0.00535407
2026-09-30,HYG,-0.00193892
2026-09-30,SPY,-0.00205445
2026-09-30,TLT,-0.00575239
2026-09-30,UUP,0.00069567
2026-10-01,EEM,0.0002994
2026-10-01,GLD,0.00504152
2026-10-01,HYG,0.00041627
2026-10-01,SPY,0.00178328
2026-10-01,TLT,0.00312393
2026-10-01,UUP,0.00660405
2026-10-02,EEM,0.01287233
2026-10-02,GLD,-0.00684501
2026-10-02,HYG,0.00013007
2026-10-02,SPY,0.00739542
2026-10-02,TLT,-0.00295967
2026-10-02,UUP,-0.00241712
2026-10-05,EEM,0.01566433
2026-10-05,GLD,-0.00155213
2026-10-05,HYG,0.00091015
2026-10-05,SPY,0.00674342
2026-10-05,TLT,-0.00477546
2026-10-05,UUP,0.00346142
2026-10-06,EEM,-0.00669295
2026-10-06,GLD,0.00716638
2026-10-06,HYG,0.00376712
2026-10-06,SPY,0.00549799
2026-10-06,TLT,0.00220462
2026-10-06,UUP,-0.00310452
2026-10-07,EEM,-0.01318286
2026-10-07,GLD,-0.01671589
2026-10-07,HYG,-0.0011647
2026-10-07,SPY,-0.00240031
2026-10-07,TLT,-0.00168216
2026-10-07,UUP,0.00484434
2026-10-08,EEM,-0.01885118
2026-10-08,GLD,0.00728953
2026-10-08,HYG,-0.00051828
2026-10-08,SPY,-0.00423301
2026-10-08,TLT,0.00933248
2026-10-08,UUP,-0.00206616
